rank,percentile
1,100.00
1,100.00
1,100.00
1,100.00
1,100.00
1,100.00
1,100.00
1,100.00
1,100.00
1,100.00
1,100.00
1,100.00
1,100.00
1,100.00
1,100.00
1,100.00
1,100.00
1,100.00
1,100.00
1,100.00
1,100.00
1,100.00
1,100.00
1,100.00
1,100.00
1,100.00
1,100.00
1,100.00
1,100.00
1,100.00
2,99.98
2,99.98
2,99.98
2,99.98
2,99.98
2,99.98
2,100.00
2,100.00
2,100.00
2,100.00
2,100.00
2,100.00
2,100.00
2,100.00
2,100.00
2,100.00
2,100.00
2,100.00
2,100.00
2,100.00
2,100.00
2,100.00
2,100.00
2,100.00
2,100.00
2,100.00
2,100.00
2,100.00
2,100.00
2,100.00
3,100.00
3,100.00
3,100.00
3,100.00
3,100.00
3,100.00
3,100.00
3,100.00
3,100.00
3,100.00
3,100.00
3,100.00
3,100.00
3,100.00
3,100.00
3,100.00
3,100.00
3,100.00
3,100.00
3,100.00
3,100.00
3,100.00
3,100.00
3,100.00
3,100.00
3,100.00
3,100.00
3,100.00
3,100.00
3,100.00
3,100.00
3,100.00
3,100.00
3,100.00
3,100.00
3,100.00
4,99.99
4,99.99
4,99.99
4,99.99
4,99.99
4,99.99
4,100.00
4,100.00
4,100.00
4,100.00
4,100.00
4,100.00
4,100.00
4,100.00
4,100.00
4,100.00
4,100.00
4,100.00
4,100.00
4,100.00
4,100.00
4,100.00
4,100.00
4,100.00
4,100.00
4,100.00
4,100.00
4,100.00
4,100.00
4,100.00
4,100.00
4,100.00
4,100.00
4,100.00
4,100.00
4,100.00
5,99.99
5,100.00
5,100.00
5,100.00
5,100.00
5,100.00
5,100.00
5,100.00
5,100.00
5,100.00
5,100.00
5,100.00
5,100.00
5,100.00
5,100.00
5,100.00
5,100.00
5,100.00
5,100.00
5,100.00
5,100.00
5,100.00
5,100.00
5,100.00
5,100.00
5,100.00
5,100.00
5,100.00
5,100.00
5,100.00
5,100.00
5,100.00
5,100.00
5,100.00
5,100.00
5,100.00
5,100.00
5,100.00
6,99.99
6,99.99
6,99.99
6,99.99
6,99.99
6,100.00
6,100.00
6,100.00
6,100.00
6,100.00
6,100.00
6,100.00
6,100.00
6,100.00
6,100.00
6,100.00
6,100.00
6,100.00
6,100.00
6,100.00
6,100.00
6,100.00
6,100.00
6,100.00
6,100.00
6,100.00
6,100.00
6,100.00
6,100.00
6,100.00
6,100.00
7,99.99
7,99.99
7,99.99
7,99.99
7,99.99
7,100.00
7,100.00
7,100.00
7,100.00
7,100.00
7,100.00
7,100.00
7,100.00
7,100.00
7,100.00
7,100.00
7,100.00
7,100.00
7,100.00
7,100.00
7,100.00
7,100.00
7,100.00
7,100.00
7,100.00
7,100.00
7,100.00
7,100.00
7,100.00
8,99.98
8,99.98
8,99.99
8,99.99
8,99.99
8,99.99
8,99.99
8,99.99
8,99.99
8,99.99
8,99.99
8,100.00
8,100.00
8,100.00
8,100.00
8,100.00
8,100.00
8,100.00
8,100.00
9,100.00
9,100.00
9,100.00
9,100.00
9,100.00
9,100.00
9,100.00
9,100.00
9,100.00
9,100.00
9,100.00
9,100.00
9,100.00
9,100.00
9,100.00
9,100.00
9,100.00
9,100.00
9,100.00
9,100.00
9,100.00
9,100.00
9,100.00
9,100.00
9,100.00
9,100.00
10,100.00
10,100.00
10,100.00
10,100.00
10,100.00
10,100.00
10,100.00
10,100.00
10,100.00
10,100.00
10,100.00
10,100.00
10,100.00
10,100.00
10,100.00
10,100.00
10,100.00
10,100.00
10,100.00
11,100.00
11,100.00
11,100.00
11,100.00
11,100.00
11,100.00
11,100.00
11,100.00
11,100.00
11,100.00
11,100.00
11,100.00
11,100.00
11,100.00
12,100.00
12,100.00
12,100.00
12,100.00
12,100.00
12,100.00
12,100.00
12,100.00
12,100.00
12,100.00
12,100.00
12,100.00
12,100.00
12,100.00
12,100.00
12,100.00
12,100.00
12,100.00
12,100.00
13,100.00
13,100.00
13,100.00
13,100.00
13,100.00
13,100.00
14,100.00
14,100.00
14,100.00
14,100.00
14,100.00
14,100.00
14,100.00
14,100.00
14,100.00
14,100.00
14,100.00
14,100.00
14,100.00
14,100.00
14,100.00
14,100.00
14,100.00
14,100.00
14,100.00
14,100.00
14,100.00
14,100.00
15,99.99
15,99.99
15,99.99
15,99.99
15,99.99
15,99.99
15,100.00
15,100.00
15,100.00
15,100.00
15,100.00
15,100.00
15,100.00
15,100.00
15,100.00
15,100.00
15,100.00
15,100.00
15,100.00
15,100.00
15,100.00
15,100.00
15,100.00
15,100.00
15,100.00
16,100.00
16,100.00
16,100.00
16,100.00
16,100.00
16,100.00
16,100.00
16,100.00
16,100.00
16,100.00
16,100.00
16,100.00
17,99.99
17,99.99
17,99.99
17,99.99
17,99.99
17,99.99
17,100.00
17,100.00
17,100.00
17,100.00
17,100.00
17,100.00
17,100.00
17,100.00
17,100.00
17,100.00
17,100.00
17,100.00
17,100.00
17,100.00
17,100.00
17,100.00
17,100.00
17,100.00
17,100.00
18,100.00
18,100.00
18,100.00
18,100.00
18,100.00
18,100.00
18,100.00
18,100.00
18,100.00
18,100.00
18,100.00
18,100.00
18,100.00
18,100.00
18,100.00
18,100.00
18,100.00
18,100.00
18,100.00
18,100.00
18,100.00
18,100.00
18,100.00
18,100.00
18,100.00
18,100.00
18,100.00
18,100.00
18,100.00
18,100.00
18,100.00
19,99.99
19,99.99
19,99.99
19,99.99
19,99.99
19,99.99
19,100.00
19,100.00
19,100.00
19,100.00
19,100.00
19,100.00
19,100.00
19,100.00
19,100.00
19,100.00
19,100.00
19,100.00
20,99.98
20,99.98
20,99.98
20,99.98
20,99.98
20,99.99
20,100.00
20,100.00
20,100.00
20,100.00
20,100.00
20,100.00
20,100.00
20,100.00
20,100.00
20,100.00
20,100.00
20,100.00
20,100.00
20,100.00
20,100.00
20,100.00
20,100.00
20,100.00
21,99.99
21,99.99
21,99.99
21,99.99
21,99.99
21,99.99
21,100.00
21,100.00
21,100.00
21,100.00
21,100.00
21,100.00
21,100.00
21,100.00
21,100.00
21,100.00
21,100.00
21,100.00
21,100.00
21,100.00
21,100.00
21,100.00
21,100.00
21,100.00
22,100.00
22,100.00
22,100.00
22,100.00
22,100.00
22,100.00
22,100.00
22,100.00
22,100.00
22,100.00
22,100.00
22,100.00
22,100.00
22,100.00
22,100.00
22,100.00
22,100.00
22,100.00
22,100.00
22,100.00
22,100.00
22,100.00
22,100.00
22,100.00
23,99.98
23,99.98
23,99.98
23,99.98
23,99.98
23,99.98
23,100.00
23,100.00
23,100.00
23,100.00
23,100.00
23,100.00
23,100.00
23,100.00
23,100.00
23,100.00
23,100.00
23,100.00
23,100.00
23,100.00
23,100.00
23,100.00
23,100.00
23,100.00
24,99.96
24,99.96
24,99.96
24,99.96
24,99.96
24,99.96
24,99.98
24,99.98
24,99.98
24,99.98
24,99.98
24,99.98
24,99.99
24,99.99
24,99.99
24,99.99
24,99.99
24,99.99
24,99.99
24,100.00
24,100.00
24,100.00
24,100.00
24,100.00
24,100.00
24,100.00
24,100.00
24,100.00
24,100.00
24,100.00
24,100.00
24,100.00
24,100.00
24,100.00
24,100.00
24,100.00
24,100.00
24,100.00
24,100.00
24,100.00
24,100.00
24,100.00
24,100.00
24,100.00
24,100.00
24,100.00
24,100.00
24,100.00
24,100.00
25,99.98
25,99.98
25,99.98
25,99.99
25,99.99
25,99.99
25,99.99
25,99.99
25,99.99
25,99.99
25,100.00
25,100.00
25,100.00
25,100.00
25,100.00
25,100.00
25,100.00
25,100.00
25,100.00
25,100.00
25,100.00
25,100.00
25,100.00
25,100.00
25,100.00
25,100.00
25,100.00
25,100.00
25,100.00
25,100.00
25,100.00
25,100.00
25,100.00
25,100.00
25,100.00
25,100.00
25,100.00
25,100.00
25,100.00
25,100.00
25,100.00
26,99.99
26,99.99
26,99.99
26,99.99
26,99.99
26,99.99
26,99.99
26,99.99
26,99.99
26,99.99
26,99.99
26,99.99
26,100.00
26,100.00
26,100.00
26,100.00
26,100.00
26,100.00
26,100.00
26,100.00
27,99.99
27,99.99
27,99.99
27,99.99
27,99.99
27,100.00
27,100.00
27,100.00
27,100.00
27,100.00
27,100.00
27,100.00
27,100.00
27,100.00
27,100.00
27,100.00
27,100.00
27,100.00
27,100.00
27,100.00
27,100.00
27,100.00
27,100.00
27,100.00
27,100.00
28,99.99
28,100.00
28,100.00
28,100.00
28,100.00
28,100.00
28,100.00
28,100.00
28,100.00
28,100.00
28,100.00
28,100.00
28,100.00
28,100.00
28,100.00
28,100.00
28,100.00
28,100.00
28,100.00
28,100.00
28,100.00
29,99.97
29,99.97
29,99.98
29,99.98
29,99.98
29,99.98
29,100.00
29,100.00
29,100.00
29,100.00
29,100.00
29,100.00
29,100.00
29,100.00
29,100.00
29,100.00
29,100.00
29,100.00
29,100.00
29,100.00
29,100.00
29,100.00
29,100.00
29,100.00
29,100.00
30,99.95
30,99.99
30,99.99
30,99.99
30,99.99
30,99.99
30,99.99
30,100.00
30,100.00
30,100.00
30,100.00
30,100.00
30,100.00
30,100.00
30,100.00
30,100.00
30,100.00
30,100.00
30,100.00
31,99.99
31,99.99
31,99.99
31,99.99
31,99.99
31,99.99
31,100.00
31,100.00
31,100.00
31,100.00
31,100.00
31,100.00
31,100.00
31,100.00
31,100.00
32,100.00
32,100.00
32,100.00
32,100.00
32,100.00
32,100.00
32,100.00
32,100.00
32,100.00
32,100.00
32,100.00
32,100.00
32,100.00
32,100.00
32,100.00
32,100.00
32,100.00
32,100.00
32,100.00
32,100.00
32,100.00
32,100.00
32,100.00
32,100.00
33,99.99
33,100.00
33,100.00
33,100.00
33,100.00
33,100.00
33,100.00
33,100.00
33,100.00
33,100.00
33,100.00
33,100.00
33,100.00
33,100.00
33,100.00
33,100.00
33,100.00
33,100.00
33,100.00
33,100.00
33,100.00
33,100.00
33,100.00
33,100.00
33,100.00
33,100.00
33,100.00
33,100.00
33,100.00
33,100.00
33,100.00
34,100.00
34,100.00
34,100.00
34,100.00
34,100.00
34,100.00
34,100.00
34,100.00
34,100.00
34,100.00
34,100.00
34,100.00
34,100.00
34,100.00
35,100.00
35,100.00
35,100.00
35,100.00
35,100.00
35,100.00
35,100.00
35,100.00
35,100.00
35,100.00
35,100.00
35,100.00
35,100.00
35,100.00
35,100.00
35,100.00
35,100.00
35,100.00
35,100.00
35,100.00
35,100.00
35,100.00
35,100.00
35,100.00
35,100.00
35,100.00
35,100.00
35,100.00
35,100.00
35,100.00
35,100.00
35,100.00
35,100.00
35,100.00
35,100.00
35,100.00
35,100.00
35,100.00
36,99.98
36,99.98
36,99.98
36,99.98
36,99.98
36,99.99
36,100.00
36,100.00
36,100.00
36,100.00
36,100.00
36,100.00
36,100.00
36,100.00
36,100.00
36,100.00
36,100.00
36,100.00
37,99.96
37,99.96
37,99.96
37,99.96
37,99.96
37,99.96
37,100.00
37,100.00
37,100.00
37,100.00
37,100.00
37,100.00
37,100.00
37,100.00
37,100.00
37,100.00
37,100.00
37,100.00
37,100.00
37,100.00
37,100.00
37,100.00
37,100.00
37,100.00
37,100.00
37,100.00
38,99.99
38,99.99
38,100.00
38,100.00
38,100.00
38,100.00
38,100.00
38,100.00
38,100.00
38,100.00
38,100.00
38,100.00
38,100.00
38,100.00
38,100.00
38,100.00
38,100.00
38,100.00
38,100.00
38,100.00
38,100.00
38,100.00
38,100.00
38,100.00
38,100.00
38,100.00
38,100.00
38,100.00
38,100.00
38,100.00
38,100.00
38,100.00
38,100.00
39,99.99
39,100.00
39,100.00
39,100.00
39,100.00
39,100.00
39,100.00
39,100.00
39,100.00
39,100.00
39,100.00
39,100.00
39,100.00
39,100.00
39,100.00
39,100.00
39,100.00
39,100.00
39,100.00
39,100.00
39,100.00
39,100.00
39,100.00
39,100.00
39,100.00
40,99.99
40,99.99
40,99.99
40,99.99
40,99.99
40,99.99
40,100.00
40,100.00
40,100.00
40,100.00
40,100.00
40,100.00
40,100.00
40,100.00
40,100.00
40,100.00
40,100.00
40,100.00
40,100.00
40,100.00
40,100.00
40,100.00
40,100.00
40,100.00
40,100.00
40,100.00
40,100.00
40,100.00
40,100.00
40,100.00
40,100.00
41,99.99
41,100.00
41,100.00
41,100.00
41,100.00
41,100.00
41,100.00
41,100.00
41,100.00
41,100.00
41,100.00
41,100.00
41,100.00
41,100.00
41,100.00
41,100.00
41,100.00
41,100.00
41,100.00
41,100.00
41,100.00
41,100.00
41,100.00
41,100.00
41,100.00
42,99.98
42,99.98
42,99.98
42,99.98
42,99.98
42,100.00
42,100.00
42,100.00
42,100.00
42,100.00
42,100.00
42,100.00
42,100.00
42,100.00
42,100.00
42,100.00
42,100.00
42,100.00
42,100.00
42,100.00
42,100.00
43,99.99
43,99.99
43,99.99
43,99.99
43,99.99
43,99.99
43,99.99
43,100.00
43,100.00
43,100.00
43,100.00
43,100.00
43,100.00
43,100.00
43,100.00
43,100.00
43,100.00
43,100.00
43,100.00
43,100.00
44,100.00
44,100.00
44,100.00
44,100.00
44,100.00
44,100.00
44,100.00
44,100.00
44,100.00
44,100.00
44,100.00
44,100.00
44,100.00
44,100.00
44,100.00
44,100.00
44,100.00
44,100.00
44,100.00
44,100.00
44,100.00
44,100.00
44,100.00
44,100.00
44,100.00
44,100.00
44,100.00
44,100.00
45,99.99
45,99.99
45,99.99
45,99.99
45,99.99
45,99.99
45,99.99
45,100.00
45,100.00
45,100.00
45,100.00
45,100.00
45,100.00
45,100.00
45,100.00
45,100.00
45,100.00
45,100.00
45,100.00
45,100.00
45,100.00
45,100.00
45,100.00
45,100.00
45,100.00
45,100.00
45,100.00
45,100.00
45,100.00
45,100.00
45,100.00
45,100.00
45,100.00
45,100.00
45,100.00
45,100.00
45,100.00
46,99.99
46,99.99
46,99.99
46,99.99
46,99.99
46,99.99
46,100.00
46,100.00
46,100.00
46,100.00
46,100.00
46,100.00
46,100.00
46,100.00
46,100.00
46,100.00
46,100.00
46,100.00
46,100.00
46,100.00
46,100.00
46,100.00
47,99.99
47,99.99
47,99.99
47,99.99
47,99.99
47,99.99
47,100.00
47,100.00
47,100.00
47,100.00
47,100.00
47,100.00
47,100.00
47,100.00
47,100.00
47,100.00
47,100.00
47,100.00
47,100.00
47,100.00
47,100.00
47,100.00
47,100.00
47,100.00
47,100.00
47,100.00
47,100.00
47,100.00
47,100.00
47,100.00
47,100.00
47,100.00
47,100.00
47,100.00
47,100.00
47,100.00
48,99.99
48,99.99
48,99.99
48,99.99
48,99.99
48,99.99
48,100.00
48,100.00
48,100.00
48,100.00
48,100.00
48,100.00
48,100.00
48,100.00
48,100.00
48,100.00
48,100.00
48,100.00
49,99.99
49,99.99
49,99.99
49,99.99
49,99.99
49,99.99
49,99.99
49,99.99
49,99.99
49,99.99
49,99.99
49,99.99
49,100.00
49,100.00
49,100.00
49,100.00
49,100.00
49,100.00
49,100.00
49,100.00
49,100.00
49,100.00
49,100.00
49,100.00
49,100.00
49,100.00
49,100.00
49,100.00
49,100.00
50,99.99
50,99.99
50,99.99
50,99.99
50,99.99
50,99.99
50,99.99
50,99.99
50,99.99
50,99.99
50,99.99
50,99.99
50,99.99
50,99.99
50,99.99
50,99.99
50,99.99
51,99.99
51,99.99
51,99.99
51,99.99
51,99.99
51,99.99
51,100.00
51,100.00
51,100.00
51,100.00
51,100.00
51,100.00
51,100.00
51,100.00
51,100.00
52,99.98
52,99.98
52,99.98
52,99.98
52,99.98
52,99.98
52,99.99
52,99.99
52,99.99
52,99.99
52,99.99
52,99.99
52,99.99
52,99.99
52,99.99
52,99.99
52,100.00
52,100.00
52,100.00
52,100.00
52,100.00
52,100.00
52,100.00
52,100.00
52,100.00
52,100.00
52,100.00
52,100.00
52,100.00
52,100.00
52,100.00
52,100.00
52,100.00
52,100.00
52,100.00
53,99.99
53,99.99
53,99.99
53,99.99
53,99.99
53,99.99
53,99.99
53,99.99
53,99.99
53,99.99
53,99.99
53,99.99
53,99.99
53,99.99
53,99.99
53,99.99
53,99.99
53,100.00
53,100.00
53,100.00
53,100.00
53,100.00
53,100.00
53,100.00
53,100.00
53,100.00
53,100.00
53,100.00
53,100.00
53,100.00
53,100.00
53,100.00
53,100.00
53,100.00
53,100.00
53,100.00
53,100.00
53,100.00
53,100.00
53,100.00
53,100.00
54,100.00
54,100.00
54,100.00
54,100.00
54,100.00
54,100.00
54,100.00
54,100.00
54,100.00
54,100.00
54,100.00
54,100.00
54,100.00
54,100.00
54,100.00
54,100.00
54,100.00
54,100.00
54,100.00
54,100.00
54,100.00
54,100.00
54,100.00
54,100.00
54,100.00
54,100.00
54,100.00
55,99.98
55,99.98
55,99.98
55,99.98
55,99.98
55,99.99
55,99.99
55,99.99
55,99.99
55,99.99
55,99.99
55,99.99
55,100.00
55,100.00
55,100.00
55,100.00
55,100.00
55,100.00
55,100.00
55,100.00
55,100.00
55,100.00
55,100.00
55,100.00
55,100.00
55,100.00
55,100.00
55,100.00
55,100.00
55,100.00
55,100.00
55,100.00
56,99.98
56,99.98
56,99.98
56,99.98
56,99.98
56,99.98
56,100.00
56,100.00
56,100.00
56,100.00
56,100.00
56,100.00
56,100.00
56,100.00
56,100.00
56,100.00
56,100.00
56,100.00
56,100.00
56,100.00
56,100.00
56,100.00
56,100.00
56,100.00
57,99.99
57,99.99
57,99.99
57,99.99
57,99.99
57,99.99
57,100.00
57,100.00
57,100.00
57,100.00
57,100.00
57,100.00
57,100.00
57,100.00
57,100.00
57,100.00
57,100.00
57,100.00
58,99.99
58,99.99
58,99.99
58,99.99
58,99.99
58,99.99
58,100.00
58,100.00
58,100.00
58,100.00
58,100.00
58,100.00
58,100.00
58,100.00
58,100.00
58,100.00
58,100.00
59,99.99
59,99.99
59,99.99
59,99.99
59,99.99
59,99.99
59,99.99
59,99.99
59,99.99
59,99.99
59,99.99
59,99.99
59,100.00
59,100.00
59,100.00
59,100.00
59,100.00
59,100.00
59,100.00
59,100.00
59,100.00
59,100.00
59,100.00
59,100.00
60,99.98
60,99.98
60,99.98
60,99.98
60,99.98
60,99.99
60,99.99
60,100.00
60,100.00
60,100.00
60,100.00
60,100.00
60,100.00
60,100.00
60,100.00
60,100.00
60,100.00
60,100.00
60,100.00
61,99.98
61,99.98
61,99.98
61,99.99
61,99.99
61,99.99
61,99.99
61,99.99
61,99.99
61,99.99
61,99.99
61,99.99
61,99.99
61,99.99
61,99.99
61,99.99
62,99.98
62,99.98
62,99.98
62,99.98
62,99.98
62,99.99
62,100.00
62,100.00
62,100.00
62,100.00
62,100.00
62,100.00
62,100.00
62,100.00
62,100.00
62,100.00
62,100.00
62,100.00
62,100.00
63,99.99
63,99.99
63,99.99
63,99.99
63,99.99
63,99.99
63,99.99
63,99.99
63,99.99
63,99.99
63,99.99
63,99.99
63,100.00
63,100.00
63,100.00
63,100.00
63,100.00
63,100.00
64,99.97
64,99.97
64,99.97
64,99.97
64,99.98
64,100.00
64,100.00
64,100.00
64,100.00
64,100.00
64,100.00
64,100.00
64,100.00
64,100.00
64,100.00
64,100.00
64,100.00
64,100.00
64,100.00
64,100.00
64,100.00
64,100.00
64,100.00
64,100.00
65,100.00
65,100.00
65,100.00
65,100.00
65,100.00
66,99.99
66,99.99
66,99.99
66,99.99
66,99.99
66,99.99
66,100.00
66,100.00
66,100.00
66,100.00
66,100.00
66,100.00
66,100.00
66,100.00
66,100.00
66,100.00
66,100.00
66,100.00
66,100.00
66,100.00
66,100.00
66,100.00
66,100.00
66,100.00
66,100.00
67,99.99
67,99.99
67,99.99
67,99.99
67,99.99
67,99.99
67,99.99
67,99.99
67,99.99
67,99.99
67,99.99
67,99.99
67,99.99
67,99.99
67,99.99
67,99.99
67,99.99
67,99.99
67,99.99
67,99.99
67,99.99
67,99.99
67,99.99
67,99.99
67,99.99
67,99.99
67,99.99
67,99.99
67,99.99
67,99.99
67,99.99
67,99.99
67,99.99
67,99.99
67,99.99
67,99.99
67,99.99
68,99.99
68,99.99
68,99.99
68,99.99
68,99.99
68,99.99
68,99.99
69,99.99
69,99.99
69,99.99
69,99.99
69,99.99
70,99.97
70,99.97
70,99.97
70,99.97
70,99.97
70,99.97
70,99.99
70,99.99
70,99.99
70,99.99
70,99.99
70,99.99
70,99.99
70,99.99
70,99.99
70,99.99
70,99.99
70,99.99
70,99.99
70,99.99
70,99.99
70,99.99
70,99.99
70,99.99
71,99.99
71,99.99
71,99.99
71,99.99
71,99.99
71,99.99
71,99.99
71,99.99
71,99.99
71,99.99
71,99.99
71,99.99
71,99.99
72,99.99
72,99.99
72,99.99
72,99.99
72,99.99
72,99.99
72,99.99
72,99.99
72,99.99
72,99.99
72,99.99
72,99.99
73,99.99
73,99.99
73,99.99
73,99.99
73,99.99
73,99.99
73,99.99
73,99.99
73,99.99
73,99.99
73,99.99
73,99.99
73,99.99
73,99.99
73,99.99
73,99.99
73,99.99
73,99.99
73,99.99
73,99.99
73,99.99
73,99.99
73,99.99
73,99.99
74,99.91
74,99.97
74,99.97
74,99.97
74,99.97
74,99.97
74,99.97
74,99.99
74,99.99
74,99.99
74,99.99
74,99.99
74,99.99
74,99.99
74,99.99
74,99.99
75,99.99
75,99.99
75,99.99
75,99.99
75,99.99
75,99.99
75,99.99
75,99.99
75,99.99
75,99.99
75,99.99
75,99.99
75,99.99
75,99.99
75,99.99
75,99.99
75,99.99
75,99.99
75,99.99
75,99.99
75,99.99
76,99.99
76,99.99
76,99.99
76,99.99
76,99.99
76,99.99
77,99.99
77,99.99
77,99.99
77,99.99
77,99.99
77,99.99
77,99.99
77,99.99
77,99.99
77,99.99
77,99.99
77,99.99
77,99.99
77,99.99
77,99.99
77,99.99
77,99.99
77,99.99
77,99.99
77,99.99
77,99.99
78,99.99
78,99.99
78,99.99
78,99.99
78,99.99
78,99.99
78,99.99
79,99.97
79,99.97
79,99.97
79,99.97
79,99.97
79,99.97
79,99.99
79,99.99
79,99.99
79,99.99
79,99.99
79,99.99
79,99.99
79,99.99
79,99.99
79,99.99
79,99.99
79,99.99
79,99.99
79,99.99
79,99.99
79,99.99
79,99.99
79,99.99
79,99.99
79,99.99
79,99.99
79,99.99
79,99.99
80,99.99
80,99.99
80,99.99
80,99.99
80,99.99
80,99.99
80,99.99
80,99.99
80,99.99
80,99.99
80,99.99
80,99.99
80,99.99
80,99.99
80,99.99
80,99.99
80,99.99
80,99.99
80,99.99
80,99.99
80,99.99
80,99.99
80,99.99
80,99.99
80,99.99
81,99.99
81,99.99
81,99.99
81,99.99
81,99.99
81,99.99
81,99.99
81,99.99
81,99.99
81,99.99
81,99.99
81,99.99
81,99.99
81,99.99
81,99.99
81,99.99
81,99.99
81,99.99
81,99.99
81,99.99
81,99.99
81,99.99
81,99.99
81,99.99
81,99.99
81,99.99
81,99.99
81,99.99
81,99.99
81,99.99
82,99.99
82,99.99
82,99.99
82,99.99
82,99.99
82,99.99
82,99.99
82,99.99
82,99.99
82,99.99
82,99.99
82,99.99
82,99.99
82,99.99
82,99.99
82,99.99
82,99.99
82,99.99
82,99.99
82,99.99
82,99.99
82,99.99
82,99.99
82,99.99
82,99.99
82,99.99
82,99.99
82,99.99
82,99.99
83,99.99
83,99.99
83,99.99
83,99.99
83,99.99
83,99.99
83,99.99
83,99.99
83,99.99
83,99.99
83,99.99
83,99.99
83,99.99
83,99.99
83,99.99
83,99.99
83,99.99
83,99.99
83,99.99
83,99.99
83,99.99
83,99.99
83,99.99
83,99.99
84,99.96
84,99.99
84,99.99
84,99.99
84,99.99
84,99.99
84,99.99
84,99.99
84,99.99
84,99.99
84,99.99
84,99.99
84,99.99
84,99.99
84,99.99
84,99.99
84,99.99
84,99.99
84,99.99
84,99.99
84,99.99
84,99.99
84,99.99
84,99.99
84,99.99
84,99.99
84,99.99
84,99.99
84,99.99
84,99.99
84,99.99
84,99.99
84,99.99
84,99.99
84,99.99
84,99.99
85,99.98
85,99.98
85,99.98
85,99.98
85,99.98
85,99.99
85,99.99
85,99.99
85,99.99
85,99.99
85,99.99
85,99.99
85,99.99
85,99.99
85,99.99
85,99.99
85,99.99
85,99.99
85,99.99
85,99.99
85,99.99
85,99.99
85,99.99
85,99.99
85,99.99
86,99.99
86,99.99
86,99.99
86,99.99
86,99.99
86,99.99
86,99.99
86,99.99
86,99.99
86,99.99
86,99.99
86,99.99
86,99.99
86,99.99
86,99.99
86,99.99
86,99.99
86,99.99
86,99.99
86,99.99
86,99.99
86,99.99
86,99.99
87,99.99
87,99.99
87,99.99
87,99.99
87,99.99
87,99.99
87,99.99
87,99.99
87,99.99
87,99.99
87,99.99
87,99.99
87,99.99
87,99.99
87,99.99
87,99.99
87,99.99
87,99.99
87,99.99
87,99.99
87,99.99
87,99.99
87,99.99
87,99.99
88,99.99
88,99.99
88,99.99
88,99.99
88,99.99
88,99.99
88,99.99
88,99.99
88,99.99
88,99.99
88,99.99
88,99.99
88,99.99
88,99.99
88,99.99
88,99.99
88,99.99
88,99.99
88,99.99
88,99.99
88,99.99
88,99.99
88,99.99
88,99.99
88,99.99
88,99.99
88,99.99
88,99.99
89,99.99
89,99.99
89,99.99
89,99.99
89,99.99
89,99.99
89,99.99
89,99.99
89,99.99
89,99.99
89,99.99
89,99.99
89,99.99
89,99.99
89,99.99
89,99.99
89,99.99
89,99.99
89,99.99
89,99.99
89,99.99
89,99.99
89,99.99
90,99.99
90,99.99
90,99.99
90,99.99
90,99.99
90,99.99
90,99.99
90,99.99
90,99.99
90,99.99
90,99.99
90,99.99
90,99.99
90,99.99
90,99.99
90,99.99
90,99.99
90,99.99
90,99.99
90,99.99
90,99.99
90,99.99
90,99.99
90,99.99
90,99.99
90,99.99
90,99.99
90,99.99
90,99.99
90,99.99
90,99.99
90,99.99
91,99.98
91,99.98
91,99.98
91,99.98
91,99.98
91,99.98
91,99.98
91,99.98
91,99.99
91,99.99
91,99.99
91,99.99
91,99.99
91,99.99
91,99.99
91,99.99
91,99.99
92,99.99
92,99.99
92,99.99
92,99.99
92,99.99
92,99.99
93,99.98
93,99.98
93,99.98
93,99.98
93,99.98
93,99.98
93,99.99
93,99.99
93,99.99
93,99.99
93,99.99
93,99.99
93,99.99
93,99.99
93,99.99
93,99.99
93,99.99
93,99.99
93,99.99
93,99.99
93,99.99
93,99.99
93,99.99
93,99.99
93,99.99
94,99.98
94,99.98
94,99.98
94,99.98
94,99.98
94,99.98
94,99.99
94,99.99
94,99.99
94,99.99
94,99.99
94,99.99
94,99.99
94,99.99
94,99.99
94,99.99
94,99.99
94,99.99
94,99.99
95,99.99
95,99.99
95,99.99
95,99.99
95,99.99
95,99.99
95,99.99
95,99.99
95,99.99
95,99.99
95,99.99
95,99.99
96,99.98
96,99.98
96,99.98
96,99.98
96,99.98
96,99.98
96,99.99
96,99.99
96,99.99
96,99.99
96,99.99
96,99.99
96,99.99
96,99.99
96,99.99
96,99.99
96,99.99
96,99.99
96,99.99
97,99.99
97,99.99
97,99.99
97,99.99
97,99.99
97,99.99
97,99.99
97,99.99
97,99.99
97,99.99
97,99.99
97,99.99
97,99.99
97,99.99
97,99.99
97,99.99
97,99.99
97,99.99
97,99.99
97,99.99
97,99.99
97,99.99
97,99.99
97,99.99
97,99.99
98,99.98
98,99.99
98,99.99
98,99.99
98,99.99
98,99.99
98,99.99
98,99.99
98,99.99
98,99.99
98,99.99
98,99.99
98,99.99
98,99.99
98,99.99
98,99.99
98,99.99
98,99.99
98,99.99
98,99.99
98,99.99
98,99.99
98,99.99
98,99.99
98,99.99
98,99.99
98,99.99
98,99.99
98,99.99
98,99.99
98,99.99
98,99.99
98,99.99
98,99.99
98,99.99
98,99.99
98,99.99
98,99.99
98,99.99
98,99.99
98,99.99
98,99.99
98,99.99
98,99.99
98,99.99
98,99.99
98,99.99
98,99.99
98,99.99
98,99.99
98,99.99
99,99.97
99,99.97
99,99.97
99,99.97
99,99.97
99,99.97
99,99.99
99,99.99
99,99.99
99,99.99
99,99.99
99,99.99
99,99.99
99,99.99
99,99.99
99,99.99
99,99.99
99,99.99
100,99.97
100,99.97
100,99.97
100,99.97
100,99.97
100,99.97
100,99.99
100,99.99
100,99.99
100,99.99
100,99.99
100,99.99
100,99.99
100,99.99
100,99.99
100,99.99
100,99.99
100,99.99
100,99.99
101,99.99
101,99.99
101,99.99
101,99.99
101,99.99
101,99.99
101,99.99
101,99.99
101,99.99
101,99.99
101,99.99
101,99.99
101,99.99
101,99.99
101,99.99
101,99.99
101,99.99
101,99.99
101,99.99
101,99.99
101,99.99
101,99.99
101,99.99
101,99.99
101,99.99
101,99.99
101,99.99
101,99.99
102,99.98
102,99.98
102,99.98
102,99.98
102,99.98
102,99.98
102,99.98
102,99.99
102,99.99
102,99.99
102,99.99
102,99.99
102,99.99
102,99.99
102,99.99
102,99.99
102,99.99
102,99.99
102,99.99
102,99.99
102,99.99
102,99.99
102,99.99
102,99.99
103,99.99
103,99.99
103,99.99
103,99.99
103,99.99
103,99.99
103,99.99
103,99.99
103,99.99
103,99.99
103,99.99
103,99.99
103,99.99
103,99.99
103,99.99
103,99.99
103,99.99
104,99.98
104,99.98
104,99.98
104,99.98
104,99.98
104,99.98
104,99.99
104,99.99
104,99.99
104,99.99
104,99.99
104,99.99
104,99.99
104,99.99
104,99.99
104,99.99
104,99.99
104,99.99
104,99.99
104,99.99
104,99.99
104,99.99
104,99.99
104,99.99
104,99.99
104,99.99
104,99.99
104,99.99
104,99.99
104,99.99
104,99.99
104,99.99
104,99.99
104,99.99
104,99.99
104,99.99
104,99.99
104,99.99
104,99.99
104,99.99
105,99.97
105,99.97
105,99.97
105,99.97
105,99.97
105,99.97
105,99.99
105,99.99
105,99.99
105,99.99
105,99.99
105,99.99
105,99.99
105,99.99
105,99.99
105,99.99
105,99.99
105,99.99
105,99.99
105,99.99
105,99.99
105,99.99
105,99.99
105,99.99
106,99.97
106,99.97
106,99.97
106,99.97
106,99.97
106,99.97
106,99.98
106,99.98
106,99.98
106,99.98
106,99.98
106,99.98
106,99.99
106,99.99
106,99.99
106,99.99
106,99.99
106,99.99
106,99.99
106,99.99
106,99.99
106,99.99
106,99.99
107,99.99
108,99.98
108,99.98
108,99.98
108,99.98
108,99.98
108,99.99
108,99.99
108,99.99
108,99.99
108,99.99
108,99.99
108,99.99
108,99.99
108,99.99
108,99.99
108,99.99
108,99.99
108,99.99
108,99.99
108,99.99
108,99.99
108,99.99
108,99.99
108,99.99
108,99.99
108,99.99
108,99.99
108,99.99
108,99.99
109,99.99
109,99.99
109,99.99
109,99.99
109,99.99
109,99.99
109,99.99
109,99.99
109,99.99
109,99.99
109,99.99
109,99.99
109,99.99
110,99.98
110,99.98
110,99.98
110,99.98
110,99.98
110,99.98
110,99.99
110,99.99
110,99.99
110,99.99
110,99.99
110,99.99
110,99.99
110,99.99
110,99.99
110,99.99
110,99.99
110,99.99
110,99.99
111,99.98
111,99.98
111,99.98
111,99.98
111,99.98
111,99.98
111,99.98
111,99.98
111,99.98
111,99.98
111,99.98
111,99.99
111,99.99
111,99.99
111,99.99
111,99.99
111,99.99
111,99.99
111,99.99
111,99.99
111,99.99
111,99.99
111,99.99
111,99.99
111,99.99
111,99.99
111,99.99
111,99.99
111,99.99
111,99.99
111,99.99
111,99.99
111,99.99
111,99.99
111,99.99
112,99.92
112,99.92
112,99.92
112,99.92
112,99.92
112,99.92
112,99.98
112,99.98
112,99.98
112,99.98
112,99.98
112,99.98
112,99.98
112,99.98
112,99.98
112,99.98
112,99.98
112,99.98
112,99.99
112,99.99
112,99.99
112,99.99
112,99.99
112,99.99
112,99.99
112,99.99
112,99.99
112,99.99
112,99.99
112,99.99
112,99.99
112,99.99
112,99.99
112,99.99
112,99.99
112,99.99
112,99.99
112,99.99
112,99.99
112,99.99
112,99.99
112,99.99
112,99.99
112,99.99
112,99.99
112,99.99
112,99.99
112,99.99
113,99.99
113,99.99
113,99.99
113,99.99
113,99.99
113,99.99
113,99.99
113,99.99
113,99.99
113,99.99
113,99.99
113,99.99
113,99.99
113,99.99
113,99.99
113,99.99
114,99.96
114,99.96
114,99.96
114,99.96
114,99.96
114,99.97
114,99.99
114,99.99
114,99.99
114,99.99
114,99.99
114,99.99
114,99.99
114,99.99
114,99.99
114,99.99
114,99.99
114,99.99
114,99.99
114,99.99
114,99.99
114,99.99
114,99.99
114,99.99
114,99.99
114,99.99
115,99.96
115,99.96
115,99.96
115,99.96
115,99.97
115,99.97
115,99.98
115,99.99
115,99.99
115,99.99
115,99.99
115,99.99
115,99.99
115,99.99
116,99.99
116,99.99
116,99.99
116,99.99
116,99.99
116,99.99
116,99.99
116,99.99
116,99.99
116,99.99
116,99.99
116,99.99
116,99.99
116,99.99
116,99.99
116,99.99
116,99.99
116,99.99
117,99.99
117,99.99
117,99.99
117,99.99
117,99.99
117,99.99
117,99.99
117,99.99
118,99.99
118,99.99
118,99.99
118,99.99
118,99.99
118,99.99
118,99.99
118,99.99
118,99.99
118,99.99
118,99.99
118,99.99
119,99.99
119,99.99
119,99.99
119,99.99
119,99.99
119,99.99
119,99.99
119,99.99
119,99.99
119,99.99
119,99.99
119,99.99
119,99.99
119,99.99
119,99.99
119,99.99
120,99.99
120,99.99
120,99.99
120,99.99
120,99.99
120,99.99
120,99.99
120,99.99
120,99.99
120,99.99
120,99.99
120,99.99
120,99.99
120,99.99
120,99.99
120,99.99
120,99.99
120,99.99
120,99.99
120,99.99
120,99.99
120,99.99
120,99.99
120,99.99
120,99.99
120,99.99
120,99.99
120,99.99
120,99.99
120,99.99
120,99.99
120,99.99
120,99.99
121,99.98
121,99.98
121,99.98
121,99.98
121,99.98
121,99.98
121,99.99
121,99.99
121,99.99
121,99.99
121,99.99
121,99.99
121,99.99
121,99.99
121,99.99
121,99.99
121,99.99
121,99.99
122,99.89
122,99.89
122,99.89
122,99.89
122,99.89
122,99.89
122,99.97
122,99.97
122,99.97
122,99.97
122,99.97
122,99.98
122,99.98
122,99.99
122,99.99
122,99.99
122,99.99
122,99.99
122,99.99
122,99.99
122,99.99
122,99.99
122,99.99
122,99.99
122,99.99
122,99.99
123,99.98
123,99.99
123,99.99
123,99.99
123,99.99
123,99.99
123,99.99
123,99.99
123,99.99
123,99.99
123,99.99
123,99.99
123,99.99
123,99.99
123,99.99
123,99.99
123,99.99
123,99.99
123,99.99
124,99.93
124,99.99
124,99.99
124,99.99
124,99.99
124,99.99
124,99.99
124,99.99
125,99.99
125,99.99
125,99.99
125,99.99
125,99.99
125,99.99
125,99.99
125,99.99
125,99.99
125,99.99
125,99.99
125,99.99
126,99.98
126,99.99
126,99.99
126,99.99
126,99.99
126,99.99
127,99.95
127,99.95
127,99.95
127,99.95
127,99.95
127,99.95
127,99.96
127,99.96
127,99.96
127,99.96
127,99.96
127,99.96
127,99.97
127,99.97
127,99.97
127,99.97
127,99.97
127,99.98
127,99.98
127,99.99
128,99.98
128,99.98
128,99.98
128,99.98
128,99.98
128,99.98
128,99.99
128,99.99
128,99.99
128,99.99
128,99.99
128,99.99
128,99.99
128,99.99
128,99.99
128,99.99
129,99.98
129,99.98
129,99.98
129,99.98
129,99.98
129,99.98
129,99.99
129,99.99
129,99.99
129,99.99
129,99.99
129,99.99
129,99.99
129,99.99
129,99.99
129,99.99
129,99.99
129,99.99
129,99.99
129,99.99
129,99.99
129,99.99
129,99.99
129,99.99
130,99.99
130,99.99
130,99.99
130,99.99
130,99.99
130,99.99
130,99.99
130,99.99
130,99.99
130,99.99
130,99.99
130,99.99
130,99.99
130,99.99
130,99.99
130,99.99
130,99.99
130,99.99
130,99.99
130,99.99
130,99.99
130,99.99
130,99.99
130,99.99
132,99.80
132,99.80
132,99.80
132,99.80
132,99.81
132,99.87
132,99.97
132,99.97
132,99.97
132,99.97
132,99.97
132,99.97
132,99.98
132,99.98
132,99.98
132,99.98
132,99.98
132,99.98
132,99.98
132,99.99
132,99.99
132,99.99
132,99.99
132,99.99
132,99.99
132,99.99
133,99.98
133,99.98
133,99.98
133,99.98
133,99.98
133,99.98
133,99.98
133,99.98
133,99.98
133,99.98
133,99.98
133,99.98
133,99.99
133,99.99
133,99.99
133,99.99
133,99.99
133,99.99
133,99.99
133,99.99
133,99.99
133,99.99
133,99.99
133,99.99
133,99.99
133,99.99
133,99.99
133,99.99
133,99.99
133,99.99
133,99.99
133,99.99
133,99.99
133,99.99
133,99.99
133,99.99
134,99.99
134,99.99
134,99.99
134,99.99
134,99.99
134,99.99
134,99.99
134,99.99
134,99.99
134,99.99
134,99.99
134,99.99
134,99.99
134,99.99
134,99.99
134,99.99
134,99.99
134,99.99
134,99.99
134,99.99
134,99.99
135,99.96
135,99.96
135,99.96
135,99.96
135,99.96
135,99.96
135,99.99
135,99.99
135,99.99
135,99.99
135,99.99
135,99.99
135,99.99
135,99.99
135,99.99
135,99.99
135,99.99
135,99.99
135,99.99
135,99.99
135,99.99
135,99.99
135,99.99
135,99.99
135,99.99
135,99.99
135,99.99
136,99.98
136,99.98
136,99.98
136,99.98
136,99.98
136,99.98
136,99.99
136,99.99
136,99.99
136,99.99
136,99.99
136,99.99
136,99.99
136,99.99
136,99.99
136,99.99
136,99.99
136,99.99
136,99.99
136,99.99
137,99.99
137,99.99
137,99.99
137,99.99
137,99.99
137,99.99
137,99.99
137,99.99
137,99.99
137,99.99
137,99.99
137,99.99
137,99.99
137,99.99
137,99.99
137,99.99
137,99.99
137,99.99
137,99.99
137,99.99
137,99.99
137,99.99
137,99.99
137,99.99
137,99.99
137,99.99
137,99.99
137,99.99
137,99.99
137,99.99
138,99.98
138,99.98
138,99.98
138,99.99
138,99.99
138,99.99
138,99.99
138,99.99
138,99.99
138,99.99
138,99.99
138,99.99
138,99.99
138,99.99
138,99.99
138,99.99
138,99.99
138,99.99
138,99.99
138,99.99
138,99.99
138,99.99
138,99.99
138,99.99
140,99.98
140,99.98
140,99.98
140,99.98
140,99.99
140,99.99
140,99.99
141,99.98
141,99.98
141,99.98
141,99.98
141,99.98
141,99.99
141,99.99
141,99.99
141,99.99
141,99.99
141,99.99
141,99.99
141,99.99
141,99.99
141,99.99
142,99.99
142,99.99
142,99.99
142,99.99
142,99.99
142,99.99
142,99.99
142,99.99
142,99.99
142,99.99
142,99.99
142,99.99
142,99.99
143,99.99
143,99.99
143,99.99
143,99.99
143,99.99
143,99.99
144,99.98
144,99.98
144,99.98
144,99.98
144,99.98
144,99.98
144,99.98
144,99.98
144,99.98
144,99.98
144,99.98
144,99.99
144,99.99
144,99.99
144,99.99
144,99.99
144,99.99
144,99.99
144,99.99
144,99.99
144,99.99
144,99.99
144,99.99
144,99.99
145,99.98
145,99.98
145,99.98
145,99.98
145,99.98
145,99.99
145,99.99
145,99.99
145,99.99
145,99.99
145,99.99
145,99.99
145,99.99
145,99.99
145,99.99
145,99.99
145,99.99
145,99.99
145,99.99
145,99.99
145,99.99
145,99.99
145,99.99
145,99.99
145,99.99
145,99.99
145,99.99
145,99.99
145,99.99
145,99.99
145,99.99
145,99.99
145,99.99
145,99.99
145,99.99
146,99.99
146,99.99
146,99.99
146,99.99
146,99.99
146,99.99
146,99.99
146,99.99
146,99.99
146,99.99
146,99.99
146,99.99
146,99.99
146,99.99
146,99.99
146,99.99
147,99.98
147,99.98
147,99.98
147,99.98
147,99.98
147,99.98
147,99.98
147,99.98
147,99.98
147,99.98
147,99.98
147,99.99
147,99.99
147,99.99
147,99.99
147,99.99
147,99.99
147,99.99
148,99.96
148,99.96
148,99.96
148,99.96
148,99.96
148,99.96
148,99.99
148,99.99
148,99.99
148,99.99
148,99.99
148,99.99
148,99.99
148,99.99
148,99.99
148,99.99
148,99.99
148,99.99
148,99.99
149,99.98
149,99.98
149,99.98
149,99.98
149,99.98
149,99.98
149,99.99
149,99.99
149,99.99
149,99.99
149,99.99
149,99.99
149,99.99
149,99.99
150,99.90
150,99.90
150,99.90
150,99.90
150,99.90
150,99.91
150,99.98
150,99.98
150,99.98
150,99.98
150,99.98
150,99.98
150,99.99
151,99.99
151,99.99
151,99.99
151,99.99
151,99.99
151,99.99
151,99.99
151,99.99
151,99.99
151,99.99
151,99.99
151,99.99
152,99.99
153,99.91
153,99.91
153,99.91
153,99.91
153,99.91
153,99.92
153,99.96
153,99.96
153,99.96
153,99.96
153,99.96
153,99.97
153,99.97
153,99.97
153,99.97
153,99.97
153,99.97
153,99.98
153,99.98
153,99.98
153,99.98
153,99.98
153,99.99
153,99.99
153,99.99
153,99.99
153,99.99
153,99.99
153,99.99
153,99.99
153,99.99
153,99.99
153,99.99
153,99.99
153,99.99
153,99.99
153,99.99
153,99.99
153,99.99
153,99.99
154,99.98
154,99.98
154,99.99
154,99.99
154,99.99
154,99.99
154,99.99
154,99.99
154,99.99
154,99.99
155,99.96
155,99.96
155,99.96
155,99.96
155,99.96
155,99.96
155,99.97
155,99.98
155,99.98
155,99.98
155,99.98
155,99.98
155,99.99
155,99.99
155,99.99
155,99.99
155,99.99
155,99.99
155,99.99
155,99.99
155,99.99
155,99.99
155,99.99
155,99.99
156,99.98
156,99.98
156,99.98
156,99.98
156,99.98
156,99.98
156,99.98
156,99.98
156,99.98
156,99.98
156,99.98
156,99.99
156,99.99
156,99.99
156,99.99
156,99.99
156,99.99
156,99.99
156,99.99
156,99.99
156,99.99
156,99.99
156,99.99
156,99.99
156,99.99
156,99.99
156,99.99
156,99.99
156,99.99
157,99.95
157,99.95
157,99.95
157,99.95
157,99.95
157,99.96
157,99.97
157,99.97
157,99.97
157,99.97
157,99.97
157,99.97
157,99.98
157,99.98
157,99.98
157,99.98
157,99.98
157,99.98
157,99.98
157,99.98
157,99.98
157,99.98
157,99.99
157,99.99
157,99.99
157,99.99
157,99.99
157,99.99
157,99.99
157,99.99
157,99.99
157,99.99
157,99.99
158,99.99
158,99.99
158,99.99
159,99.96
159,99.96
159,99.96
159,99.96
159,99.96
159,99.97
159,99.97
159,99.99
159,99.99
159,99.99
159,99.99
159,99.99
159,99.99
159,99.99
159,99.99
159,99.99
159,99.99
159,99.99
159,99.99
160,99.99
160,99.99
160,99.99
160,99.99
160,99.99
160,99.99
160,99.99
160,99.99
160,99.99
160,99.99
160,99.99
160,99.99
160,99.99
161,99.98
161,99.98
161,99.98
161,99.98
161,99.98
161,99.98
161,99.98
161,99.98
161,99.98
161,99.98
161,99.98
161,99.98
161,99.98
161,99.99
162,99.95
162,99.99
162,99.99
162,99.99
162,99.99
162,99.99
162,99.99
162,99.99
162,99.99
162,99.99
163,99.97
163,99.97
163,99.97
163,99.97
163,99.97
163,99.98
163,99.98
163,99.98
163,99.98
163,99.98
163,99.98
163,99.98
163,99.99
163,99.99
163,99.99
163,99.99
163,99.99
163,99.99
163,99.99
163,99.99
163,99.99
163,99.99
163,99.99
163,99.99
163,99.99
163,99.99
163,99.99
163,99.99
163,99.99
163,99.99
163,99.99
163,99.99
163,99.99
163,99.99
163,99.99
163,99.99
164,99.99
164,99.99
164,99.99
164,99.99
164,99.99
164,99.99
164,99.99
164,99.99
164,99.99
164,99.99
164,99.99
164,99.99
164,99.99
164,99.99
164,99.99
164,99.99
164,99.99
164,99.99
164,99.99
164,99.99
165,99.99
166,99.97
166,99.97
166,99.97
166,99.97
166,99.97
166,99.97
166,99.98
166,99.98
166,99.98
166,99.98
166,99.98
166,99.98
166,99.99
166,99.99
166,99.99
166,99.99
166,99.99
166,99.99
166,99.99
166,99.99
166,99.99
166,99.99
166,99.99
166,99.99
166,99.99
167,99.97
167,99.97
167,99.97
167,99.97
167,99.97
167,99.97
167,99.97
167,99.97
167,99.97
167,99.97
167,99.97
167,99.97
167,99.99
167,99.99
167,99.99
167,99.99
167,99.99
167,99.99
167,99.99
167,99.99
167,99.99
167,99.99
167,99.99
167,99.99
168,99.96
168,99.96
168,99.96
168,99.96
168,99.96
168,99.96
168,99.97
168,99.97
168,99.97
168,99.97
168,99.97
168,99.97
168,99.98
168,99.98
168,99.98
168,99.98
168,99.98
168,99.98
168,99.99
168,99.99
168,99.99
168,99.99
168,99.99
168,99.99
169,99.98
169,99.98
169,99.98
169,99.98
169,99.98
169,99.98
169,99.98
169,99.98
169,99.98
169,99.98
169,99.98
169,99.98
169,99.99
169,99.99
169,99.99
169,99.99
169,99.99
169,99.99
170,99.98
170,99.98
170,99.98
170,99.98
170,99.98
170,99.98
170,99.98
170,99.98
170,99.99
170,99.99
170,99.99
170,99.99
170,99.99
170,99.99
170,99.99
170,99.99
170,99.99
170,99.99
171,99.98
171,99.98
171,99.98
171,99.98
171,99.98
171,99.98
171,99.99
171,99.99
171,99.99
171,99.99
171,99.99
171,99.99
171,99.99
171,99.99
171,99.99
171,99.99
171,99.99
171,99.99
171,99.99
171,99.99
172,99.98
172,99.98
172,99.98
172,99.98
172,99.98
172,99.99
172,99.99
172,99.99
172,99.99
172,99.99
172,99.99
172,99.99
172,99.99
172,99.99
172,99.99
172,99.99
172,99.99
172,99.99
172,99.99
172,99.99
172,99.99
172,99.99
172,99.99
173,99.98
173,99.98
173,99.98
173,99.98
173,99.98
173,99.98
173,99.98
173,99.98
173,99.98
173,99.98
173,99.98
173,99.99
173,99.99
174,99.95
174,99.95
174,99.95
174,99.97
174,99.97
174,99.97
174,99.97
174,99.98
174,99.99
175,99.99
175,99.99
175,99.99
175,99.99
175,99.99
175,99.99
175,99.99
175,99.99
175,99.99
175,99.99
175,99.99
175,99.99
175,99.99
175,99.99
175,99.99
175,99.99
175,99.99
175,99.99
175,99.99
175,99.99
175,99.99
175,99.99
175,99.99
175,99.99
176,99.96
176,99.96
176,99.96
176,99.96
176,99.96
176,99.96
176,99.98
176,99.98
176,99.98
176,99.98
176,99.98
176,99.99
176,99.99
176,99.99
176,99.99
176,99.99
176,99.99
177,99.96
177,99.96
177,99.96
177,99.96
177,99.96
177,99.96
177,99.98
177,99.98
177,99.98
177,99.98
177,99.98
177,99.98
178,99.98
178,99.98
178,99.98
178,99.98
178,99.98
178,99.98
178,99.99
179,99.98
179,99.98
179,99.98
179,99.98
179,99.98
179,99.98
179,99.99
179,99.99
179,99.99
180,99.98
180,99.98
180,99.98
180,99.98
180,99.98
180,99.98
180,99.99
180,99.99
180,99.99
180,99.99
180,99.99
180,99.99
180,99.99
180,99.99
180,99.99
180,99.99
180,99.99
180,99.99
180,99.99
180,99.99
180,99.99
180,99.99
180,99.99
181,99.96
181,99.96
181,99.96
181,99.96
181,99.96
181,99.96
181,99.98
181,99.98
181,99.98
181,99.98
181,99.98
181,99.98
181,99.99
181,99.99
181,99.99
181,99.99
181,99.99
181,99.99
181,99.99
181,99.99
181,99.99
181,99.99
181,99.99
181,99.99
181,99.99
181,99.99
181,99.99
181,99.99
181,99.99
181,99.99
182,99.98
182,99.98
182,99.98
182,99.98
182,99.98
182,99.98
182,99.99
182,99.99
182,99.99
182,99.99
183,99.99
183,99.99
183,99.99
183,99.99
183,99.99
183,99.99
183,99.99
183,99.99
183,99.99
183,99.99
183,99.99
184,99.98
184,99.98
184,99.98
184,99.98
184,99.98
184,99.98
184,99.98
184,99.99
184,99.99
184,99.99
184,99.99
184,99.99
184,99.99
184,99.99
184,99.99
184,99.99
184,99.99
184,99.99
184,99.99
184,99.99
184,99.99
184,99.99
184,99.99
184,99.99
184,99.99
184,99.99
184,99.99
184,99.99
184,99.99
184,99.99
184,99.99
184,99.99
184,99.99
184,99.99
185,99.99
185,99.99
185,99.99
185,99.99
185,99.99
185,99.99
185,99.99
185,99.99
185,99.99
185,99.99
185,99.99
186,99.99
186,99.99
186,99.99
186,99.99
186,99.99
186,99.99
186,99.99
186,99.99
186,99.99
186,99.99
186,99.99
186,99.99
187,99.98
187,99.98
187,99.98
187,99.98
187,99.98
187,99.98
187,99.98
187,99.98
187,99.98
187,99.98
187,99.98
187,99.98
187,99.99
187,99.99
187,99.99
187,99.99
187,99.99
187,99.99
188,99.98
188,99.99
188,99.99
188,99.99
188,99.99
188,99.99
188,99.99
188,99.99
188,99.99
189,99.98
189,99.98
189,99.99
189,99.99
189,99.99
189,99.99
189,99.99
189,99.99
189,99.99
189,99.99
189,99.99
189,99.99
189,99.99
189,99.99
190,99.99
190,99.99
190,99.99
190,99.99
190,99.99
190,99.99
191,99.98
191,99.98
191,99.98
191,99.99
191,99.99
191,99.99
191,99.99
191,99.99
191,99.99
191,99.99
191,99.99
191,99.99
191,99.99
191,99.99
191,99.99
191,99.99
192,99.97
192,99.97
192,99.97
192,99.97
192,99.97
192,99.97
192,99.97
192,99.99
192,99.99
192,99.99
192,99.99
192,99.99
192,99.99
192,99.99
192,99.99
192,99.99
192,99.99
192,99.99
192,99.99
192,99.99
192,99.99
192,99.99
192,99.99
193,99.99
193,99.99
193,99.99
193,99.99
193,99.99
193,99.99
193,99.99
194,99.98
194,99.98
194,99.98
194,99.98
194,99.98
194,99.98
194,99.98
194,99.98
194,99.98
194,99.98
194,99.98
194,99.98
194,99.99
194,99.99
194,99.99
194,99.99
194,99.99
194,99.99
194,99.99
194,99.99
194,99.99
194,99.99
194,99.99
194,99.99
195,99.98
195,99.98
195,99.98
195,99.98
195,99.98
195,99.98
195,99.99
195,99.99
195,99.99
195,99.99
195,99.99
195,99.99
195,99.99
195,99.99
195,99.99
195,99.99
195,99.99
195,99.99
196,99.98
196,99.98
196,99.98
196,99.98
196,99.98
196,99.98
196,99.99
196,99.99
196,99.99
196,99.99
196,99.99
196,99.99
196,99.99
196,99.99
196,99.99
196,99.99
196,99.99
196,99.99
196,99.99
196,99.99
196,99.99
196,99.99
196,99.99
196,99.99
197,99.85
197,99.85
197,99.85
197,99.85
197,99.85
197,99.85
197,99.98
197,99.98
197,99.98
197,99.98
197,99.98
197,99.98
197,99.99
198,99.96
198,99.96
198,99.96
198,99.96
198,99.96
198,99.96
198,99.99
198,99.99
198,99.99
198,99.99
198,99.99
198,99.99
198,99.99
198,99.99
198,99.99
198,99.99
198,99.99
198,99.99
198,99.99
198,99.99
198,99.99
198,99.99
198,99.99
198,99.99
198,99.99
198,99.99
198,99.99
198,99.99
198,99.99
199,99.97
199,99.98
199,99.98
199,99.98
199,99.98
199,99.98
199,99.98
199,99.98
199,99.98
199,99.98
199,99.98
199,99.98
199,99.98
199,99.98
199,99.98
199,99.98
199,99.98
200,99.98
200,99.98
200,99.98
200,99.98
200,99.98
200,99.98
201,99.97
201,99.97
201,99.97
201,99.97
201,99.97
201,99.97
201,99.98
201,99.98
201,99.98
201,99.98
201,99.98
201,99.98
201,99.98
202,99.98
203,99.98
204,99.98
204,99.98
204,99.98
204,99.98
204,99.98
204,99.98
204,99.98
204,99.98
205,99.94
205,99.94
205,99.94
205,99.94
205,99.94
205,99.94
205,99.98
205,99.98
205,99.98
205,99.98
205,99.98
205,99.98
205,99.98
206,99.97
206,99.97
206,99.97
206,99.97
206,99.97
206,99.97
206,99.98
206,99.98
206,99.98
206,99.98
206,99.98
206,99.98
206,99.98
207,99.97
207,99.97
207,99.97
207,99.97
207,99.97
207,99.97
207,99.97
207,99.98
207,99.98
207,99.98
207,99.98
207,99.98
207,99.98
207,99.98
207,99.98
207,99.98
207,99.98
208,99.98
208,99.98
208,99.98
208,99.98
208,99.98
208,99.98
208,99.98
208,99.98
208,99.98
208,99.98
208,99.98
208,99.98
208,99.98
208,99.98
208,99.98
208,99.98
208,99.98
208,99.98
208,99.98
208,99.98
208,99.98
208,99.98
208,99.98
208,99.98
209,99.98
209,99.98
209,99.98
209,99.98
209,99.98
209,99.98
209,99.98
209,99.98
209,99.98
209,99.98
209,99.98
209,99.98
209,99.98
209,99.98
209,99.98
209,99.98
209,99.98
209,99.98
209,99.98
209,99.98
209,99.98
209,99.98
209,99.98
209,99.98
210,99.98
210,99.98
210,99.98
210,99.98
210,99.98
210,99.98
210,99.98
210,99.98
210,99.98
210,99.98
210,99.98
210,99.98
210,99.98
210,99.98
210,99.98
210,99.98
210,99.98
210,99.98
210,99.98
210,99.98
211,99.95
211,99.98
211,99.98
211,99.98
211,99.98
211,99.98
211,99.98
211,99.98
212,99.97
212,99.97
212,99.97
212,99.97
212,99.97
212,99.97
212,99.98
212,99.98
212,99.98
212,99.98
212,99.98
212,99.98
212,99.98
213,99.98
213,99.98
213,99.98
213,99.98
213,99.98
213,99.98
214,99.98
214,99.98
214,99.98
214,99.98
214,99.98
214,99.98
214,99.98
214,99.98
214,99.98
214,99.98
214,99.98
214,99.98
215,99.98
215,99.98
215,99.98
215,99.98
215,99.98
215,99.98
215,99.98
215,99.98
216,99.97
216,99.98
216,99.98
216,99.98
216,99.98
216,99.98
216,99.98
216,99.98
216,99.98
216,99.98
216,99.98
216,99.98
216,99.98
217,99.92
217,99.98
217,99.98
217,99.98
217,99.98
217,99.98
217,99.98
217,99.98
217,99.98
217,99.98
217,99.98
217,99.98
217,99.98
217,99.98
217,99.98
218,99.97
218,99.97
218,99.97
218,99.97
218,99.97
218,99.97
218,99.98
218,99.98
218,99.98
218,99.98
218,99.98
218,99.98
219,99.97
219,99.98
219,99.98
219,99.98
219,99.98
219,99.98
219,99.98
219,99.98
219,99.98
219,99.98
219,99.98
219,99.98
219,99.98
219,99.98
219,99.98
219,99.98
219,99.98
219,99.98
219,99.98
220,99.93
220,99.93
220,99.93
220,99.93
220,99.93
220,99.94
220,99.97
220,99.97
220,99.97
220,99.97
220,99.97
220,99.97
220,99.98
220,99.98
220,99.98
220,99.98
220,99.98
220,99.98
220,99.98
220,99.98
220,99.98
220,99.98
220,99.98
221,99.98
221,99.98
221,99.98
222,99.98
222,99.98
222,99.98
222,99.98
222,99.98
222,99.98
222,99.98
222,99.98
222,99.98
222,99.98
222,99.98
222,99.98
222,99.98
222,99.98
222,99.98
222,99.98
222,99.98
222,99.98
223,99.98
223,99.98
223,99.98
223,99.98
223,99.98
223,99.98
223,99.98
223,99.98
223,99.98
223,99.98
223,99.98
223,99.98
223,99.98
224,99.98
224,99.98
224,99.98
224,99.98
224,99.98
224,99.98
225,99.98
225,99.98
225,99.98
225,99.98
225,99.98
225,99.98
226,99.92
226,99.92
226,99.92
226,99.92
226,99.92
226,99.93
226,99.97
226,99.97
226,99.97
226,99.97
226,99.97
226,99.97
226,99.98
226,99.98
226,99.98
226,99.98
226,99.98
226,99.98
226,99.98
227,99.98
227,99.98
227,99.98
227,99.98
227,99.98
227,99.98
227,99.98
227,99.98
227,99.98
227,99.98
227,99.98
227,99.98
227,99.98
227,99.98
227,99.98
227,99.98
227,99.98
227,99.98
227,99.98
228,99.98
228,99.98
228,99.98
228,99.98
228,99.98
228,99.98
228,99.98
228,99.98
228,99.98
228,99.98
228,99.98
228,99.98
228,99.98
228,99.98
228,99.98
228,99.98
228,99.98
228,99.98
228,99.98
229,99.98
229,99.98
229,99.98
229,99.98
229,99.98
229,99.98
229,99.98
229,99.98
229,99.98
229,99.98
229,99.98
229,99.98
229,99.98
230,99.97
230,99.97
230,99.97
230,99.97
230,99.97
230,99.97
230,99.98
231,99.98
231,99.98
231,99.98
231,99.98
231,99.98
231,99.98
232,99.98
232,99.98
232,99.98
232,99.98
232,99.98
232,99.98
232,99.98
232,99.98
232,99.98
232,99.98
232,99.98
233,99.95
233,99.95
233,99.95
233,99.95
233,99.95
233,99.96
233,99.96
233,99.96
233,99.96
233,99.96
233,99.96
233,99.97
233,99.97
233,99.97
233,99.97
233,99.97
233,99.97
233,99.98
233,99.98
233,99.98
233,99.98
233,99.98
233,99.98
233,99.98
233,99.98
234,99.98
234,99.98
234,99.98
234,99.98
234,99.98
234,99.98
234,99.98
234,99.98
234,99.98
234,99.98
234,99.98
234,99.98
234,99.98
234,99.98
234,99.98
234,99.98
234,99.98
234,99.98
235,99.97
235,99.97
235,99.97
235,99.97
235,99.97
235,99.97
235,99.97
235,99.97
235,99.97
235,99.97
235,99.97
235,99.97
235,99.98
235,99.98
235,99.98
235,99.98
235,99.98
235,99.98
235,99.98
236,99.97
236,99.97
236,99.97
236,99.97
236,99.97
236,99.98
236,99.98
236,99.98
236,99.98
236,99.98
236,99.98
236,99.98
236,99.98
236,99.98
236,99.98
236,99.98
236,99.98
236,99.98
236,99.98
236,99.98
236,99.98
236,99.98
236,99.98
236,99.98
236,99.98
236,99.98
236,99.98
236,99.98
237,99.97
237,99.97
237,99.97
237,99.97
237,99.97
237,99.97
237,99.98
237,99.98
237,99.98
237,99.98
237,99.98
237,99.98
237,99.98
237,99.98
237,99.98
237,99.98
237,99.98
237,99.98
237,99.98
237,99.98
237,99.98
237,99.98
237,99.98
238,99.95
238,99.95
238,99.97
238,99.97
238,99.97
238,99.97
238,99.97
238,99.97
238,99.97
238,99.98
238,99.98
238,99.98
238,99.98
238,99.98
238,99.98
239,99.95
239,99.95
239,99.95
239,99.95
239,99.95
239,99.95
239,99.97
239,99.97
239,99.97
239,99.97
239,99.97
239,99.97
239,99.98
239,99.98
239,99.98
239,99.98
239,99.98
239,99.98
239,99.98
239,99.98
239,99.98
239,99.98
240,99.94
240,99.94
240,99.96
240,99.96
240,99.96
240,99.96
241,99.97
241,99.97
241,99.97
241,99.97
241,99.97
241,99.97
241,99.97
241,99.97
241,99.97
241,99.97
241,99.97
241,99.98
241,99.98
241,99.98
241,99.98
241,99.98
241,99.98
241,99.98
241,99.98
241,99.98
241,99.98
241,99.98
241,99.98
241,99.98
241,99.98
241,99.98
241,99.98
241,99.98
241,99.98
241,99.98
241,99.98
241,99.98
241,99.98
241,99.98
241,99.98
242,99.98
242,99.98
242,99.98
242,99.98
242,99.98
242,99.98
242,99.98
242,99.98
242,99.98
242,99.98
242,99.98
242,99.98
243,99.98
243,99.98
243,99.98
243,99.98
243,99.98
243,99.98
243,99.98
243,99.98
243,99.98
243,99.98
243,99.98
243,99.98
243,99.98
243,99.98
244,99.98
244,99.98
244,99.98
244,99.98
244,99.98
244,99.98
245,99.98
245,99.98
245,99.98
245,99.98
245,99.98
245,99.98
245,99.98
245,99.98
245,99.98
245,99.98
245,99.98
245,99.98
245,99.98
245,99.98
245,99.98
245,99.98
245,99.98
245,99.98
245,99.98
245,99.98
245,99.98
245,99.98
245,99.98
245,99.98
245,99.98
246,99.96
246,99.96
246,99.96
246,99.96
246,99.96
246,99.96
246,99.98
246,99.98
246,99.98
246,99.98
246,99.98
246,99.98
246,99.98
246,99.98
246,99.98
246,99.98
246,99.98
246,99.98
246,99.98
246,99.98
246,99.98
246,99.98
247,99.98
247,99.98
247,99.98
247,99.98
247,99.98
247,99.98
248,99.98
248,99.98
248,99.98
248,99.98
248,99.98
248,99.98
248,99.98
248,99.98
248,99.98
248,99.98
248,99.98
249,99.93
249,99.93
249,99.93
249,99.93
249,99.93
249,99.93
249,99.97
249,99.98
249,99.98
249,99.98
249,99.98
249,99.98
249,99.98
249,99.98
250,99.98
250,99.98
250,99.98
250,99.98
250,99.98
250,99.98
250,99.98
250,99.98
250,99.98
250,99.98
250,99.98
250,99.98
250,99.98
250,99.98
250,99.98
250,99.98
250,99.98
250,99.98
250,99.98
250,99.98
250,99.98
250,99.98
250,99.98
250,99.98
250,99.98
250,99.98
251,99.96
251,99.96
251,99.96
251,99.96
251,99.96
251,99.96
251,99.97
251,99.97
251,99.97
251,99.97
251,99.97
251,99.97
251,99.98
251,99.98
251,99.98
251,99.98
251,99.98
251,99.98
251,99.98
251,99.98
251,99.98
251,99.98
251,99.98
252,99.97
252,99.97
252,99.97
252,99.97
252,99.97
252,99.98
252,99.98
252,99.98
252,99.98
252,99.98
252,99.98
252,99.98
252,99.98
252,99.98
252,99.98
252,99.98
252,99.98
252,99.98
252,99.98
252,99.98
252,99.98
252,99.98
252,99.98
252,99.98
253,99.95
253,99.97
253,99.97
253,99.97
253,99.98
253,99.98
253,99.98
253,99.98
253,99.98
253,99.98
253,99.98
253,99.98
253,99.98
253,99.98
253,99.98
253,99.98
253,99.98
253,99.98
253,99.98
253,99.98
253,99.98
253,99.98
253,99.98
253,99.98
253,99.98
253,99.98
253,99.98
253,99.98
254,99.98
254,99.98
254,99.98
254,99.98
254,99.98
254,99.98
254,99.98
255,99.97
255,99.97
255,99.97
255,99.97
255,99.97
256,99.97
256,99.98
256,99.98
256,99.98
256,99.98
256,99.98
256,99.98
256,99.98
256,99.98
256,99.98
256,99.98
256,99.98
256,99.98
256,99.98
256,99.98
257,99.98
257,99.98
257,99.98
257,99.98
257,99.98
257,99.98
258,99.97
258,99.97
258,99.97
258,99.97
258,99.97
258,99.97
258,99.98
258,99.98
258,99.98
258,99.98
258,99.98
258,99.98
258,99.98
258,99.98
258,99.98
258,99.98
259,99.93
259,99.93
259,99.96
259,99.98
259,99.98
259,99.98
259,99.98
259,99.98
259,99.98
259,99.98
259,99.98
259,99.98
259,99.98
259,99.98
259,99.98
259,99.98
259,99.98
259,99.98
260,99.97
260,99.97
260,99.97
260,99.97
260,99.97
260,99.97
260,99.98
260,99.98
260,99.98
260,99.98
260,99.98
260,99.98
260,99.98
261,99.96
261,99.96
261,99.96
261,99.96
261,99.96
261,99.96
261,99.97
261,99.97
261,99.97
261,99.97
261,99.98
261,99.98
261,99.98
261,99.98
261,99.98
261,99.98
261,99.98
262,99.97
262,99.97
262,99.98
262,99.98
262,99.98
262,99.98
262,99.98
262,99.98
262,99.98
262,99.98
262,99.98
263,99.98
263,99.98
263,99.98
263,99.98
263,99.98
263,99.98
263,99.98
263,99.98
263,99.98
263,99.98
263,99.98
263,99.98
263,99.98
264,99.91
264,99.91
264,99.91
264,99.91
264,99.91
264,99.91
264,99.98
264,99.98
264,99.98
264,99.98
264,99.98
264,99.98
264,99.98
264,99.98
264,99.98
264,99.98
264,99.98
264,99.98
264,99.98
264,99.98
264,99.98
264,99.98
264,99.98
264,99.98
265,99.98
265,99.98
265,99.98
265,99.98
265,99.98
265,99.98
265,99.98
266,99.94
266,99.98
266,99.98
266,99.98
266,99.98
266,99.98
266,99.98
266,99.98
266,99.98
266,99.98
266,99.98
266,99.98
266,99.98
266,99.98
266,99.98
266,99.98
266,99.98
266,99.98
266,99.98
267,99.97
267,99.97
267,99.97
267,99.97
267,99.97
267,99.97
267,99.98
267,99.98
267,99.98
267,99.98
267,99.98
267,99.98
267,99.98
267,99.98
267,99.98
267,99.98
267,99.98
267,99.98
267,99.98
267,99.98
267,99.98
267,99.98
267,99.98
267,99.98
267,99.98
267,99.98
267,99.98
267,99.98
267,99.98
267,99.98
267,99.98
267,99.98
267,99.98
267,99.98
267,99.98
267,99.98
268,99.97
268,99.97
268,99.97
268,99.97
268,99.97
268,99.97
268,99.98
268,99.98
268,99.98
268,99.98
268,99.98
268,99.98
268,99.98
268,99.98
269,99.91
269,99.91
269,99.91
269,99.91
269,99.91
269,99.91
269,99.94
269,99.94
269,99.94
269,99.94
269,99.94
269,99.94
269,99.97
269,99.97
269,99.97
269,99.97
269,99.97
269,99.97
269,99.98
269,99.98
269,99.98
269,99.98
269,99.98
269,99.98
269,99.98
269,99.98
269,99.98
269,99.98
269,99.98
270,99.95
270,99.98
270,99.98
270,99.98
270,99.98
270,99.98
270,99.98
271,99.95
271,99.96
271,99.96
271,99.96
271,99.98
271,99.98
271,99.98
271,99.98
271,99.98
271,99.98
271,99.98
272,99.96
272,99.96
272,99.97
272,99.97
272,99.97
272,99.97
272,99.97
272,99.97
272,99.97
272,99.97
272,99.97
272,99.97
272,99.97
272,99.97
272,99.97
272,99.98
272,99.98
272,99.98
272,99.98
272,99.98
272,99.98
272,99.98
272,99.98
272,99.98
272,99.98
272,99.98
272,99.98
272,99.98
272,99.98
272,99.98
272,99.98
272,99.98
272,99.98
272,99.98
272,99.98
272,99.98
272,99.98
272,99.98
273,99.98
274,99.97
274,99.97
274,99.97
274,99.97
274,99.97
274,99.97
274,99.98
274,99.98
274,99.98
274,99.98
274,99.98
274,99.98
274,99.98
274,99.98
274,99.98
274,99.98
274,99.98
274,99.98
274,99.98
275,99.96
275,99.96
275,99.96
275,99.98
275,99.98
275,99.98
275,99.98
275,99.98
275,99.98
275,99.98
275,99.98
275,99.98
275,99.98
275,99.98
275,99.98
276,99.85
276,99.85
276,99.85
276,99.85
276,99.85
276,99.85
276,99.97
276,99.97
276,99.97
276,99.97
276,99.97
276,99.98
276,99.98
276,99.98
276,99.98
276,99.98
276,99.98
276,99.98
276,99.98
276,99.98
276,99.98
276,99.98
276,99.98
277,99.98
278,99.97
278,99.97
278,99.97
278,99.97
278,99.98
278,99.98
278,99.98
278,99.98
278,99.98
278,99.98
278,99.98
279,99.98
279,99.98
279,99.98
279,99.98
279,99.98
279,99.98
279,99.98
279,99.98
279,99.98
279,99.98
279,99.98
279,99.98
279,99.98
279,99.98
279,99.98
280,99.95
280,99.95
280,99.95
280,99.95
280,99.95
280,99.95
280,99.96
280,99.96
280,99.96
280,99.96
280,99.96
280,99.96
280,99.98
280,99.98
280,99.98
280,99.98
280,99.98
280,99.98
280,99.98
281,99.97
281,99.97
281,99.97
281,99.97
281,99.98
281,99.98
281,99.98
281,99.98
281,99.98
281,99.98
281,99.98
281,99.98
281,99.98
281,99.98
282,99.96
282,99.96
282,99.96
282,99.96
282,99.96
282,99.96
282,99.98
282,99.98
282,99.98
282,99.98
282,99.98
282,99.98
282,99.98
282,99.98
282,99.98
282,99.98
282,99.98
282,99.98
282,99.98
282,99.98
282,99.98
283,99.93
283,99.93
283,99.93
283,99.93
283,99.93
283,99.93
283,99.98
283,99.98
283,99.98
283,99.98
283,99.98
283,99.98
283,99.98
283,99.98
283,99.98
283,99.98
283,99.98
284,99.74
284,99.96
284,99.96
284,99.96
284,99.96
284,99.96
284,99.96
284,99.96
284,99.96
284,99.96
284,99.96
284,99.97
284,99.97
284,99.98
284,99.98
284,99.98
284,99.98
284,99.98
284,99.98
284,99.98
284,99.98
284,99.98
284,99.98
284,99.98
284,99.98
284,99.98
285,99.98
285,99.98
285,99.98
285,99.98
285,99.98
285,99.98
286,99.98
287,99.94
287,99.94
287,99.94
287,99.94
287,99.94
287,99.94
287,99.98
287,99.98
287,99.98
287,99.98
287,99.98
287,99.98
287,99.98
287,99.98
288,99.91
288,99.91
288,99.91
288,99.91
288,99.91
288,99.91
288,99.98
288,99.98
288,99.98
288,99.98
288,99.98
288,99.98
288,99.98
288,99.98
288,99.98
288,99.98
288,99.98
288,99.98
289,99.97
289,99.97
289,99.97
289,99.97
289,99.97
289,99.97
289,99.97
289,99.97
289,99.97
289,99.97
289,99.97
289,99.97
289,99.98
291,99.98
291,99.98
291,99.98
291,99.98
291,99.98
291,99.98
292,99.96
292,99.96
292,99.96
292,99.96
292,99.96
292,99.96
292,99.98
292,99.98
292,99.98
292,99.98
292,99.98
292,99.98
292,99.98
292,99.98
293,99.97
293,99.97
293,99.97
293,99.97
293,99.97
293,99.98
293,99.98
293,99.98
293,99.98
293,99.98
293,99.98
293,99.98
293,99.98
293,99.98
293,99.98
293,99.98
293,99.98
293,99.98
293,99.98
293,99.98
293,99.98
293,99.98
293,99.98
293,99.98
294,99.92
294,99.92
294,99.92
294,99.92
294,99.92
294,99.92
294,99.96
294,99.96
294,99.96
294,99.96
294,99.96
294,99.96
294,99.96
294,99.96
294,99.96
294,99.96
294,99.96
294,99.96
294,99.98
294,99.98
294,99.98
294,99.98
294,99.98
294,99.98
294,99.98
294,99.98
294,99.98
294,99.98
294,99.98
295,99.97
295,99.98
296,99.95
296,99.95
296,99.95
296,99.95
296,99.95
296,99.95
296,99.97
296,99.97
296,99.97
296,99.97
296,99.97
296,99.97
296,99.98
296,99.98
296,99.98
296,99.98
296,99.98
296,99.98
297,99.96
297,99.96
297,99.96
297,99.96
297,99.96
297,99.97
297,99.97
297,99.97
297,99.97
297,99.97
297,99.97
297,99.98
299,99.93
299,99.93
299,99.93
299,99.93
299,99.93
299,99.93
299,99.97
299,99.97
299,99.97
299,99.97
299,99.97
299,99.97
299,99.97
299,99.98
299,99.98
299,99.98
299,99.98
299,99.98
299,99.98
299,99.98
299,99.98
300,99.95
300,99.95
300,99.95
300,99.95
300,99.95
300,99.98
300,99.98
300,99.98
300,99.98
300,99.98
300,99.98
300,99.98
300,99.98
300,99.98
301,99.97
301,99.97
301,99.97
301,99.97
301,99.98
301,99.98
301,99.98
301,99.98
301,99.98
301,99.98
301,99.98
302,99.96
302,99.96
302,99.96
302,99.96
302,99.96
302,99.96
302,99.97
302,99.97
302,99.97
302,99.97
302,99.97
302,99.97
302,99.97
302,99.97
302,99.97
302,99.97
302,99.97
302,99.97
302,99.97
302,99.98
303,99.98
304,99.96
304,99.96
304,99.96
304,99.96
304,99.96
304,99.97
304,99.98
304,99.98
304,99.98
304,99.98
304,99.98
304,99.98
304,99.98
304,99.98
304,99.98
304,99.98
304,99.98
305,99.98
305,99.98
305,99.98
305,99.98
305,99.98
305,99.98
305,99.98
305,99.98
305,99.98
305,99.98
305,99.98
305,99.98
306,99.96
306,99.96
306,99.96
306,99.96
306,99.96
306,99.96
306,99.98
306,99.98
306,99.98
306,99.98
306,99.98
306,99.98
306,99.98
306,99.98
306,99.98
306,99.98
306,99.98
306,99.98
307,99.96
307,99.96
307,99.96
307,99.96
307,99.96
307,99.98
307,99.98
307,99.98
307,99.98
307,99.98
307,99.98
307,99.98
308,99.96
308,99.96
308,99.96
308,99.96
308,99.96
308,99.96
308,99.97
308,99.97
308,99.97
308,99.97
308,99.98
308,99.98
309,99.97
309,99.97
309,99.97
309,99.97
309,99.97
309,99.97
309,99.97
309,99.98
309,99.98
309,99.98
309,99.98
309,99.98
309,99.98
309,99.98
309,99.98
310,99.98
310,99.98
310,99.98
310,99.98
310,99.98
310,99.98
310,99.98
310,99.98
310,99.98
310,99.98
310,99.98
310,99.98
310,99.98
310,99.98
310,99.98
310,99.98
310,99.98
310,99.98
311,99.93
311,99.93
311,99.93
311,99.93
311,99.97
311,99.97
311,99.97
311,99.97
311,99.97
311,99.97
311,99.97
311,99.97
311,99.98
311,99.98
311,99.98
311,99.98
311,99.98
311,99.98
311,99.98
311,99.98
311,99.98
311,99.98
311,99.98
311,99.98
311,99.98
311,99.98
312,99.93
312,99.93
312,99.93
312,99.93
312,99.94
312,99.94
312,99.98
313,99.97
313,99.97
313,99.97
313,99.97
313,99.97
313,99.97
313,99.97
313,99.97
313,99.97
313,99.97
313,99.97
313,99.97
313,99.98
313,99.98
313,99.98
313,99.98
313,99.98
313,99.98
313,99.98
313,99.98
313,99.98
313,99.98
313,99.98
313,99.98
313,99.98
313,99.98
313,99.98
313,99.98
313,99.98
314,99.91
314,99.91
314,99.91
314,99.91
314,99.91
314,99.97
314,99.97
314,99.97
314,99.97
314,99.97
314,99.97
314,99.98
314,99.98
315,99.90
315,99.96
315,99.96
315,99.96
315,99.96
315,99.96
315,99.97
315,99.97
315,99.97
315,99.97
315,99.97
315,99.97
315,99.97
315,99.97
315,99.97
315,99.97
315,99.97
315,99.97
315,99.98
315,99.98
316,99.97
316,99.97
316,99.97
316,99.97
316,99.97
316,99.97
316,99.97
316,99.97
316,99.97
316,99.97
316,99.97
316,99.98
316,99.98
316,99.98
316,99.98
316,99.98
316,99.98
316,99.98
316,99.98
316,99.98
316,99.98
316,99.98
316,99.98
317,99.95
317,99.95
317,99.95
317,99.95
317,99.95
317,99.95
317,99.98
317,99.98
317,99.98
317,99.98
317,99.98
317,99.98
317,99.98
317,99.98
317,99.98
317,99.98
317,99.98
318,99.98
318,99.98
318,99.98
318,99.98
318,99.98
318,99.98
318,99.98
318,99.98
318,99.98
318,99.98
318,99.98
318,99.98
318,99.98
319,99.97
319,99.97
319,99.98
319,99.98
319,99.98
319,99.98
319,99.98
319,99.98
320,99.94
320,99.94
320,99.94
320,99.94
320,99.94
320,99.94
320,99.98
320,99.98
321,99.96
321,99.98
321,99.98
321,99.98
321,99.98
321,99.98
321,99.98
321,99.98
321,99.98
321,99.98
321,99.98
322,99.94
322,99.94
322,99.94
322,99.95
322,99.95
322,99.97
322,99.97
322,99.98
322,99.98
322,99.98
322,99.98
322,99.98
322,99.98
323,99.96
323,99.96
323,99.96
323,99.96
323,99.96
323,99.97
323,99.98
324,99.96
324,99.98
324,99.98
324,99.98
324,99.98
324,99.98
324,99.98
325,99.97
325,99.97
325,99.97
325,99.97
326,99.97
326,99.97
326,99.97
326,99.97
326,99.97
326,99.97
326,99.97
326,99.97
326,99.97
326,99.97
326,99.97
326,99.98
326,99.98
326,99.98
326,99.98
326,99.98
326,99.98
326,99.98
326,99.98
326,99.98
326,99.98
326,99.98
326,99.98
327,99.96
327,99.96
327,99.96
327,99.96
327,99.96
327,99.96
327,99.97
328,99.84
328,99.84
328,99.84
328,99.84
328,99.84
328,99.89
328,99.98
328,99.98
328,99.98
328,99.98
328,99.98
328,99.98
328,99.98
329,99.97
330,99.97
330,99.97
331,99.94
331,99.94
331,99.94
331,99.94
331,99.94
331,99.97
331,99.97
331,99.97
331,99.97
331,99.97
331,99.97
332,99.95
332,99.95
332,99.95
332,99.95
332,99.95
332,99.95
332,99.96
332,99.96
332,99.96
332,99.97
332,99.97
332,99.97
332,99.97
332,99.97
332,99.97
332,99.97
332,99.97
333,99.97
333,99.97
333,99.97
333,99.97
333,99.97
333,99.97
333,99.97
333,99.97
333,99.97
333,99.97
333,99.97
333,99.97
333,99.97
334,99.96
334,99.96
334,99.96
334,99.96
334,99.96
334,99.96
334,99.97
334,99.97
334,99.97
334,99.97
334,99.97
334,99.97
334,99.97
334,99.97
334,99.97
334,99.97
334,99.97
334,99.97
334,99.97
334,99.97
334,99.97
334,99.97
334,99.97
334,99.97
334,99.97
334,99.97
334,99.97
334,99.97
334,99.97
334,99.97
335,99.49
335,99.93
335,99.93
335,99.97
335,99.97
335,99.97
335,99.97
335,99.97
335,99.97
335,99.97
335,99.97
336,99.97
336,99.97
336,99.97
336,99.97
336,99.97
336,99.97
336,99.97
336,99.97
336,99.97
336,99.97
336,99.97
336,99.97
336,99.97
336,99.97
336,99.97
336,99.97
336,99.97
336,99.97
336,99.97
336,99.97
336,99.97
336,99.97
336,99.97
336,99.97
336,99.97
336,99.97
337,99.97
337,99.97
337,99.97
337,99.97
337,99.97
337,99.97
337,99.97
337,99.97
337,99.97
338,99.96
338,99.97
338,99.97
338,99.97
338,99.97
338,99.97
338,99.97
338,99.97
338,99.97
339,99.95
339,99.95
339,99.95
339,99.95
339,99.95
339,99.95
339,99.97
339,99.97
339,99.97
339,99.97
339,99.97
339,99.97
339,99.97
339,99.97
339,99.97
339,99.97
339,99.97
339,99.97
340,99.94
340,99.94
340,99.94
340,99.94
340,99.94
340,99.95
340,99.97
340,99.97
341,99.97
341,99.97
341,99.97
341,99.97
341,99.97
341,99.97
341,99.97
341,99.97
341,99.97
341,99.97
341,99.97
341,99.97
341,99.97
341,99.97
342,99.96
342,99.96
342,99.96
342,99.96
342,99.96
342,99.96
342,99.97
342,99.97
342,99.97
342,99.97
342,99.97
342,99.97
342,99.97
342,99.97
342,99.97
342,99.97
342,99.97
342,99.97
342,99.97
342,99.97
342,99.97
342,99.97
342,99.97
342,99.97
342,99.97
342,99.97
342,99.97
342,99.97
342,99.97
343,99.97
343,99.97
343,99.97
343,99.97
343,99.97
343,99.97
343,99.97
343,99.97
343,99.97
343,99.97
343,99.97
343,99.97
344,99.94
344,99.94
344,99.94
344,99.94
344,99.94
344,99.94
344,99.97
344,99.97
344,99.97
344,99.97
344,99.97
344,99.97
344,99.97
345,99.94
345,99.94
345,99.94
345,99.95
345,99.95
345,99.95
345,99.97
345,99.97
345,99.97
345,99.97
345,99.97
345,99.97
345,99.97
345,99.97
345,99.97
345,99.97
345,99.97
345,99.97
346,99.95
346,99.95
346,99.95
346,99.95
346,99.95
346,99.96
346,99.96
346,99.96
346,99.96
346,99.96
346,99.96
346,99.96
346,99.97
346,99.97
346,99.97
346,99.97
346,99.97
346,99.97
346,99.97
346,99.97
346,99.97
346,99.97
346,99.97
346,99.97
346,99.97
347,99.96
347,99.96
347,99.96
347,99.96
347,99.96
347,99.97
347,99.97
347,99.97
348,99.97
348,99.97
348,99.97
348,99.97
348,99.97
348,99.97
348,99.97
349,99.90
349,99.90
349,99.90
349,99.90
349,99.90
349,99.90
349,99.97
349,99.97
349,99.97
349,99.97
349,99.97
349,99.97
350,99.97
350,99.97
350,99.97
350,99.97
350,99.97
350,99.97
350,99.97
350,99.97
350,99.97
350,99.97
351,99.96
351,99.96
351,99.96
351,99.96
351,99.96
351,99.96
351,99.96
351,99.96
351,99.96
351,99.96
351,99.96
351,99.96
351,99.97
351,99.97
351,99.97
351,99.97
352,99.96
352,99.96
352,99.96
352,99.96
352,99.96
352,99.96
352,99.97
352,99.97
352,99.97
352,99.97
352,99.97
353,99.95
353,99.95
353,99.95
353,99.95
353,99.95
353,99.96
353,99.97
353,99.97
353,99.97
354,99.96
354,99.96
354,99.96
354,99.96
354,99.96
354,99.96
354,99.97
354,99.97
354,99.97
354,99.97
354,99.97
355,99.87
355,99.97
355,99.97
355,99.97
355,99.97
355,99.97
355,99.97
356,99.87
356,99.87
356,99.87
356,99.87
356,99.87
356,99.87
356,99.96
356,99.96
356,99.96
356,99.96
356,99.96
356,99.96
356,99.97
356,99.97
356,99.97
356,99.97
356,99.97
356,99.97
356,99.97
356,99.97
356,99.97
356,99.97
356,99.97
356,99.97
356,99.97
357,99.97
357,99.97
357,99.97
357,99.97
357,99.97
357,99.97
357,99.97
357,99.97
357,99.97
357,99.97
357,99.97
357,99.97
358,99.92
358,99.92
358,99.92
358,99.92
358,99.92
358,99.97
358,99.97
358,99.97
358,99.97
358,99.97
358,99.97
359,99.95
359,99.95
359,99.95
359,99.95
359,99.95
359,99.95
359,99.97
359,99.97
359,99.97
359,99.97
359,99.97
359,99.97
359,99.97
359,99.97
359,99.97
359,99.97
359,99.97
359,99.97
359,99.97
359,99.97
359,99.97
359,99.97
359,99.97
359,99.97
360,99.96
360,99.97
360,99.97
360,99.97
360,99.97
360,99.97
360,99.97
360,99.97
360,99.97
360,99.97
360,99.97
360,99.97
360,99.97
360,99.97
361,99.97
361,99.97
361,99.97
361,99.97
361,99.97
361,99.97
361,99.97
361,99.97
361,99.97
361,99.97
361,99.97
361,99.97
361,99.97
361,99.97
361,99.97
361,99.97
361,99.97
361,99.97
362,99.97
362,99.97
362,99.97
362,99.97
362,99.97
362,99.97
363,99.97
363,99.97
363,99.97
363,99.97
363,99.97
363,99.97
363,99.97
363,99.97
363,99.97
363,99.97
363,99.97
363,99.97
363,99.97
363,99.97
363,99.97
364,99.97
364,99.97
364,99.97
364,99.97
364,99.97
364,99.97
364,99.97
364,99.97
364,99.97
364,99.97
364,99.97
364,99.97
364,99.97
365,99.91
365,99.95
365,99.95
365,99.95
365,99.96
365,99.96
365,99.96
365,99.96
365,99.96
365,99.96
365,99.96
365,99.96
365,99.97
365,99.97
365,99.97
365,99.97
365,99.97
365,99.97
366,99.95
366,99.95
366,99.95
366,99.95
366,99.95
366,99.95
366,99.96
366,99.96
366,99.96
366,99.96
366,99.96
366,99.96
366,99.97
366,99.97
366,99.97
366,99.97
366,99.97
366,99.97
366,99.97
366,99.97
366,99.97
366,99.97
366,99.97
366,99.97
366,99.97
366,99.97
366,99.97
366,99.97
366,99.97
366,99.97
366,99.97
366,99.97
366,99.97
367,99.95
367,99.95
367,99.95
367,99.95
367,99.95
367,99.95
367,99.97
367,99.97
367,99.97
367,99.97
367,99.97
367,99.97
367,99.97
367,99.97
367,99.97
367,99.97
367,99.97
367,99.97
368,99.96
368,99.96
368,99.96
368,99.96
368,99.96
368,99.97
368,99.97
368,99.97
368,99.97
368,99.97
368,99.97
368,99.97
368,99.97
368,99.97
368,99.97
369,99.94
369,99.94
369,99.94
369,99.94
369,99.96
369,99.96
369,99.96
369,99.96
369,99.96
369,99.96
369,99.97
369,99.97
369,99.97
369,99.97
369,99.97
369,99.97
370,99.93
370,99.93
370,99.93
370,99.93
370,99.93
370,99.93
371,99.94
371,99.94
371,99.94
371,99.94
371,99.94
371,99.94
371,99.97
371,99.97
371,99.97
371,99.97
371,99.97
371,99.97
371,99.97
371,99.97
371,99.97
371,99.97
371,99.97
371,99.97
371,99.97
371,99.97
371,99.97
372,99.96
372,99.96
372,99.96
372,99.96
372,99.96
372,99.96
373,99.96
373,99.96
373,99.96
373,99.96
373,99.96
373,99.96
373,99.97
373,99.97
373,99.97
373,99.97
373,99.97
373,99.97
373,99.97
373,99.97
373,99.97
373,99.97
373,99.97
373,99.97
373,99.97
373,99.97
373,99.97
373,99.97
373,99.97
373,99.97
374,99.97
375,99.91
375,99.91
375,99.91
375,99.91
375,99.91
375,99.92
375,99.95
375,99.97
375,99.97
375,99.97
375,99.97
375,99.97
375,99.97
375,99.97
375,99.97
375,99.97
375,99.97
375,99.97
375,99.97
375,99.97
375,99.97
375,99.97
375,99.97
375,99.97
375,99.97
375,99.97
376,99.89
376,99.96
376,99.96
376,99.96
376,99.96
376,99.96
376,99.96
376,99.96
376,99.97
376,99.97
376,99.97
376,99.97
376,99.97
376,99.97
376,99.97
376,99.97
376,99.97
376,99.97
376,99.97
376,99.97
376,99.97
376,99.97
376,99.97
376,99.97
377,99.95
377,99.95
377,99.95
377,99.95
377,99.95
377,99.95
377,99.97
378,99.93
378,99.96
378,99.96
378,99.96
378,99.96
378,99.96
378,99.96
378,99.97
378,99.97
378,99.97
378,99.97
378,99.97
378,99.97
378,99.97
378,99.97
378,99.97
378,99.97
378,99.97
378,99.97
379,99.93
379,99.93
379,99.93
379,99.93
379,99.93
379,99.93
379,99.96
379,99.96
379,99.96
379,99.96
379,99.96
379,99.96
379,99.96
379,99.96
379,99.96
379,99.96
379,99.96
379,99.96
379,99.97
380,99.95
380,99.96
380,99.96
380,99.96
380,99.97
380,99.97
380,99.97
381,99.69
381,99.69
381,99.69
381,99.69
381,99.69
381,99.69
381,99.96
381,99.96
381,99.96
381,99.96
381,99.96
381,99.96
382,99.95
382,99.95
382,99.95
382,99.95
382,99.95
382,99.96
382,99.97
382,99.97
382,99.97
382,99.97
382,99.97
382,99.97
382,99.97
382,99.97
382,99.97
382,99.97
382,99.97
382,99.97
383,99.93
383,99.94
383,99.94
383,99.94
383,99.94
383,99.94
383,99.96
383,99.96
383,99.96
383,99.96
383,99.96
383,99.96
384,99.94
384,99.94
384,99.94
384,99.95
384,99.95
384,99.96
384,99.97
384,99.97
384,99.97
384,99.97
384,99.97
384,99.97
384,99.97
384,99.97
384,99.97
385,99.96
385,99.96
385,99.96
385,99.96
385,99.96
385,99.97
385,99.97
385,99.97
385,99.97
385,99.97
385,99.97
386,99.96
386,99.96
386,99.96
386,99.97
386,99.97
386,99.97
386,99.97
386,99.97
386,99.97
387,99.97
387,99.97
387,99.97
387,99.97
387,99.97
387,99.97
387,99.97
387,99.97
387,99.97
387,99.97
387,99.97
387,99.97
387,99.97
387,99.97
387,99.97
387,99.97
387,99.97
387,99.97
388,99.92
388,99.92
388,99.92
388,99.92
388,99.92
388,99.92
388,99.93
388,99.93
388,99.93
388,99.93
388,99.93
388,99.93
388,99.95
388,99.97
388,99.97
388,99.97
388,99.97
388,99.97
388,99.97
389,99.93
389,99.93
389,99.96
389,99.96
389,99.96
389,99.96
389,99.96
389,99.96
389,99.97
389,99.97
389,99.97
389,99.97
389,99.97
389,99.97
389,99.97
389,99.97
389,99.97
389,99.97
389,99.97
389,99.97
390,99.75
390,99.75
390,99.75
390,99.75
390,99.86
390,99.96
390,99.96
390,99.96
390,99.96
390,99.96
390,99.96
390,99.97
390,99.97
390,99.97
390,99.97
390,99.97
390,99.97
390,99.97
390,99.97
390,99.97
390,99.97
390,99.97
390,99.97
390,99.97
390,99.97
390,99.97
390,99.97
390,99.97
391,99.92
391,99.92
391,99.93
391,99.95
391,99.95
391,99.97
391,99.97
391,99.97
391,99.97
391,99.97
391,99.97
392,99.97
392,99.97
392,99.97
392,99.97
392,99.97
393,99.97
393,99.97
393,99.97
393,99.97
393,99.97
393,99.97
394,99.97
394,99.97
394,99.97
394,99.97
395,99.93
395,99.95
395,99.95
395,99.95
395,99.95
395,99.95
395,99.95
395,99.96
395,99.96
395,99.97
396,99.97
396,99.97
396,99.97
396,99.97
396,99.97
396,99.97
396,99.97
396,99.97
396,99.97
396,99.97
396,99.97
396,99.97
396,99.97
396,99.97
396,99.97
396,99.97
396,99.97
396,99.97
396,99.97
396,99.97
396,99.97
396,99.97
396,99.97
397,99.94
397,99.94
397,99.94
397,99.94
397,99.94
397,99.94
397,99.97
397,99.97
397,99.97
397,99.97
397,99.97
397,99.97
397,99.97
397,99.97
397,99.97
397,99.97
398,99.83
398,99.83
398,99.83
398,99.83
398,99.83
398,99.85
398,99.97
398,99.97
399,99.95
399,99.97
399,99.97
399,99.97
399,99.97
399,99.97
399,99.97
400,99.96
400,99.96
400,99.96
400,99.96
400,99.96
400,99.96
402,99.97
402,99.97
402,99.97
402,99.97
402,99.97
403,99.94
403,99.94
403,99.94
403,99.94
403,99.94
403,99.96
403,99.97
403,99.97
403,99.97
403,99.97
403,99.97
403,99.97
404,99.97
404,99.97
404,99.97
404,99.97
404,99.97
404,99.97
404,99.97
404,99.97
404,99.97
405,99.96
405,99.96
405,99.96
405,99.96
405,99.96
405,99.96
405,99.96
405,99.96
405,99.96
405,99.96
405,99.96
405,99.96
405,99.96
405,99.97
405,99.97
406,99.86
406,99.86
406,99.86
406,99.86
406,99.86
406,99.87
406,99.96
406,99.96
406,99.96
406,99.96
406,99.96
406,99.96
406,99.97
406,99.97
406,99.97
406,99.97
406,99.97
406,99.97
406,99.97
406,99.97
406,99.97
406,99.97
406,99.97
406,99.97
407,99.93
407,99.93
407,99.93
407,99.93
407,99.93
407,99.94
408,99.97
408,99.97
408,99.97
408,99.97
408,99.97
408,99.97
409,99.92
409,99.94
409,99.94
409,99.94
409,99.94
409,99.94
409,99.96
409,99.96
409,99.97
409,99.97
409,99.97
409,99.97
409,99.97
409,99.97
410,99.96
410,99.96
410,99.96
410,99.96
410,99.96
411,99.93
411,99.93
411,99.93
411,99.93
411,99.93
411,99.93
411,99.96
411,99.96
411,99.96
411,99.96
411,99.96
411,99.97
411,99.97
411,99.97
411,99.97
411,99.97
411,99.97
412,99.95
412,99.95
412,99.95
412,99.95
412,99.95
412,99.95
412,99.97
413,99.97
413,99.97
413,99.97
413,99.97
413,99.97
413,99.97
415,99.95
415,99.95
415,99.95
415,99.95
415,99.95
415,99.95
415,99.96
415,99.96
415,99.96
415,99.96
415,99.96
415,99.97
415,99.97
415,99.97
415,99.97
415,99.97
415,99.97
415,99.97
415,99.97
415,99.97
416,99.96
416,99.96
416,99.96
416,99.96
416,99.96
416,99.96
417,99.96
417,99.96
417,99.96
417,99.96
417,99.96
417,99.96
417,99.97
417,99.97
417,99.97
417,99.97
417,99.97
417,99.97
418,99.97
418,99.97
418,99.97
418,99.97
418,99.97
418,99.97
418,99.97
419,99.89
419,99.89
419,99.89
419,99.89
419,99.89
419,99.89
419,99.97
420,99.97
420,99.97
420,99.97
420,99.97
420,99.97
420,99.97
421,99.92
421,99.92
421,99.97
421,99.97
421,99.97
421,99.97
421,99.97
421,99.97
422,99.95
422,99.95
422,99.95
422,99.95
422,99.95
422,99.95
423,99.94
423,99.94
423,99.94
423,99.94
423,99.94
423,99.94
423,99.96
423,99.97
423,99.97
423,99.97
423,99.97
424,99.91
424,99.97
424,99.97
424,99.97
424,99.97
424,99.97
424,99.97
425,99.96
425,99.96
425,99.96
425,99.96
425,99.96
425,99.96
425,99.96
425,99.97
425,99.97
425,99.97
425,99.97
425,99.97
425,99.97
426,99.95
426,99.96
426,99.96
426,99.96
426,99.96
426,99.96
426,99.96
426,99.97
427,99.93
427,99.94
427,99.97
427,99.97
427,99.97
427,99.97
427,99.97
427,99.97
427,99.97
427,99.97
427,99.97
427,99.97
427,99.97
427,99.97
428,99.92
428,99.96
428,99.96
428,99.96
428,99.96
428,99.96
428,99.96
428,99.96
428,99.96
428,99.96
428,99.96
428,99.96
428,99.96
428,99.97
428,99.97
428,99.97
428,99.97
428,99.97
428,99.97
429,99.96
429,99.96
429,99.96
429,99.96
429,99.96
429,99.96
429,99.96
429,99.96
429,99.96
429,99.96
429,99.96
429,99.96
429,99.96
429,99.96
429,99.96
429,99.96
429,99.96
429,99.96
430,99.96
430,99.96
430,99.97
430,99.97
430,99.97
430,99.97
430,99.97
430,99.97
430,99.97
430,99.97
430,99.97
430,99.97
430,99.97
430,99.97
430,99.97
431,99.96
431,99.96
431,99.96
431,99.96
431,99.96
431,99.96
431,99.96
431,99.96
431,99.96
431,99.96
431,99.96
431,99.96
431,99.97
431,99.97
431,99.97
431,99.97
431,99.97
431,99.97
432,99.97
432,99.97
432,99.97
432,99.97
432,99.97
432,99.97
434,99.95
434,99.95
434,99.95
434,99.95
434,99.95
434,99.96
434,99.96
434,99.96
434,99.96
434,99.96
434,99.96
434,99.97
434,99.97
434,99.97
434,99.97
434,99.97
434,99.97
434,99.97
434,99.97
434,99.97
434,99.97
434,99.97
434,99.97
434,99.97
435,99.96
435,99.96
435,99.96
435,99.96
435,99.96
435,99.96
436,99.96
436,99.96
436,99.96
436,99.96
436,99.96
436,99.96
437,99.97
438,99.95
438,99.95
438,99.95
438,99.95
438,99.95
438,99.95
438,99.95
438,99.95
438,99.95
438,99.95
438,99.96
438,99.97
439,99.96
439,99.97
439,99.97
439,99.97
439,99.97
439,99.97
439,99.97
439,99.97
439,99.97
439,99.97
439,99.97
439,99.97
440,99.95
440,99.95
440,99.95
440,99.95
440,99.95
440,99.95
440,99.95
440,99.95
440,99.95
440,99.95
440,99.95
440,99.96
440,99.96
441,99.97
441,99.97
441,99.97
441,99.97
441,99.97
441,99.97
441,99.97
441,99.97
441,99.97
441,99.97
441,99.97
441,99.97
441,99.97
442,99.90
442,99.90
442,99.90
442,99.90
442,99.90
442,99.90
443,99.95
443,99.95
443,99.95
443,99.95
443,99.95
443,99.95
443,99.95
443,99.95
443,99.95
443,99.95
443,99.95
443,99.97
443,99.97
443,99.97
443,99.97
443,99.97
443,99.97
443,99.97
443,99.97
443,99.97
443,99.97
443,99.97
443,99.97
444,99.93
444,99.93
444,99.93
444,99.93
444,99.93
444,99.93
444,99.93
444,99.93
444,99.94
444,99.94
444,99.94
444,99.94
444,99.96
444,99.96
444,99.96
444,99.96
444,99.96
444,99.96
447,99.94
447,99.97
447,99.97
447,99.97
447,99.97
447,99.97
447,99.97
447,99.97
448,99.74
448,99.74
448,99.74
448,99.74
448,99.74
448,99.79
448,99.93
448,99.93
448,99.93
448,99.93
448,99.93
448,99.93
448,99.96
448,99.96
448,99.96
448,99.96
448,99.96
448,99.96
448,99.97
448,99.97
448,99.97
448,99.97
448,99.97
448,99.97
450,99.95
450,99.95
450,99.95
450,99.95
450,99.95
450,99.95
450,99.95
450,99.95
450,99.95
450,99.96
451,99.96
451,99.96
451,99.96
451,99.96
451,99.96
451,99.97
451,99.97
451,99.97
451,99.97
451,99.97
451,99.97
451,99.97
451,99.97
451,99.97
451,99.97
451,99.97
451,99.97
451,99.97
451,99.97
451,99.97
451,99.97
451,99.97
451,99.97
451,99.97
452,99.96
452,99.96
452,99.96
452,99.96
452,99.96
452,99.96
452,99.96
452,99.96
452,99.96
452,99.96
452,99.96
453,99.92
453,99.92
453,99.92
453,99.92
453,99.95
453,99.95
453,99.95
453,99.95
453,99.95
453,99.95
453,99.95
453,99.95
453,99.95
453,99.95
453,99.95
453,99.97
454,99.95
454,99.95
454,99.95
454,99.95
454,99.95
454,99.95
454,99.97
454,99.97
454,99.97
454,99.97
454,99.97
454,99.97
455,99.97
455,99.97
455,99.97
455,99.97
455,99.97
455,99.97
456,99.91
456,99.97
456,99.97
456,99.97
456,99.97
456,99.97
456,99.97
456,99.97
456,99.97
456,99.97
456,99.97
456,99.97
456,99.97
456,99.97
456,99.97
456,99.97
456,99.97
456,99.97
456,99.97
456,99.97
456,99.97
456,99.97
456,99.97
456,99.97
456,99.97
457,99.95
457,99.95
457,99.97
457,99.97
457,99.97
457,99.97
457,99.97
457,99.97
457,99.97
458,99.95
458,99.95
458,99.95
458,99.95
458,99.95
458,99.95
458,99.97
458,99.97
458,99.97
458,99.97
458,99.97
458,99.97
458,99.97
458,99.97
458,99.97
458,99.97
458,99.97
458,99.97
459,99.90
459,99.90
459,99.90
459,99.90
459,99.90
459,99.93
459,99.96
459,99.96
459,99.96
459,99.96
459,99.96
459,99.96
459,99.97
459,99.97
459,99.97
459,99.97
459,99.97
459,99.97
460,99.96
461,99.94
461,99.94
461,99.94
461,99.94
461,99.94
461,99.94
461,99.97
462,99.96
463,99.95
463,99.95
463,99.95
463,99.95
463,99.95
463,99.96
463,99.96
463,99.96
463,99.96
463,99.96
463,99.96
463,99.96
464,99.92
464,99.92
464,99.92
464,99.92
464,99.92
464,99.92
464,99.95
464,99.95
464,99.95
464,99.95
464,99.95
464,99.95
464,99.96
464,99.96
464,99.96
464,99.96
464,99.96
464,99.96
465,99.80
465,99.94
465,99.94
465,99.94
465,99.94
465,99.94
465,99.95
465,99.95
465,99.95
466,99.95
466,99.95
466,99.95
466,99.95
466,99.95
466,99.95
466,99.96
466,99.96
466,99.96
466,99.96
466,99.96
466,99.96
466,99.96
466,99.96
466,99.96
466,99.96
466,99.96
467,99.93
467,99.93
467,99.93
467,99.93
467,99.93
467,99.93
467,99.95
467,99.95
467,99.95
467,99.95
467,99.95
467,99.95
468,99.96
468,99.96
468,99.96
468,99.96
468,99.96
468,99.96
469,99.88
469,99.90
469,99.90
469,99.90
469,99.90
469,99.90
469,99.90
470,99.94
470,99.94
470,99.94
470,99.94
470,99.94
470,99.94
470,99.96
470,99.96
470,99.96
470,99.96
470,99.96
470,99.96
470,99.96
470,99.96
470,99.96
470,99.96
470,99.96
471,99.96
471,99.96
471,99.96
471,99.96
471,99.96
471,99.96
471,99.96
472,99.94
472,99.94
472,99.94
472,99.94
472,99.94
472,99.94
472,99.96
472,99.96
472,99.96
472,99.96
472,99.96
472,99.96
473,99.95
473,99.95
473,99.95
473,99.95
473,99.95
473,99.95
473,99.96
473,99.96
473,99.96
473,99.96
474,99.96
474,99.96
474,99.96
474,99.96
474,99.96
474,99.96
474,99.96
474,99.96
474,99.96
474,99.96
474,99.96
474,99.96
474,99.96
476,99.96
476,99.96
476,99.96
476,99.96
476,99.96
476,99.96
476,99.96
476,99.96
476,99.96
476,99.96
476,99.96
476,99.96
476,99.96
476,99.96
476,99.96
476,99.96
476,99.96
476,99.96
477,99.94
477,99.94
477,99.94
477,99.94
477,99.94
477,99.94
477,99.95
477,99.95
477,99.95
477,99.95
477,99.95
477,99.95
478,99.95
478,99.95
478,99.95
478,99.95
478,99.95
478,99.96
478,99.96
478,99.96
478,99.96
478,99.96
479,99.95
480,99.96
481,99.96
481,99.96
481,99.96
481,99.96
481,99.96
481,99.96
481,99.96
481,99.96
481,99.96
481,99.96
481,99.96
481,99.96
481,99.96
481,99.96
481,99.96
481,99.96
481,99.96
481,99.96
482,99.96
482,99.96
482,99.96
482,99.96
482,99.96
482,99.96
483,99.94
483,99.94
483,99.94
483,99.94
483,99.94
483,99.94
483,99.94
483,99.94
483,99.94
483,99.94
483,99.94
483,99.95
483,99.96
484,99.95
484,99.95
484,99.95
484,99.95
484,99.95
484,99.95
484,99.96
485,99.94
485,99.94
485,99.94
485,99.94
485,99.94
485,99.95
485,99.95
485,99.95
485,99.95
485,99.95
485,99.96
485,99.96
485,99.96
485,99.96
485,99.96
485,99.96
485,99.96
486,99.96
486,99.96
486,99.96
486,99.96
486,99.96
486,99.96
486,99.96
486,99.96
486,99.96
486,99.96
486,99.96
486,99.96
487,99.94
487,99.96
487,99.96
487,99.96
487,99.96
487,99.96
487,99.96
487,99.96
487,99.96
487,99.96
487,99.96
487,99.96
487,99.96
488,99.94
488,99.94
488,99.94
488,99.94
488,99.94
488,99.94
488,99.94
488,99.94
488,99.94
488,99.94
488,99.94
488,99.94
488,99.95
488,99.95
488,99.96
488,99.96
488,99.96
488,99.96
488,99.96
488,99.96
489,99.94
489,99.94
490,99.64
490,99.64
490,99.64
490,99.64
490,99.64
490,99.79
490,99.86
490,99.86
490,99.87
490,99.87
490,99.87
490,99.87
490,99.96
491,99.94
491,99.94
491,99.94
491,99.94
491,99.94
491,99.94
491,99.95
491,99.96
491,99.96
491,99.96
491,99.96
491,99.96
492,99.95
492,99.95
492,99.95
492,99.95
492,99.95
492,99.95
492,99.96
492,99.96
492,99.96
492,99.96
492,99.96
492,99.96
493,99.95
493,99.95
493,99.95
493,99.95
493,99.95
493,99.95
493,99.96
493,99.96
494,99.89
494,99.89
494,99.89
494,99.89
494,99.89
494,99.91
494,99.95
494,99.95
494,99.95
494,99.95
494,99.95
494,99.95
494,99.96
494,99.96
494,99.96
494,99.96
494,99.96
494,99.96
494,99.96
494,99.96
494,99.96
494,99.96
494,99.96
494,99.96
494,99.96
494,99.96
494,99.96
494,99.96
494,99.96
494,99.96
496,99.95
496,99.96
496,99.96
496,99.96
496,99.96
496,99.96
496,99.96
497,99.96
497,99.96
497,99.96
497,99.96
497,99.96
497,99.96
498,99.92
498,99.92
498,99.92
498,99.92
498,99.92
498,99.93
498,99.96
498,99.96
498,99.96
498,99.96
498,99.96
498,99.96
498,99.96
498,99.96
498,99.96
498,99.96
498,99.96
498,99.96
499,99.96
499,99.96
499,99.96
499,99.96
499,99.96
499,99.96
499,99.96
499,99.96
499,99.96
500,99.95
500,99.95
500,99.95
500,99.95
500,99.95
500,99.96
500,99.96
500,99.96
500,99.96
500,99.96
500,99.96
500,99.96
500,99.96
500,99.96
500,99.96
500,99.96
500,99.96
501,99.95
501,99.95
501,99.95
501,99.95
501,99.95
502,99.90
502,99.90
502,99.90
502,99.90
502,99.91
502,99.91
502,99.96
502,99.96
502,99.96
502,99.96
502,99.96
503,99.96
503,99.96
503,99.96
503,99.96
503,99.96
503,99.96
503,99.96
503,99.96
503,99.96
503,99.96
503,99.96
504,99.94
504,99.94
504,99.94
504,99.94
504,99.95
504,99.95
504,99.96
504,99.96
504,99.96
504,99.96
504,99.96
504,99.96
504,99.96
504,99.96
504,99.96
504,99.96
504,99.96
504,99.96
505,99.83
505,99.96
505,99.96
505,99.96
505,99.96
505,99.96
505,99.96
506,99.95
506,99.96
506,99.96
506,99.96
506,99.96
506,99.96
506,99.96
506,99.96
506,99.96
506,99.96
506,99.96
506,99.96
506,99.96
506,99.96
507,99.92
507,99.92
507,99.92
507,99.92
507,99.92
507,99.92
507,99.96
507,99.96
507,99.96
507,99.96
507,99.96
507,99.96
507,99.96
507,99.96
507,99.96
507,99.96
507,99.96
508,99.93
508,99.93
508,99.93
508,99.93
508,99.93
508,99.93
508,99.94
508,99.94
508,99.94
508,99.94
508,99.94
508,99.95
508,99.96
508,99.96
508,99.96
508,99.96
508,99.96
508,99.96
508,99.96
509,99.94
509,99.94
509,99.94
509,99.94
509,99.94
509,99.94
510,99.96
510,99.96
510,99.96
510,99.96
510,99.96
510,99.96
511,99.73
511,99.73
511,99.73
511,99.73
511,99.73
511,99.73
511,99.95
511,99.96
511,99.96
511,99.96
511,99.96
511,99.96
511,99.96
511,99.96
511,99.96
511,99.96
511,99.96
511,99.96
511,99.96
511,99.96
511,99.96
511,99.96
511,99.96
511,99.96
511,99.96
511,99.96
511,99.96
511,99.96
512,99.95
512,99.95
512,99.95
512,99.95
512,99.96
512,99.96
513,99.93
513,99.93
513,99.93
513,99.93
513,99.93
513,99.93
513,99.95
513,99.95
513,99.95
513,99.95
513,99.95
513,99.96
513,99.96
513,99.96
513,99.96
513,99.96
513,99.96
513,99.96
514,99.96
514,99.96
514,99.96
514,99.96
514,99.96
514,99.96
514,99.96
514,99.96
514,99.96
514,99.96
514,99.96
514,99.96
514,99.96
514,99.96
514,99.96
514,99.96
515,99.96
516,99.94
516,99.95
516,99.95
516,99.95
516,99.95
516,99.95
516,99.95
516,99.96
516,99.96
516,99.96
516,99.96
516,99.96
516,99.96
517,99.96
517,99.96
517,99.96
517,99.96
517,99.96
517,99.96
518,99.94
519,99.90
519,99.90
519,99.90
519,99.90
519,99.90
519,99.90
519,99.94
519,99.96
519,99.96
519,99.96
519,99.96
519,99.96
519,99.96
519,99.96
519,99.96
519,99.96
519,99.96
519,99.96
519,99.96
520,99.88
520,99.88
520,99.88
520,99.88
520,99.88
520,99.88
520,99.93
520,99.93
520,99.93
520,99.93
520,99.93
520,99.93
520,99.95
520,99.95
520,99.96
521,99.95
521,99.95
521,99.95
521,99.95
521,99.95
521,99.95
521,99.95
521,99.95
521,99.95
521,99.95
521,99.95
521,99.95
521,99.96
522,99.94
522,99.94
522,99.94
522,99.94
522,99.94
522,99.94
522,99.96
522,99.96
522,99.96
522,99.96
522,99.96
522,99.96
523,99.94
523,99.94
523,99.95
523,99.95
523,99.95
523,99.95
523,99.95
523,99.95
523,99.95
523,99.95
523,99.95
523,99.96
523,99.96
523,99.96
523,99.96
523,99.96
523,99.96
523,99.96
524,99.94
524,99.95
524,99.95
524,99.95
524,99.95
524,99.95
525,99.96
525,99.96
525,99.96
525,99.96
525,99.96
526,99.94
526,99.94
526,99.94
526,99.94
526,99.94
526,99.94
526,99.94
526,99.95
526,99.95
526,99.95
526,99.95
526,99.95
526,99.95
527,99.95
527,99.95
527,99.95
527,99.95
527,99.96
527,99.96
527,99.96
528,99.96
528,99.96
528,99.96
528,99.96
528,99.96
528,99.96
528,99.96
528,99.96
528,99.96
528,99.96
528,99.96
528,99.96
529,99.95
529,99.95
529,99.95
529,99.95
529,99.95
529,99.95
529,99.96
529,99.96
529,99.96
529,99.96
529,99.96
529,99.96
530,99.96
530,99.96
530,99.96
530,99.96
530,99.96
530,99.96
530,99.96
531,99.94
531,99.96
531,99.96
531,99.96
531,99.96
531,99.96
531,99.96
531,99.96
531,99.96
531,99.96
531,99.96
531,99.96
532,99.94
532,99.96
533,99.94
533,99.95
533,99.95
533,99.95
533,99.95
533,99.95
534,99.95
534,99.95
534,99.95
534,99.95
534,99.95
534,99.95
534,99.95
534,99.95
534,99.95
534,99.95
534,99.95
534,99.95
534,99.96
534,99.96
534,99.96
534,99.96
534,99.96
534,99.96
535,99.91
535,99.91
535,99.91
535,99.91
535,99.91
535,99.92
535,99.95
535,99.96
535,99.96
535,99.96
535,99.96
535,99.96
535,99.96
536,99.92
536,99.92
536,99.92
536,99.92
536,99.92
536,99.92
536,99.96
536,99.96
536,99.96
536,99.96
536,99.96
536,99.96
536,99.96
536,99.96
537,99.95
537,99.95
537,99.95
537,99.95
537,99.95
537,99.95
537,99.96
537,99.96
537,99.96
537,99.96
538,99.95
538,99.95
538,99.95
538,99.95
538,99.96
539,99.94
539,99.94
539,99.94
539,99.94
539,99.94
539,99.94
539,99.96
539,99.96
539,99.96
539,99.96
539,99.96
539,99.96
539,99.96
539,99.96
539,99.96
539,99.96
539,99.96
539,99.96
540,99.95
540,99.96
541,99.91
541,99.91
541,99.91
541,99.91
541,99.91
541,99.93
541,99.93
541,99.93
541,99.93
541,99.93
541,99.93
541,99.93
541,99.95
541,99.96
541,99.96
541,99.96
541,99.96
541,99.96
541,99.96
541,99.96
541,99.96
541,99.96
541,99.96
541,99.96
542,99.96
542,99.96
542,99.96
543,99.96
543,99.96
544,99.91
544,99.93
544,99.93
544,99.93
544,99.93
544,99.93
544,99.93
544,99.94
544,99.95
544,99.95
544,99.95
544,99.95
544,99.95
544,99.96
544,99.96
544,99.96
544,99.96
544,99.96
544,99.96
544,99.96
545,99.96
545,99.96
545,99.96
545,99.96
545,99.96
545,99.96
546,99.93
546,99.93
546,99.95
546,99.95
546,99.96
547,99.93
547,99.96
547,99.96
547,99.96
547,99.96
547,99.96
547,99.96
547,99.96
548,99.95
548,99.95
548,99.96
548,99.96
548,99.96
548,99.96
548,99.96
548,99.96
549,99.96
549,99.96
549,99.96
549,99.96
549,99.96
549,99.96
550,99.94
551,99.83
551,99.83
551,99.83
551,99.83
551,99.83
551,99.90
551,99.95
552,99.93
552,99.93
552,99.93
552,99.93
552,99.93
552,99.93
553,99.96
554,99.96
554,99.96
554,99.96
554,99.96
554,99.96
554,99.96
555,99.70
555,99.70
555,99.70
555,99.70
555,99.70
555,99.70
555,99.94
555,99.95
555,99.95
555,99.95
555,99.95
555,99.96
555,99.96
555,99.96
555,99.96
555,99.96
555,99.96
556,99.93
556,99.96
556,99.96
556,99.96
556,99.96
556,99.96
556,99.96
556,99.96
556,99.96
556,99.96
556,99.96
556,99.96
556,99.96
556,99.96
557,99.96
557,99.96
557,99.96
557,99.96
557,99.96
557,99.96
558,99.96
559,99.66
559,99.66
559,99.66
559,99.66
559,99.66
559,99.66
559,99.96
559,99.96
559,99.96
559,99.96
559,99.96
559,99.96
559,99.96
560,99.92
560,99.92
560,99.92
560,99.92
560,99.92
560,99.92
560,99.93
560,99.93
560,99.93
560,99.93
560,99.93
560,99.93
560,99.96
560,99.96
560,99.96
560,99.96
560,99.96
560,99.96
561,99.86
561,99.94
561,99.95
561,99.95
561,99.95
561,99.95
561,99.95
561,99.95
562,99.93
562,99.93
562,99.93
562,99.93
562,99.93
562,99.94
562,99.94
562,99.95
562,99.95
562,99.95
562,99.96
562,99.96
563,99.83
563,99.94
563,99.94
563,99.94
563,99.94
563,99.94
563,99.94
564,99.93
564,99.93
564,99.93
564,99.93
564,99.93
564,99.93
564,99.94
564,99.94
564,99.96
564,99.96
564,99.96
564,99.96
564,99.96
564,99.96
564,99.96
564,99.96
564,99.96
564,99.96
564,99.96
564,99.96
566,99.89
566,99.89
566,99.89
566,99.89
566,99.89
566,99.89
566,99.93
566,99.93
566,99.93
566,99.93
566,99.93
566,99.94
566,99.94
566,99.94
566,99.94
566,99.94
566,99.94
566,99.94
566,99.96
566,99.96
566,99.96
566,99.96
566,99.96
566,99.96
566,99.96
566,99.96
566,99.96
566,99.96
566,99.96
566,99.96
567,99.96
567,99.96
567,99.96
567,99.96
567,99.96
567,99.96
567,99.96
567,99.96
567,99.96
568,99.95
568,99.96
568,99.96
568,99.96
568,99.96
568,99.96
568,99.96
568,99.96
570,99.59
570,99.96
570,99.96
570,99.96
570,99.96
570,99.96
570,99.96
571,99.96
571,99.96
571,99.96
571,99.96
571,99.96
571,99.96
571,99.96
572,99.95
572,99.95
572,99.95
572,99.95
572,99.95
572,99.95
572,99.95
572,99.96
573,99.93
573,99.93
573,99.94
573,99.94
573,99.94
573,99.94
573,99.95
573,99.95
573,99.96
573,99.96
573,99.96
573,99.96
574,99.94
574,99.96
574,99.96
574,99.96
574,99.96
574,99.96
574,99.96
574,99.96
574,99.96
574,99.96
574,99.96
574,99.96
574,99.96
575,99.91
575,99.91
575,99.91
575,99.91
575,99.91
575,99.92
575,99.96
575,99.96
575,99.96
575,99.96
575,99.96
575,99.96
576,99.93
576,99.93
576,99.93
576,99.93
576,99.93
576,99.96
576,99.96
576,99.96
576,99.96
576,99.96
576,99.96
576,99.96
576,99.96
576,99.96
576,99.96
576,99.96
576,99.96
577,99.94
577,99.94
577,99.94
577,99.94
577,99.94
577,99.94
577,99.96
577,99.96
577,99.96
577,99.96
577,99.96
577,99.96
578,99.94
578,99.95
578,99.95
578,99.95
578,99.95
578,99.95
578,99.96
578,99.96
578,99.96
578,99.96
578,99.96
578,99.96
579,99.86
579,99.96
579,99.96
579,99.96
579,99.96
579,99.96
579,99.96
580,99.93
580,99.93
580,99.93
580,99.93
580,99.93
580,99.93
580,99.96
580,99.96
580,99.96
580,99.96
580,99.96
580,99.96
581,99.94
581,99.95
582,99.96
582,99.96
582,99.96
582,99.96
582,99.96
582,99.96
582,99.96
582,99.96
582,99.96
582,99.96
583,99.93
583,99.93
583,99.93
583,99.93
583,99.93
583,99.93
583,99.94
583,99.94
583,99.94
583,99.94
583,99.94
583,99.94
584,99.95
584,99.96
584,99.96
584,99.96
584,99.96
584,99.96
584,99.96
584,99.96
584,99.96
584,99.96
585,99.96
586,99.92
586,99.92
586,99.93
586,99.93
586,99.93
586,99.93
586,99.93
586,99.93
586,99.93
586,99.94
586,99.94
587,99.94
587,99.94
587,99.94
587,99.94
587,99.94
587,99.94
587,99.95
587,99.95
587,99.96
587,99.96
587,99.96
587,99.96
587,99.96
587,99.96
588,99.92
588,99.92
588,99.92
588,99.92
588,99.92
588,99.92
588,99.94
588,99.94
588,99.96
588,99.96
588,99.96
588,99.96
588,99.96
588,99.96
588,99.96
588,99.96
588,99.96
588,99.96
588,99.96
588,99.96
589,99.94
589,99.94
589,99.94
589,99.94
589,99.94
589,99.95
589,99.95
589,99.95
589,99.95
589,99.95
589,99.95
589,99.95
589,99.96
589,99.96
589,99.96
589,99.96
589,99.96
589,99.96
589,99.96
589,99.96
590,99.95
590,99.95
590,99.95
590,99.95
590,99.95
590,99.95
590,99.95
590,99.95
590,99.95
590,99.95
590,99.95
590,99.95
590,99.96
590,99.96
590,99.96
590,99.96
590,99.96
590,99.96
590,99.96
590,99.96
590,99.96
590,99.96
590,99.96
591,99.93
591,99.93
591,99.93
591,99.93
591,99.93
591,99.94
591,99.96
591,99.96
591,99.96
591,99.96
591,99.96
591,99.96
592,99.90
592,99.90
592,99.90
592,99.90
592,99.90
592,99.90
592,99.93
592,99.93
592,99.93
592,99.93
592,99.93
592,99.93
592,99.94
592,99.94
592,99.95
593,99.92
593,99.92
593,99.92
593,99.92
593,99.92
593,99.92
593,99.95
593,99.95
593,99.95
593,99.95
593,99.95
593,99.95
593,99.95
593,99.95
593,99.95
593,99.95
593,99.95
593,99.95
594,99.95
594,99.95
594,99.95
594,99.95
594,99.95
594,99.95
595,99.95
595,99.95
595,99.95
595,99.95
595,99.95
595,99.95
596,99.94
596,99.94
596,99.94
596,99.95
596,99.95
596,99.95
596,99.95
596,99.95
596,99.95
597,99.90
597,99.90
597,99.90
597,99.90
597,99.91
597,99.91
597,99.92
597,99.95
597,99.95
597,99.95
597,99.95
598,99.95
598,99.95
598,99.95
598,99.95
598,99.95
598,99.95
598,99.95
599,99.95
599,99.95
599,99.95
599,99.95
599,99.95
599,99.95
600,99.95
600,99.95
600,99.95
600,99.95
600,99.95
600,99.95
601,99.82
601,99.82
601,99.82
601,99.82
601,99.82
601,99.82
601,99.93
601,99.95
601,99.95
601,99.95
601,99.95
601,99.95
601,99.95
602,99.95
602,99.95
602,99.95
602,99.95
602,99.95
602,99.95
603,99.92
603,99.92
603,99.92
603,99.92
603,99.92
603,99.92
603,99.94
603,99.94
603,99.94
603,99.94
603,99.94
603,99.94
603,99.95
603,99.95
603,99.95
603,99.95
603,99.95
603,99.95
603,99.95
603,99.95
603,99.95
603,99.95
603,99.95
603,99.95
604,99.95
604,99.95
604,99.95
604,99.95
604,99.95
604,99.95
604,99.95
604,99.95
604,99.95
604,99.95
604,99.95
604,99.95
604,99.95
604,99.95
604,99.95
605,99.89
605,99.89
605,99.89
605,99.89
605,99.89
605,99.89
605,99.95
605,99.95
605,99.95
605,99.95
605,99.95
605,99.95
605,99.95
605,99.95
605,99.95
605,99.95
605,99.95
605,99.95
605,99.95
605,99.95
605,99.95
605,99.95
605,99.95
605,99.95
605,99.95
606,99.95
606,99.95
606,99.95
606,99.95
606,99.95
606,99.95
606,99.95
606,99.95
606,99.95
606,99.95
606,99.95
607,99.95
607,99.95
607,99.95
607,99.95
607,99.95
607,99.95
608,99.94
608,99.94
608,99.94
608,99.94
608,99.94
608,99.94
608,99.95
608,99.95
608,99.95
608,99.95
609,99.91
609,99.91
609,99.91
609,99.92
609,99.92
609,99.94
609,99.94
609,99.94
609,99.95
609,99.95
609,99.95
609,99.95
609,99.95
609,99.95
609,99.95
609,99.95
609,99.95
609,99.95
609,99.95
609,99.95
610,99.94
610,99.94
610,99.94
610,99.94
610,99.94
610,99.94
610,99.95
610,99.95
610,99.95
610,99.95
610,99.95
611,99.93
611,99.93
611,99.93
611,99.93
611,99.93
611,99.94
611,99.94
611,99.95
611,99.95
611,99.95
611,99.95
611,99.95
611,99.95
612,99.94
612,99.94
612,99.94
612,99.94
612,99.94
612,99.94
613,99.94
613,99.94
613,99.94
613,99.94
613,99.94
613,99.95
613,99.95
613,99.95
613,99.95
613,99.95
613,99.95
613,99.95
613,99.95
613,99.95
613,99.95
613,99.95
613,99.95
613,99.95
614,99.88
614,99.88
614,99.93
614,99.93
614,99.93
614,99.93
614,99.93
614,99.93
614,99.93
614,99.93
614,99.93
614,99.93
614,99.93
614,99.93
614,99.95
615,99.94
615,99.94
615,99.94
615,99.95
615,99.95
615,99.95
615,99.95
615,99.95
616,99.95
616,99.95
616,99.95
616,99.95
616,99.95
617,99.95
617,99.95
617,99.95
617,99.95
617,99.95
617,99.95
618,99.93
618,99.93
618,99.93
618,99.93
618,99.93
618,99.93
618,99.95
618,99.95
618,99.95
618,99.95
618,99.95
618,99.95
618,99.95
618,99.95
618,99.95
618,99.95
618,99.95
618,99.95
619,99.94
619,99.94
619,99.94
619,99.94
619,99.94
619,99.94
619,99.95
619,99.95
619,99.95
619,99.95
619,99.95
619,99.95
619,99.95
619,99.95
619,99.95
619,99.95
620,99.92
620,99.92
620,99.92
620,99.92
620,99.92
620,99.92
620,99.94
620,99.95
621,99.93
621,99.93
621,99.93
621,99.93
621,99.93
621,99.94
621,99.95
621,99.95
622,99.90
622,99.90
622,99.90
622,99.90
622,99.90
622,99.93
622,99.95
623,99.94
623,99.95
623,99.95
623,99.95
623,99.95
623,99.95
623,99.95
623,99.95
623,99.95
623,99.95
623,99.95
623,99.95
623,99.95
624,99.93
624,99.93
624,99.93
624,99.93
624,99.93
624,99.95
624,99.95
624,99.95
624,99.95
624,99.95
624,99.95
624,99.95
624,99.95
624,99.95
624,99.95
625,99.92
625,99.92
625,99.93
625,99.93
625,99.93
625,99.95
625,99.95
625,99.95
625,99.95
625,99.95
625,99.95
625,99.95
625,99.95
626,99.91
626,99.94
626,99.94
626,99.94
626,99.94
626,99.94
626,99.94
626,99.94
626,99.94
626,99.94
626,99.94
626,99.94
626,99.94
626,99.94
627,99.95
627,99.95
627,99.95
627,99.95
627,99.95
627,99.95
627,99.95
627,99.95
627,99.95
627,99.95
628,99.87
628,99.87
628,99.87
628,99.87
628,99.87
628,99.88
629,99.90
629,99.90
629,99.90
629,99.90
629,99.90
629,99.91
629,99.95
629,99.95
629,99.95
629,99.95
629,99.95
629,99.95
629,99.95
629,99.95
629,99.95
629,99.95
629,99.95
629,99.95
630,99.95
630,99.95
630,99.95
630,99.95
630,99.95
630,99.95
630,99.95
631,99.95
631,99.95
631,99.95
631,99.95
631,99.95
631,99.95
631,99.95
631,99.95
631,99.95
631,99.95
631,99.95
631,99.95
631,99.95
631,99.95
631,99.95
631,99.95
631,99.95
631,99.95
632,99.95
632,99.95
632,99.95
632,99.95
632,99.95
632,99.95
633,99.91
633,99.94
633,99.94
633,99.94
633,99.94
633,99.94
633,99.94
633,99.95
633,99.95
633,99.95
633,99.95
633,99.95
633,99.95
633,99.95
633,99.95
633,99.95
633,99.95
633,99.95
634,99.90
634,99.91
634,99.91
634,99.91
634,99.91
634,99.91
634,99.92
634,99.95
634,99.95
634,99.95
634,99.95
634,99.95
634,99.95
635,99.94
635,99.94
635,99.94
635,99.94
635,99.94
635,99.94
636,99.76
636,99.76
636,99.76
636,99.76
636,99.76
636,99.78
636,99.84
636,99.84
636,99.84
636,99.84
636,99.84
636,99.84
636,99.94
636,99.94
636,99.94
636,99.94
636,99.94
636,99.94
636,99.95
636,99.95
636,99.95
636,99.95
636,99.95
636,99.95
637,99.92
637,99.92
637,99.92
637,99.92
637,99.94
637,99.94
637,99.94
637,99.94
637,99.94
637,99.95
637,99.95
637,99.95
637,99.95
637,99.95
637,99.95
638,99.83
638,99.83
638,99.85
638,99.85
638,99.85
638,99.87
638,99.88
638,99.88
638,99.88
638,99.88
638,99.88
638,99.89
638,99.95
638,99.95
638,99.95
638,99.95
638,99.95
638,99.95
638,99.95
638,99.95
638,99.95
638,99.95
638,99.95
639,99.91
639,99.95
639,99.95
639,99.95
639,99.95
639,99.95
639,99.95
640,99.95
640,99.95
640,99.95
640,99.95
640,99.95
640,99.95
640,99.95
641,99.95
641,99.95
641,99.95
641,99.95
641,99.95
641,99.95
641,99.95
641,99.95
641,99.95
641,99.95
641,99.95
641,99.95
641,99.95
641,99.95
641,99.95
641,99.95
641,99.95
641,99.95
642,99.93
642,99.93
642,99.93
642,99.93
642,99.93
642,99.93
642,99.95
642,99.95
642,99.95
642,99.95
642,99.95
642,99.95
643,99.91
643,99.91
643,99.91
643,99.91
643,99.91
643,99.91
643,99.95
643,99.95
643,99.95
643,99.95
643,99.95
643,99.95
643,99.95
644,99.95
644,99.95
644,99.95
644,99.95
644,99.95
645,99.93
645,99.94
645,99.94
645,99.94
645,99.94
645,99.94
645,99.94
646,99.90
646,99.90
646,99.90
646,99.90
646,99.90
646,99.91
646,99.94
646,99.94
646,99.94
646,99.94
646,99.94
646,99.94
646,99.95
646,99.95
646,99.95
646,99.95
646,99.95
646,99.95
647,99.93
647,99.93
647,99.93
647,99.93
647,99.93
647,99.93
647,99.94
647,99.94
647,99.94
647,99.94
647,99.94
647,99.94
647,99.95
647,99.95
647,99.95
647,99.95
647,99.95
647,99.95
648,99.94
648,99.94
648,99.94
648,99.94
648,99.95
648,99.95
648,99.95
648,99.95
648,99.95
648,99.95
649,99.94
649,99.94
649,99.94
649,99.94
649,99.94
649,99.94
649,99.95
649,99.95
649,99.95
649,99.95
649,99.95
649,99.95
649,99.95
649,99.95
649,99.95
649,99.95
650,99.93
650,99.93
650,99.93
650,99.93
650,99.93
650,99.94
650,99.94
650,99.94
650,99.94
650,99.94
650,99.94
651,99.90
651,99.90
651,99.90
651,99.90
651,99.90
651,99.91
652,99.94
652,99.94
652,99.94
652,99.94
652,99.94
652,99.94
652,99.94
652,99.94
652,99.94
652,99.94
652,99.94
652,99.95
652,99.95
652,99.95
652,99.95
652,99.95
652,99.95
652,99.95
653,99.93
653,99.94
653,99.94
653,99.94
653,99.94
653,99.94
653,99.94
654,99.93
654,99.93
654,99.93
654,99.93
654,99.93
654,99.93
655,99.95
655,99.95
655,99.95
655,99.95
655,99.95
655,99.95
656,99.92
656,99.92
656,99.92
656,99.92
656,99.92
656,99.92
656,99.93
656,99.95
656,99.95
656,99.95
656,99.95
656,99.95
656,99.95
656,99.95
656,99.95
656,99.95
656,99.95
656,99.95
656,99.95
657,99.93
657,99.93
657,99.93
657,99.93
657,99.93
657,99.93
657,99.95
657,99.95
657,99.95
657,99.95
657,99.95
657,99.95
657,99.95
657,99.95
657,99.95
657,99.95
657,99.95
658,99.95
658,99.95
658,99.95
658,99.95
658,99.95
658,99.95
659,99.94
659,99.94
659,99.94
659,99.94
659,99.94
659,99.95
659,99.95
659,99.95
659,99.95
659,99.95
659,99.95
659,99.95
659,99.95
659,99.95
659,99.95
659,99.95
659,99.95
660,99.88
660,99.93
660,99.93
660,99.93
660,99.93
660,99.93
660,99.93
660,99.94
660,99.94
660,99.94
660,99.95
660,99.95
660,99.95
660,99.95
660,99.95
661,99.92
661,99.94
661,99.94
661,99.94
661,99.94
661,99.94
661,99.95
661,99.95
661,99.95
661,99.95
661,99.95
662,99.79
662,99.79
662,99.79
662,99.79
662,99.79
662,99.79
663,99.95
663,99.95
663,99.95
663,99.95
663,99.95
663,99.95
664,99.91
664,99.91
664,99.91
664,99.91
664,99.91
664,99.91
664,99.95
664,99.95
664,99.95
664,99.95
664,99.95
664,99.95
665,99.68
665,99.68
665,99.68
665,99.68
665,99.68
665,99.71
665,99.91
665,99.91
665,99.91
665,99.91
665,99.91
665,99.91
665,99.95
665,99.95
665,99.95
665,99.95
665,99.95
665,99.95
666,99.91
666,99.91
666,99.92
666,99.92
666,99.93
666,99.95
667,99.92
667,99.94
668,99.93
668,99.93
668,99.93
668,99.93
668,99.93
668,99.93
668,99.95
669,99.81
669,99.94
669,99.94
669,99.94
669,99.94
669,99.94
669,99.94
669,99.94
669,99.94
669,99.94
669,99.94
669,99.94
669,99.95
669,99.95
669,99.95
669,99.95
669,99.95
669,99.95
670,99.88
670,99.88
670,99.88
670,99.89
670,99.90
670,99.90
670,99.90
670,99.90
670,99.90
670,99.90
670,99.90
670,99.95
670,99.95
670,99.95
670,99.95
670,99.95
670,99.95
670,99.95
670,99.95
670,99.95
670,99.95
670,99.95
671,99.92
671,99.92
671,99.92
671,99.92
671,99.92
671,99.93
671,99.94
671,99.94
671,99.94
671,99.94
671,99.94
671,99.94
671,99.95
671,99.95
671,99.95
671,99.95
671,99.95
671,99.95
672,99.95
672,99.95
672,99.95
672,99.95
672,99.95
672,99.95
672,99.95
672,99.95
672,99.95
672,99.95
672,99.95
673,99.82
673,99.82
673,99.82
673,99.82
673,99.82
673,99.82
673,99.94
673,99.94
673,99.95
673,99.95
673,99.95
673,99.95
673,99.95
675,99.90
675,99.90
675,99.90
675,99.90
675,99.90
675,99.90
675,99.93
675,99.93
675,99.93
675,99.93
675,99.93
675,99.93
675,99.95
675,99.95
675,99.95
675,99.95
675,99.95
676,99.91
676,99.91
676,99.91
676,99.91
676,99.91
676,99.91
676,99.95
677,99.92
677,99.92
677,99.92
677,99.92
677,99.93
677,99.95
678,99.94
678,99.94
678,99.94
678,99.94
678,99.94
678,99.94
678,99.95
678,99.95
678,99.95
678,99.95
678,99.95
678,99.95
678,99.95
678,99.95
678,99.95
678,99.95
678,99.95
678,99.95
679,99.94
679,99.94
679,99.94
679,99.94
679,99.94
679,99.94
679,99.95
679,99.95
679,99.95
679,99.95
679,99.95
679,99.95
679,99.95
679,99.95
679,99.95
679,99.95
680,99.90
680,99.90
680,99.90
680,99.90
680,99.90
680,99.93
680,99.95
681,99.93
681,99.93
681,99.93
681,99.93
681,99.93
681,99.93
682,99.92
682,99.92
682,99.92
682,99.92
682,99.92
682,99.95
682,99.95
682,99.95
682,99.95
682,99.95
682,99.95
683,99.94
683,99.94
683,99.94
683,99.94
683,99.94
683,99.94
683,99.95
683,99.95
683,99.95
683,99.95
683,99.95
683,99.95
683,99.95
684,99.95
684,99.95
684,99.95
684,99.95
684,99.95
684,99.95
684,99.95
684,99.95
684,99.95
684,99.95
684,99.95
684,99.95
685,99.95
685,99.95
685,99.95
685,99.95
685,99.95
685,99.95
685,99.95
685,99.95
685,99.95
685,99.95
685,99.95
685,99.95
686,99.94
686,99.94
686,99.94
686,99.94
686,99.94
686,99.94
686,99.95
686,99.95
686,99.95
686,99.95
686,99.95
686,99.95
686,99.95
686,99.95
686,99.95
686,99.95
686,99.95
686,99.95
686,99.95
686,99.95
686,99.95
686,99.95
686,99.95
687,99.95
687,99.95
687,99.95
687,99.95
687,99.95
687,99.95
687,99.95
688,99.94
688,99.94
688,99.94
688,99.94
688,99.94
688,99.95
688,99.95
688,99.95
688,99.95
688,99.95
688,99.95
689,99.90
689,99.90
689,99.90
689,99.90
689,99.90
689,99.91
689,99.91
689,99.91
689,99.91
689,99.91
689,99.91
689,99.94
690,99.94
690,99.94
690,99.94
690,99.94
690,99.94
690,99.94
691,99.91
691,99.91
691,99.91
691,99.91
691,99.91
691,99.91
691,99.94
691,99.94
691,99.95
691,99.95
692,99.93
692,99.93
692,99.93
692,99.93
692,99.93
692,99.93
692,99.95
692,99.95
692,99.95
692,99.95
692,99.95
692,99.95
693,99.92
693,99.92
693,99.92
693,99.92
693,99.92
693,99.95
693,99.95
693,99.95
693,99.95
693,99.95
693,99.95
693,99.95
693,99.95
693,99.95
693,99.95
693,99.95
693,99.95
694,99.93
694,99.93
694,99.93
694,99.93
694,99.94
694,99.94
694,99.94
694,99.94
694,99.94
694,99.94
695,99.94
695,99.94
695,99.94
696,99.91
696,99.91
696,99.91
696,99.91
696,99.91
696,99.91
696,99.95
696,99.95
696,99.95
696,99.95
696,99.95
696,99.95
698,99.85
698,99.85
698,99.85
698,99.85
698,99.85
698,99.85
698,99.92
698,99.92
698,99.93
698,99.93
698,99.93
698,99.95
698,99.95
698,99.95
698,99.95
698,99.95
698,99.95
699,99.95
699,99.95
699,99.95
699,99.95
699,99.95
699,99.95
699,99.95
699,99.95
699,99.95
699,99.95
699,99.95
699,99.95
699,99.95
700,99.93
700,99.93
700,99.93
700,99.93
700,99.93
700,99.93
700,99.93
700,99.93
700,99.93
700,99.93
700,99.94
700,99.94
700,99.95
700,99.95
700,99.95
700,99.95
700,99.95
700,99.95
701,99.92
701,99.92
701,99.92
701,99.92
701,99.92
701,99.93
701,99.93
701,99.93
701,99.93
701,99.93
701,99.94
702,99.93
702,99.93
702,99.94
702,99.94
702,99.94
702,99.94
702,99.94
702,99.94
702,99.95
702,99.95
702,99.95
702,99.95
702,99.95
703,99.95
703,99.95
703,99.95
703,99.95
703,99.95
703,99.95
704,99.90
704,99.95
704,99.95
704,99.95
704,99.95
704,99.95
704,99.95
705,99.95
705,99.95
705,99.95
705,99.95
705,99.95
705,99.95
706,99.94
706,99.94
706,99.94
706,99.94
706,99.94
706,99.94
707,99.95
707,99.95
707,99.95
707,99.95
707,99.95
707,99.95
708,99.88
708,99.88
708,99.88
708,99.88
708,99.88
708,99.88
708,99.88
708,99.93
708,99.93
708,99.93
708,99.93
708,99.93
708,99.93
709,99.93
709,99.95
710,99.95
710,99.95
710,99.95
710,99.95
710,99.95
710,99.95
711,99.93
711,99.93
711,99.93
711,99.93
711,99.93
711,99.93
711,99.95
711,99.95
711,99.95
711,99.95
711,99.95
711,99.95
711,99.95
712,99.93
712,99.93
712,99.93
712,99.93
712,99.93
712,99.93
712,99.94
712,99.94
712,99.94
712,99.94
712,99.94
712,99.94
712,99.95
712,99.95
712,99.95
712,99.95
712,99.95
713,99.92
713,99.92
713,99.92
713,99.92
713,99.92
713,99.92
713,99.94
713,99.94
713,99.94
713,99.94
713,99.94
714,99.87
714,99.94
714,99.94
714,99.94
714,99.94
714,99.94
714,99.94
715,99.87
715,99.92
715,99.92
715,99.92
715,99.92
715,99.92
715,99.92
715,99.93
715,99.93
715,99.93
715,99.93
715,99.93
715,99.93
715,99.94
715,99.94
715,99.94
715,99.94
715,99.94
715,99.94
715,99.95
716,99.95
716,99.95
716,99.95
716,99.95
716,99.95
716,99.95
716,99.95
716,99.95
716,99.95
716,99.95
716,99.95
716,99.95
716,99.95
716,99.95
716,99.95
716,99.95
716,99.95
717,99.85
717,99.85
717,99.85
717,99.85
717,99.85
717,99.90
718,99.95
718,99.95
719,99.93
719,99.95
719,99.95
719,99.95
719,99.95
719,99.95
719,99.95
719,99.95
719,99.95
719,99.95
720,99.95
720,99.95
720,99.95
720,99.95
720,99.95
720,99.95
720,99.95
720,99.95
720,99.95
720,99.95
720,99.95
720,99.95
721,99.93
721,99.93
721,99.93
721,99.93
721,99.93
721,99.93
722,99.92
722,99.95
722,99.95
722,99.95
722,99.95
722,99.95
723,99.95
723,99.95
723,99.95
723,99.95
723,99.95
723,99.95
723,99.95
724,99.93
724,99.93
724,99.93
724,99.93
724,99.93
724,99.94
724,99.95
725,99.93
725,99.93
725,99.93
725,99.93
725,99.93
725,99.93
725,99.93
725,99.93
725,99.93
725,99.93
725,99.94
725,99.94
725,99.94
725,99.94
725,99.94
725,99.94
725,99.94
725,99.94
726,99.94
726,99.94
726,99.94
726,99.94
726,99.94
726,99.94
726,99.94
726,99.94
726,99.94
726,99.94
726,99.94
726,99.94
727,99.93
727,99.93
727,99.93
727,99.93
727,99.93
727,99.94
727,99.94
727,99.94
727,99.94
727,99.94
727,99.94
727,99.94
727,99.94
727,99.94
727,99.94
727,99.94
727,99.94
727,99.94
727,99.94
727,99.94
727,99.94
727,99.94
727,99.94
727,99.94
727,99.94
727,99.94
727,99.94
727,99.94
727,99.94
728,99.92
728,99.92
728,99.92
728,99.92
728,99.92
728,99.92
728,99.94
728,99.94
728,99.94
728,99.94
728,99.94
728,99.94
728,99.94
729,99.69
729,99.69
729,99.69
729,99.69
729,99.69
729,99.69
729,99.94
729,99.94
729,99.94
729,99.94
729,99.94
729,99.94
729,99.94
729,99.94
729,99.94
729,99.94
729,99.94
730,99.92
730,99.94
730,99.94
730,99.94
730,99.94
730,99.94
730,99.94
731,99.94
731,99.94
731,99.94
731,99.94
731,99.94
731,99.94
731,99.94
731,99.94
731,99.94
731,99.94
731,99.94
731,99.94
732,99.91
732,99.92
732,99.92
732,99.92
732,99.92
732,99.92
732,99.93
732,99.93
732,99.94
733,99.91
733,99.91
733,99.91
733,99.91
733,99.91
733,99.91
733,99.92
733,99.92
733,99.92
733,99.92
733,99.93
733,99.93
733,99.93
733,99.93
733,99.93
733,99.93
733,99.94
733,99.94
733,99.94
733,99.94
733,99.94
733,99.94
734,99.63
734,99.90
734,99.90
735,99.91
735,99.91
735,99.91
735,99.91
735,99.91
735,99.91
735,99.92
735,99.92
735,99.92
735,99.92
735,99.92
735,99.93
736,99.93
736,99.93
736,99.93
736,99.93
736,99.93
736,99.93
736,99.93
736,99.93
736,99.93
736,99.93
736,99.94
736,99.94
736,99.94
736,99.94
736,99.94
736,99.94
736,99.94
736,99.94
736,99.94
736,99.94
736,99.94
736,99.94
737,99.94
738,99.91
738,99.91
738,99.91
738,99.91
738,99.91
738,99.93
738,99.93
738,99.93
738,99.93
738,99.93
738,99.93
739,99.94
739,99.94
739,99.94
739,99.94
739,99.94
739,99.94
739,99.94
739,99.94
739,99.94
739,99.94
740,99.91
740,99.91
740,99.91
740,99.91
740,99.91
740,99.91
740,99.93
740,99.93
740,99.93
740,99.93
740,99.93
740,99.93
740,99.93
740,99.93
740,99.93
740,99.93
740,99.94
740,99.94
740,99.94
740,99.94
740,99.94
740,99.94
740,99.94
740,99.94
741,99.92
741,99.92
741,99.92
741,99.92
741,99.92
741,99.92
741,99.92
741,99.92
741,99.92
741,99.94
741,99.94
741,99.94
741,99.94
741,99.94
741,99.94
741,99.94
741,99.94
741,99.94
741,99.94
741,99.94
742,99.87
742,99.87
742,99.87
742,99.87
742,99.87
742,99.92
742,99.92
742,99.92
742,99.92
742,99.92
742,99.94
742,99.94
742,99.94
742,99.94
742,99.94
742,99.94
742,99.94
742,99.94
742,99.94
742,99.94
742,99.94
743,99.91
743,99.91
743,99.91
743,99.91
743,99.91
743,99.91
743,99.94
743,99.94
743,99.94
743,99.94
743,99.94
744,99.93
744,99.93
744,99.93
744,99.93
744,99.93
744,99.93
744,99.94
744,99.94
744,99.94
744,99.94
744,99.94
744,99.94
744,99.94
745,99.88
745,99.88
745,99.88
745,99.88
745,99.88
745,99.94
745,99.94
745,99.94
745,99.94
745,99.94
745,99.94
746,99.94
746,99.94
746,99.94
746,99.94
746,99.94
746,99.94
746,99.94
746,99.94
746,99.94
746,99.94
746,99.94
746,99.94
747,99.89
747,99.89
747,99.90
747,99.90
747,99.94
747,99.94
747,99.94
747,99.94
747,99.94
747,99.94
747,99.94
747,99.94
747,99.94
747,99.94
747,99.94
747,99.94
747,99.94
747,99.94
747,99.94
747,99.94
747,99.94
747,99.94
748,99.94
748,99.94
748,99.94
748,99.94
748,99.94
748,99.94
748,99.94
748,99.94
748,99.94
748,99.94
748,99.94
748,99.94
748,99.94
748,99.94
748,99.94
748,99.94
748,99.94
748,99.94
749,99.93
749,99.94
749,99.94
749,99.94
749,99.94
749,99.94
749,99.94
749,99.94
749,99.94
749,99.94
749,99.94
749,99.94
750,99.94
750,99.94
750,99.94
750,99.94
750,99.94
750,99.94
751,99.92
751,99.94
751,99.94
751,99.94
751,99.94
751,99.94
751,99.94
751,99.94
751,99.94
751,99.94
751,99.94
751,99.94
751,99.94
751,99.94
751,99.94
751,99.94
751,99.94
751,99.94
751,99.94
752,99.45
752,99.45
752,99.45
752,99.45
752,99.45
752,99.45
752,99.93
752,99.94
753,99.88
753,99.88
753,99.88
753,99.88
753,99.88
753,99.88
753,99.92
754,99.92
754,99.94
754,99.94
754,99.94
754,99.94
754,99.94
754,99.94
754,99.94
754,99.94
754,99.94
754,99.94
754,99.94
755,99.91
755,99.91
755,99.92
755,99.92
755,99.92
755,99.92
755,99.92
755,99.94
755,99.94
755,99.94
755,99.94
755,99.94
755,99.94
755,99.94
756,99.93
756,99.93
756,99.93
756,99.93
756,99.93
756,99.93
757,99.93
757,99.93
757,99.93
757,99.93
757,99.93
757,99.93
757,99.94
758,99.93
758,99.93
758,99.93
758,99.93
758,99.93
758,99.94
758,99.94
758,99.94
758,99.94
758,99.94
758,99.94
758,99.94
759,99.94
759,99.94
759,99.94
759,99.94
759,99.94
759,99.94
760,99.94
761,99.94
761,99.94
761,99.94
761,99.94
761,99.94
761,99.94
761,99.94
761,99.94
761,99.94
761,99.94
761,99.94
761,99.94
762,99.82
762,99.82
763,99.94
763,99.94
764,99.93
764,99.94
764,99.94
764,99.94
764,99.94
764,99.94
764,99.94
764,99.94
764,99.94
764,99.94
764,99.94
764,99.94
764,99.94
765,99.92
765,99.92
765,99.92
765,99.92
765,99.92
765,99.92
765,99.92
765,99.92
765,99.92
765,99.92
765,99.92
765,99.92
765,99.94
765,99.94
765,99.94
765,99.94
765,99.94
765,99.94
765,99.94
765,99.94
765,99.94
765,99.94
765,99.94
766,99.93
766,99.94
767,99.94
767,99.94
767,99.94
767,99.94
767,99.94
768,99.93
768,99.93
768,99.93
768,99.93
768,99.93
768,99.94
768,99.94
768,99.94
768,99.94
768,99.94
768,99.94
769,99.91
769,99.91
769,99.91
769,99.91
769,99.91
769,99.93
769,99.93
769,99.93
769,99.93
769,99.93
769,99.94
769,99.94
769,99.94
769,99.94
769,99.94
769,99.94
769,99.94
769,99.94
769,99.94
769,99.94
769,99.94
769,99.94
770,99.92
770,99.92
770,99.93
770,99.94
770,99.94
770,99.94
770,99.94
770,99.94
770,99.94
770,99.94
771,99.79
771,99.93
771,99.93
771,99.94
772,99.94
772,99.94
772,99.94
772,99.94
772,99.94
772,99.94
772,99.94
772,99.94
772,99.94
772,99.94
772,99.94
772,99.94
773,99.92
773,99.93
773,99.93
773,99.93
773,99.93
773,99.93
773,99.93
773,99.94
773,99.94
773,99.94
773,99.94
773,99.94
773,99.94
774,99.87
774,99.87
774,99.87
774,99.87
774,99.87
774,99.87
774,99.92
774,99.92
774,99.92
774,99.92
774,99.92
774,99.92
775,99.92
775,99.92
775,99.92
775,99.92
775,99.92
775,99.92
775,99.92
776,99.71
776,99.93
776,99.93
776,99.93
776,99.93
776,99.93
776,99.93
776,99.94
776,99.94
776,99.94
776,99.94
776,99.94
776,99.94
777,99.94
778,99.89
778,99.89
778,99.89
778,99.89
778,99.89
778,99.89
778,99.91
778,99.91
778,99.91
778,99.91
778,99.91
778,99.91
778,99.94
778,99.94
778,99.94
778,99.94
778,99.94
778,99.94
778,99.94
778,99.94
778,99.94
778,99.94
778,99.94
779,99.85
779,99.85
779,99.85
779,99.85
779,99.85
779,99.85
779,99.88
779,99.88
779,99.88
779,99.88
779,99.88
779,99.92
779,99.93
779,99.93
779,99.93
779,99.93
779,99.93
779,99.94
779,99.94
779,99.94
779,99.94
779,99.94
780,99.91
780,99.91
780,99.91
780,99.91
780,99.91
780,99.92
780,99.93
780,99.94
780,99.94
780,99.94
780,99.94
780,99.94
780,99.94
780,99.94
782,99.94
782,99.94
782,99.94
782,99.94
782,99.94
782,99.94
782,99.94
782,99.94
782,99.94
782,99.94
782,99.94
782,99.94
783,99.92
783,99.92
783,99.92
784,99.89
784,99.89
784,99.89
784,99.89
784,99.89
784,99.89
784,99.93
784,99.93
784,99.93
784,99.93
784,99.93
784,99.93
784,99.93
784,99.93
784,99.93
784,99.93
784,99.93
784,99.94
784,99.94
784,99.94
784,99.94
784,99.94
784,99.94
784,99.94
784,99.94
784,99.94
784,99.94
784,99.94
784,99.94
785,99.89
785,99.89
785,99.89
785,99.89
785,99.89
785,99.90
786,99.93
786,99.93
786,99.93
786,99.93
786,99.93
786,99.94
786,99.94
786,99.94
786,99.94
786,99.94
786,99.94
788,99.93
788,99.93
788,99.93
788,99.93
788,99.93
788,99.93
788,99.94
788,99.94
788,99.94
788,99.94
788,99.94
788,99.94
789,99.94
789,99.94
789,99.94
789,99.94
789,99.94
789,99.94
789,99.94
789,99.94
789,99.94
789,99.94
789,99.94
789,99.94
789,99.94
789,99.94
789,99.94
789,99.94
789,99.94
790,99.94
790,99.94
790,99.94
790,99.94
790,99.94
790,99.94
792,99.92
792,99.93
792,99.94
792,99.94
792,99.94
792,99.94
792,99.94
792,99.94
793,99.82
793,99.94
793,99.94
793,99.94
793,99.94
793,99.94
793,99.94
795,99.90
795,99.90
795,99.90
795,99.90
795,99.92
795,99.92
795,99.94
795,99.94
795,99.94
795,99.94
797,99.93
797,99.93
797,99.93
797,99.93
797,99.94
797,99.94
797,99.94
797,99.94
797,99.94
797,99.94
797,99.94
797,99.94
797,99.94
797,99.94
797,99.94
797,99.94
797,99.94
797,99.94
797,99.94
797,99.94
797,99.94
798,99.89
798,99.89
798,99.89
798,99.89
798,99.89
798,99.90
798,99.91
798,99.91
800,99.90
800,99.90
800,99.90
800,99.90
800,99.90
800,99.90
800,99.91
800,99.91
800,99.91
800,99.91
800,99.91
800,99.93
800,99.94
800,99.94
800,99.94
800,99.94
800,99.94
800,99.94
800,99.94
801,99.93
801,99.94
801,99.94
801,99.94
801,99.94
801,99.94
801,99.94
802,99.93
802,99.93
802,99.93
802,99.93
802,99.93
802,99.93
802,99.94
802,99.94
802,99.94
802,99.94
802,99.94
802,99.94
803,99.94
803,99.94
803,99.94
803,99.94
803,99.94
803,99.94
803,99.94
804,99.88
804,99.91
804,99.91
804,99.91
804,99.91
804,99.91
804,99.91
804,99.91
804,99.91
804,99.91
804,99.91
804,99.91
804,99.92
805,99.86
805,99.86
805,99.86
805,99.86
805,99.86
805,99.91
805,99.91
805,99.91
805,99.91
805,99.91
805,99.92
805,99.92
805,99.94
805,99.94
805,99.94
805,99.94
805,99.94
805,99.94
805,99.94
806,99.91
806,99.91
806,99.91
806,99.91
806,99.91
806,99.91
806,99.94
806,99.94
806,99.94
806,99.94
806,99.94
806,99.94
806,99.94
806,99.94
806,99.94
806,99.94
806,99.94
806,99.94
807,99.79
807,99.79
807,99.79
807,99.79
807,99.84
807,99.87
807,99.93
807,99.93
807,99.93
807,99.93
807,99.93
807,99.94
808,99.94
808,99.94
808,99.94
808,99.94
808,99.94
808,99.94
808,99.94
809,99.89
809,99.89
809,99.89
809,99.89
809,99.89
809,99.90
809,99.92
809,99.93
809,99.93
809,99.93
809,99.93
809,99.93
809,99.93
809,99.93
809,99.93
809,99.93
809,99.93
809,99.93
811,99.94
811,99.94
811,99.94
811,99.94
811,99.94
811,99.94
811,99.94
812,99.92
812,99.92
812,99.92
812,99.92
812,99.92
812,99.93
813,99.93
813,99.93
813,99.93
813,99.93
813,99.93
813,99.93
813,99.93
813,99.93
813,99.93
813,99.93
813,99.93
814,99.90
814,99.90
814,99.90
814,99.90
814,99.90
814,99.90
814,99.92
814,99.92
814,99.92
814,99.92
814,99.92
814,99.92
814,99.94
814,99.94
814,99.94
814,99.94
814,99.94
815,99.93
815,99.93
815,99.93
815,99.93
815,99.93
815,99.93
815,99.94
816,99.77
816,99.77
816,99.77
816,99.77
816,99.77
816,99.77
816,99.91
816,99.91
816,99.91
816,99.91
816,99.91
816,99.91
816,99.94
816,99.94
816,99.94
816,99.94
816,99.94
816,99.94
816,99.94
816,99.94
816,99.94
816,99.94
816,99.94
818,99.90
818,99.90
818,99.90
818,99.90
818,99.90
818,99.91
818,99.93
818,99.93
818,99.93
818,99.93
818,99.93
818,99.93
818,99.93
818,99.93
818,99.93
818,99.93
818,99.93
818,99.93
819,99.93
819,99.93
819,99.93
819,99.93
819,99.93
819,99.93
819,99.94
819,99.94
819,99.94
819,99.94
819,99.94
819,99.94
819,99.94
819,99.94
819,99.94
819,99.94
819,99.94
820,99.92
820,99.92
820,99.92
820,99.92
820,99.92
820,99.92
820,99.92
820,99.92
820,99.92
820,99.92
820,99.92
820,99.94
820,99.94
820,99.94
821,99.90
821,99.90
821,99.90
821,99.90
821,99.90
821,99.90
821,99.93
821,99.94
821,99.94
821,99.94
821,99.94
821,99.94
821,99.94
822,99.84
822,99.94
822,99.94
822,99.94
822,99.94
822,99.94
822,99.94
822,99.94
823,99.92
823,99.92
823,99.93
823,99.93
823,99.93
823,99.93
823,99.93
823,99.93
823,99.94
824,99.86
824,99.86
824,99.86
824,99.86
824,99.86
824,99.86
824,99.94
824,99.94
824,99.94
824,99.94
824,99.94
824,99.94
825,99.92
825,99.92
825,99.92
825,99.92
825,99.92
825,99.92
825,99.93
825,99.94
825,99.94
825,99.94
825,99.94
825,99.94
825,99.94
825,99.94
825,99.94
825,99.94
825,99.94
825,99.94
826,99.94
826,99.94
826,99.94
826,99.94
826,99.94
826,99.94
826,99.94
826,99.94
827,99.90
827,99.94
827,99.94
827,99.94
827,99.94
827,99.94
827,99.94
828,99.94
828,99.94
828,99.94
828,99.94
828,99.94
828,99.94
828,99.94
829,99.90
829,99.90
829,99.90
829,99.90
829,99.90
829,99.90
829,99.92
829,99.92
829,99.92
829,99.92
829,99.92
829,99.92
829,99.92
829,99.92
829,99.92
829,99.92
829,99.92
829,99.92
829,99.94
830,99.94
830,99.94
830,99.94
830,99.94
830,99.94
830,99.94
830,99.94
831,99.92
831,99.92
831,99.94
831,99.94
831,99.94
831,99.94
831,99.94
831,99.94
832,99.91
832,99.91
832,99.91
832,99.91
832,99.91
832,99.91
832,99.93
832,99.93
832,99.93
832,99.93
832,99.93
832,99.94
832,99.94
832,99.94
832,99.94
832,99.94
832,99.94
832,99.94
832,99.94
832,99.94
832,99.94
832,99.94
832,99.94
832,99.94
833,99.82
833,99.91
833,99.91
833,99.91
833,99.91
833,99.91
833,99.93
833,99.93
833,99.93
833,99.93
834,99.92
834,99.92
834,99.92
834,99.92
834,99.92
835,99.72
835,99.72
835,99.73
835,99.73
835,99.73
835,99.76
835,99.92
835,99.92
835,99.92
835,99.92
835,99.92
835,99.92
836,99.91
836,99.91
836,99.91
836,99.91
836,99.91
836,99.91
836,99.94
836,99.94
836,99.94
836,99.94
836,99.94
836,99.94
836,99.94
836,99.94
836,99.94
836,99.94
836,99.94
836,99.94
837,99.91
837,99.91
837,99.91
837,99.91
837,99.91
837,99.92
837,99.94
837,99.94
837,99.94
837,99.94
837,99.94
837,99.94
837,99.94
837,99.94
837,99.94
837,99.94
839,99.88
839,99.88
839,99.88
839,99.88
839,99.88
839,99.88
839,99.91
839,99.91
839,99.91
839,99.91
839,99.91
839,99.91
839,99.92
839,99.94
839,99.94
839,99.94
839,99.94
839,99.94
839,99.94
840,99.89
840,99.89
840,99.89
840,99.89
840,99.89
840,99.89
840,99.90
840,99.90
840,99.90
840,99.90
840,99.90
840,99.90
840,99.94
840,99.94
840,99.94
840,99.94
840,99.94
840,99.94
840,99.94
840,99.94
840,99.94
840,99.94
840,99.94
840,99.94
840,99.94
841,99.94
841,99.94
841,99.94
841,99.94
841,99.94
842,99.92
842,99.92
842,99.92
842,99.92
842,99.92
842,99.94
842,99.94
842,99.94
842,99.94
842,99.94
842,99.94
843,99.91
843,99.91
843,99.91
843,99.91
843,99.91
843,99.91
843,99.93
843,99.93
843,99.93
843,99.93
843,99.93
843,99.93
843,99.94
843,99.94
843,99.94
843,99.94
843,99.94
843,99.94
843,99.94
843,99.94
843,99.94
843,99.94
843,99.94
844,99.92
844,99.92
844,99.92
844,99.92
844,99.92
844,99.93
844,99.94
844,99.94
844,99.94
844,99.94
844,99.94
844,99.94
845,99.91
845,99.91
845,99.91
845,99.91
846,99.94
846,99.94
846,99.94
846,99.94
846,99.94
846,99.94
846,99.94
846,99.94
846,99.94
846,99.94
846,99.94
847,99.94
847,99.94
847,99.94
847,99.94
847,99.94
847,99.94
847,99.94
847,99.94
847,99.94
847,99.94
847,99.94
848,99.86
848,99.86
848,99.86
848,99.86
848,99.86
848,99.86
848,99.92
848,99.92
848,99.92
848,99.92
848,99.92
848,99.92
848,99.93
848,99.93
848,99.93
848,99.93
848,99.93
848,99.93
848,99.94
848,99.94
848,99.94
848,99.94
848,99.94
848,99.94
849,99.92
849,99.94
849,99.94
849,99.94
849,99.94
849,99.94
849,99.94
849,99.94
849,99.94
849,99.94
849,99.94
849,99.94
849,99.94
850,99.91
850,99.91
850,99.91
850,99.91
850,99.91
850,99.92
850,99.93
850,99.93
850,99.93
850,99.93
850,99.93
850,99.93
850,99.93
850,99.94
850,99.94
850,99.94
850,99.94
850,99.94
850,99.94
852,99.94
852,99.94
852,99.94
852,99.94
852,99.94
852,99.94
852,99.94
852,99.94
852,99.94
852,99.94
852,99.94
852,99.94
852,99.94
853,99.90
853,99.93
854,99.93
854,99.93
854,99.93
854,99.93
854,99.93
854,99.93
854,99.94
854,99.94
854,99.94
854,99.94
854,99.94
854,99.94
854,99.94
855,99.92
855,99.92
855,99.93
855,99.93
855,99.93
855,99.93
855,99.93
855,99.93
855,99.93
855,99.93
855,99.93
855,99.94
855,99.94
855,99.94
855,99.94
855,99.94
855,99.94
855,99.94
856,99.92
856,99.92
856,99.92
856,99.92
856,99.92
856,99.93
856,99.93
856,99.93
856,99.93
856,99.93
856,99.93
857,99.91
857,99.91
857,99.91
857,99.91
857,99.91
858,99.92
858,99.92
858,99.92
858,99.92
858,99.92
858,99.92
858,99.93
858,99.93
858,99.93
858,99.93
858,99.93
858,99.93
859,99.91
859,99.91
859,99.91
859,99.91
859,99.91
859,99.91
859,99.92
859,99.92
859,99.92
859,99.92
859,99.92
859,99.92
859,99.92
859,99.92
859,99.92
859,99.92
859,99.92
860,99.92
860,99.92
860,99.92
860,99.92
860,99.92
860,99.93
860,99.93
860,99.93
860,99.93
860,99.93
860,99.93
861,99.89
862,99.89
862,99.89
862,99.89
862,99.89
862,99.90
862,99.93
862,99.93
862,99.93
862,99.93
862,99.93
862,99.93
864,99.90
864,99.90
864,99.90
864,99.90
864,99.90
864,99.90
864,99.91
864,99.91
864,99.91
864,99.91
864,99.91
864,99.91
864,99.93
864,99.93
864,99.93
864,99.93
864,99.93
864,99.93
864,99.93
864,99.93
864,99.93
865,99.91
865,99.91
865,99.91
865,99.92
865,99.93
865,99.93
865,99.93
865,99.93
865,99.93
866,99.92
866,99.92
866,99.92
866,99.92
866,99.92
866,99.92
867,99.88
867,99.91
867,99.93
867,99.93
867,99.93
867,99.93
867,99.93
867,99.93
867,99.93
867,99.93
867,99.93
867,99.93
867,99.93
867,99.93
867,99.93
867,99.93
867,99.93
867,99.93
867,99.93
867,99.93
868,99.82
868,99.82
868,99.82
868,99.82
868,99.93
868,99.93
868,99.93
868,99.93
868,99.93
868,99.93
868,99.93
868,99.93
868,99.93
868,99.93
868,99.93
868,99.93
869,99.92
869,99.92
869,99.92
869,99.92
869,99.92
869,99.92
870,99.92
870,99.92
870,99.92
870,99.92
870,99.92
870,99.92
870,99.93
870,99.93
870,99.93
870,99.93
870,99.93
870,99.93
871,99.93
871,99.93
871,99.93
871,99.93
871,99.93
871,99.93
872,99.89
872,99.89
872,99.89
872,99.89
872,99.89
872,99.89
872,99.92
872,99.92
872,99.92
872,99.92
872,99.92
872,99.93
872,99.93
872,99.93
872,99.93
872,99.93
872,99.93
872,99.93
873,99.92
873,99.92
873,99.92
873,99.92
873,99.92
873,99.92
874,99.91
874,99.91
874,99.91
874,99.91
874,99.91
874,99.91
874,99.93
875,99.89
875,99.89
875,99.89
875,99.89
875,99.89
875,99.90
875,99.90
875,99.90
875,99.90
875,99.90
875,99.90
875,99.91
875,99.91
875,99.91
875,99.91
875,99.91
875,99.91
875,99.92
875,99.92
876,99.93
876,99.93
876,99.93
876,99.93
876,99.93
876,99.93
876,99.93
876,99.93
876,99.93
876,99.93
876,99.93
876,99.93
877,99.93
878,99.91
878,99.91
878,99.91
878,99.91
878,99.91
878,99.91
878,99.92
878,99.92
878,99.92
878,99.92
878,99.92
878,99.93
878,99.93
878,99.93
878,99.93
878,99.93
878,99.93
879,99.91
879,99.91
879,99.91
879,99.91
879,99.91
879,99.92
879,99.92
879,99.92
879,99.92
879,99.92
879,99.93
879,99.93
879,99.93
879,99.93
879,99.93
879,99.93
879,99.93
879,99.93
879,99.93
881,99.91
881,99.91
881,99.91
881,99.91
881,99.92
882,99.90
882,99.90
882,99.90
882,99.90
882,99.90
882,99.90
882,99.93
882,99.93
882,99.93
882,99.93
882,99.93
882,99.93
883,99.92
883,99.92
883,99.92
883,99.92
883,99.92
883,99.92
884,99.81
884,99.89
884,99.89
884,99.89
884,99.89
884,99.89
884,99.90
884,99.93
884,99.93
884,99.93
884,99.93
884,99.93
884,99.93
885,99.93
885,99.93
885,99.93
885,99.93
885,99.93
885,99.93
886,99.91
886,99.91
886,99.91
886,99.91
886,99.91
886,99.91
886,99.92
886,99.92
886,99.93
887,99.81
887,99.81
887,99.81
887,99.81
887,99.81
887,99.83
887,99.83
887,99.83
887,99.83
887,99.83
887,99.83
887,99.85
887,99.93
887,99.93
887,99.93
887,99.93
887,99.93
887,99.93
888,99.91
888,99.93
888,99.93
888,99.93
889,99.91
890,99.91
890,99.91
890,99.91
890,99.91
890,99.91
890,99.91
890,99.93
890,99.93
890,99.93
890,99.93
890,99.93
890,99.93
891,99.92
891,99.92
891,99.92
891,99.92
891,99.92
892,99.93
892,99.93
892,99.93
892,99.93
892,99.93
892,99.93
892,99.93
893,99.90
893,99.90
893,99.90
893,99.90
893,99.90
893,99.91
893,99.92
893,99.92
893,99.92
893,99.92
893,99.92
893,99.93
894,99.92
894,99.92
894,99.92
894,99.92
894,99.92
894,99.92
895,99.90
895,99.90
895,99.90
895,99.90
895,99.93
895,99.93
895,99.93
895,99.93
895,99.93
895,99.93
896,99.87
896,99.87
896,99.87
896,99.87
896,99.87
896,99.92
896,99.93
897,99.90
897,99.93
897,99.93
897,99.93
897,99.93
897,99.93
897,99.93
897,99.93
897,99.93
897,99.93
897,99.93
897,99.93
898,99.92
898,99.92
898,99.92
898,99.92
898,99.92
898,99.92
898,99.93
898,99.93
898,99.93
898,99.93
898,99.93
898,99.93
898,99.93
899,99.80
899,99.80
899,99.80
899,99.80
899,99.80
899,99.93
899,99.93
899,99.93
899,99.93
899,99.93
899,99.93
900,99.90
900,99.90
900,99.90
900,99.90
900,99.90
900,99.90
900,99.93
901,99.92
901,99.92
901,99.92
901,99.92
901,99.92
901,99.92
901,99.93
901,99.93
901,99.93
901,99.93
901,99.93
901,99.93
901,99.93
901,99.93
901,99.93
901,99.93
901,99.93
902,99.93
902,99.93
902,99.93
902,99.93
902,99.93
903,99.90
903,99.90
903,99.90
903,99.90
903,99.90
903,99.91
903,99.92
903,99.92
903,99.92
903,99.92
903,99.92
903,99.92
904,99.89
904,99.89
904,99.89
904,99.89
904,99.89
904,99.89
904,99.93
904,99.93
904,99.93
904,99.93
904,99.93
904,99.93
905,99.76
905,99.86
905,99.86
905,99.86
905,99.86
905,99.86
905,99.86
905,99.89
905,99.92
905,99.92
905,99.93
905,99.93
905,99.93
905,99.93
905,99.93
905,99.93
905,99.93
906,99.85
906,99.85
906,99.85
906,99.85
906,99.85
906,99.87
906,99.93
906,99.93
906,99.93
907,99.92
907,99.92
907,99.92
907,99.92
907,99.92
907,99.92
907,99.93
907,99.93
907,99.93
907,99.93
907,99.93
908,99.92
908,99.92
908,99.92
908,99.92
908,99.92
908,99.92
909,99.90
909,99.93
909,99.93
909,99.93
909,99.93
909,99.93
909,99.93
910,99.91
910,99.91
910,99.91
910,99.91
910,99.91
910,99.92
910,99.93
910,99.93
910,99.93
910,99.93
910,99.93
910,99.93
911,99.93
911,99.93
911,99.93
911,99.93
911,99.93
911,99.93
911,99.93
912,99.93
912,99.93
912,99.93
912,99.93
912,99.93
912,99.93
912,99.93
913,99.88
913,99.88
913,99.88
913,99.88
913,99.88
913,99.88
913,99.91
913,99.91
913,99.91
913,99.91
913,99.91
913,99.92
913,99.92
913,99.92
913,99.92
913,99.92
913,99.92
913,99.93
914,99.88
914,99.92
914,99.92
914,99.92
914,99.92
914,99.92
914,99.92
914,99.92
914,99.92
914,99.92
914,99.92
914,99.92
914,99.93
914,99.93
914,99.93
914,99.93
914,99.93
914,99.93
915,99.92
915,99.92
915,99.92
915,99.92
915,99.92
915,99.92
915,99.92
915,99.92
915,99.92
915,99.92
915,99.92
915,99.93
916,99.93
916,99.93
916,99.93
916,99.93
916,99.93
916,99.93
917,99.89
917,99.92
917,99.92
917,99.92
917,99.92
917,99.92
917,99.92
917,99.93
918,99.91
918,99.91
918,99.91
918,99.91
918,99.91
918,99.91
918,99.93
918,99.93
918,99.93
918,99.93
918,99.93
918,99.93
918,99.93
918,99.93
918,99.93
918,99.93
918,99.93
919,99.88
919,99.88
919,99.88
919,99.88
919,99.88
919,99.90
919,99.93
919,99.93
919,99.93
919,99.93
919,99.93
919,99.93
919,99.93
920,99.92
920,99.92
920,99.92
920,99.92
920,99.92
920,99.92
920,99.93
920,99.93
920,99.93
920,99.93
920,99.93
920,99.93
920,99.93
920,99.93
920,99.93
920,99.93
920,99.93
920,99.93
921,99.93
921,99.93
921,99.93
921,99.93
921,99.93
921,99.93
922,99.93
922,99.93
922,99.93
922,99.93
922,99.93
922,99.93
922,99.93
923,99.87
923,99.87
923,99.87
923,99.87
923,99.87
923,99.91
923,99.92
923,99.92
923,99.92
923,99.92
923,99.92
923,99.92
923,99.92
923,99.92
923,99.92
923,99.92
923,99.92
923,99.92
923,99.92
924,99.92
924,99.92
924,99.92
924,99.92
924,99.92
924,99.93
924,99.93
924,99.93
924,99.93
924,99.93
924,99.93
924,99.93
924,99.93
924,99.93
924,99.93
924,99.93
924,99.93
924,99.93
924,99.93
925,99.93
925,99.93
925,99.93
925,99.93
925,99.93
926,99.93
926,99.93
926,99.93
927,99.90
927,99.90
927,99.90
927,99.90
927,99.90
927,99.92
927,99.92
927,99.92
927,99.92
927,99.92
927,99.92
928,99.90
928,99.90
928,99.90
928,99.90
928,99.90
928,99.90
928,99.90
928,99.90
928,99.90
928,99.90
928,99.93
928,99.93
928,99.93
928,99.93
928,99.93
928,99.93
929,99.68
929,99.68
929,99.68
929,99.68
929,99.68
929,99.72
929,99.89
929,99.89
929,99.89
929,99.89
929,99.89
929,99.89
929,99.90
929,99.90
929,99.91
929,99.93
929,99.93
929,99.93
929,99.93
929,99.93
930,99.93
930,99.93
930,99.93
930,99.93
930,99.93
930,99.93
931,99.80
931,99.93
931,99.93
931,99.93
931,99.93
931,99.93
931,99.93
931,99.93
932,99.90
932,99.92
932,99.93
932,99.93
932,99.93
932,99.93
932,99.93
932,99.93
932,99.93
933,99.85
933,99.85
933,99.85
933,99.85
933,99.85
933,99.93
933,99.93
933,99.93
933,99.93
933,99.93
933,99.93
934,99.90
934,99.93
934,99.93
934,99.93
934,99.93
935,99.92
936,99.93
936,99.93
936,99.93
936,99.93
936,99.93
936,99.93
937,99.92
937,99.92
937,99.92
937,99.92
937,99.92
937,99.92
937,99.93
937,99.93
937,99.93
937,99.93
937,99.93
937,99.93
937,99.93
937,99.93
937,99.93
937,99.93
937,99.93
937,99.93
938,99.91
938,99.91
938,99.91
938,99.92
938,99.92
939,99.56
939,99.90
939,99.91
939,99.92
940,99.91
940,99.91
940,99.91
940,99.91
940,99.91
940,99.91
940,99.93
941,99.91
941,99.91
941,99.92
941,99.92
941,99.92
941,99.92
941,99.92
941,99.92
941,99.92
941,99.92
941,99.92
942,99.91
942,99.91
942,99.91
942,99.91
942,99.91
942,99.91
942,99.92
942,99.93
942,99.93
942,99.93
942,99.93
942,99.93
943,99.92
943,99.93
943,99.93
943,99.93
943,99.93
943,99.93
943,99.93
944,99.93
945,99.89
945,99.89
945,99.90
945,99.90
945,99.90
945,99.90
945,99.93
945,99.93
945,99.93
945,99.93
945,99.93
945,99.93
945,99.93
945,99.93
945,99.93
945,99.93
945,99.93
945,99.93
946,99.88
946,99.88
946,99.88
946,99.88
946,99.88
946,99.88
947,99.93
947,99.93
947,99.93
947,99.93
947,99.93
947,99.93
951,99.90
951,99.90
951,99.90
951,99.90
951,99.90
951,99.90
951,99.91
951,99.91
951,99.91
951,99.93
951,99.93
951,99.93
951,99.93
951,99.93
951,99.93
951,99.93
951,99.93
951,99.93
951,99.93
951,99.93
952,99.87
952,99.87
952,99.88
952,99.88
952,99.88
952,99.88
952,99.91
952,99.91
952,99.91
952,99.91
952,99.91
952,99.91
952,99.91
952,99.93
952,99.93
952,99.93
952,99.93
952,99.93
952,99.93
952,99.93
952,99.93
952,99.93
952,99.93
952,99.93
953,99.87
954,99.89
954,99.89
954,99.89
954,99.91
954,99.91
954,99.91
954,99.91
954,99.91
954,99.92
954,99.93
954,99.93
954,99.93
954,99.93
954,99.93
954,99.93
956,99.76
956,99.76
956,99.77
956,99.77
956,99.77
956,99.91
956,99.91
956,99.91
956,99.91
956,99.91
956,99.93
956,99.93
956,99.93
956,99.93
956,99.93
956,99.93
956,99.93
956,99.93
956,99.93
956,99.93
956,99.93
957,99.91
957,99.92
957,99.92
957,99.93
957,99.93
957,99.93
957,99.93
957,99.93
957,99.93
958,99.78
958,99.78
958,99.78
958,99.78
958,99.78
958,99.78
958,99.86
958,99.86
958,99.86
958,99.86
958,99.86
958,99.86
958,99.91
958,99.91
958,99.92
958,99.92
958,99.92
959,99.93
961,99.92
961,99.92
961,99.92
961,99.92
961,99.92
961,99.92
961,99.92
961,99.92
961,99.92
961,99.92
961,99.92
961,99.92
961,99.93
961,99.93
961,99.93
961,99.93
961,99.93
961,99.93
961,99.93
961,99.93
961,99.93
961,99.93
961,99.93
962,99.87
962,99.93
962,99.93
962,99.93
962,99.93
962,99.93
962,99.93
962,99.93
962,99.93
962,99.93
962,99.93
962,99.93
962,99.93
962,99.93
963,99.59
963,99.91
963,99.91
963,99.91
963,99.91
963,99.91
963,99.91
964,99.92
965,99.91
965,99.91
965,99.91
965,99.91
965,99.91
965,99.93
965,99.93
965,99.93
965,99.93
965,99.93
965,99.93
966,99.93
966,99.93
966,99.93
966,99.93
966,99.93
966,99.93
966,99.93
966,99.93
966,99.93
966,99.93
967,99.74
967,99.74
967,99.74
967,99.74
967,99.74
967,99.75
967,99.93
967,99.93
967,99.93
967,99.93
967,99.93
967,99.93
967,99.93
967,99.93
967,99.93
967,99.93
968,99.89
968,99.89
968,99.89
968,99.89
968,99.89
968,99.89
968,99.90
968,99.90
968,99.90
968,99.90
968,99.90
968,99.90
968,99.91
968,99.91
968,99.91
968,99.91
968,99.91
968,99.91
968,99.92
968,99.92
968,99.92
968,99.92
968,99.92
968,99.93
968,99.93
968,99.93
968,99.93
968,99.93
968,99.93
969,99.93
969,99.93
969,99.93
969,99.93
969,99.93
970,99.91
970,99.92
970,99.92
970,99.93
970,99.93
970,99.93
970,99.93
970,99.93
970,99.93
970,99.93
970,99.93
970,99.93
970,99.93
970,99.93
970,99.93
970,99.93
970,99.93
970,99.93
970,99.93
971,99.84
971,99.84
971,99.84
971,99.84
971,99.84
971,99.85
971,99.90
971,99.93
971,99.93
971,99.93
971,99.93
971,99.93
971,99.93
972,99.84
972,99.84
972,99.84
972,99.84
972,99.84
973,99.86
973,99.86
973,99.86
973,99.86
973,99.86
973,99.86
973,99.92
973,99.92
973,99.92
973,99.92
973,99.92
973,99.93
973,99.93
973,99.93
973,99.93
973,99.93
973,99.93
975,99.91
975,99.91
975,99.91
975,99.91
975,99.91
975,99.91
976,99.92
976,99.92
976,99.92
976,99.92
976,99.93
976,99.93
976,99.93
976,99.93
976,99.93
976,99.93
977,99.89
977,99.89
977,99.89
977,99.89
977,99.89
977,99.89
977,99.93
977,99.93
977,99.93
977,99.93
977,99.93
977,99.93
978,99.91
978,99.91
978,99.91
978,99.91
978,99.91
978,99.91
978,99.92
978,99.93
978,99.93
978,99.93
978,99.93
978,99.93
978,99.93
978,99.93
978,99.93
978,99.93
978,99.93
978,99.93
978,99.93
979,99.89
980,99.90
980,99.90
980,99.90
980,99.90
980,99.90
980,99.90
980,99.91
980,99.91
980,99.91
980,99.91
980,99.91
980,99.91
980,99.92
980,99.92
980,99.92
980,99.92
980,99.92
981,99.90
981,99.90
981,99.90
981,99.90
981,99.90
981,99.90
981,99.90
981,99.90
981,99.90
981,99.90
981,99.90
982,99.93
982,99.93
982,99.93
982,99.93
982,99.93
982,99.93
983,99.75
983,99.89
983,99.89
983,99.89
983,99.89
983,99.89
983,99.91
983,99.91
983,99.91
983,99.91
983,99.91
983,99.92
983,99.92
983,99.92
983,99.92
983,99.92
983,99.92
983,99.92
983,99.93
983,99.93
983,99.93
983,99.93
983,99.93
984,99.89
984,99.89
984,99.89
984,99.89
984,99.89
984,99.89
984,99.93
984,99.93
984,99.93
984,99.93
984,99.93
984,99.93
984,99.93
985,99.90
985,99.90
985,99.90
985,99.90
985,99.90
985,99.90
986,99.90
986,99.90
986,99.90
986,99.90
986,99.90
986,99.90
986,99.91
987,99.89
987,99.89
987,99.89
987,99.89
987,99.89
987,99.90
987,99.90
987,99.90
987,99.90
987,99.92
987,99.92
987,99.92
987,99.92
987,99.92
988,99.90
988,99.90
988,99.91
988,99.91
988,99.92
989,99.92
989,99.92
989,99.92
989,99.92
989,99.92
989,99.92
989,99.92
989,99.92
989,99.92
989,99.92
989,99.92
989,99.92
989,99.92
989,99.92
989,99.92
989,99.92
989,99.92
989,99.92
989,99.92
989,99.92
989,99.92
989,99.92
989,99.92
989,99.92
990,99.84
990,99.84
990,99.84
990,99.84
990,99.84
990,99.84
990,99.91
990,99.91
990,99.91
990,99.91
990,99.91
990,99.91
990,99.91
990,99.91
990,99.91
990,99.91
990,99.91
993,99.89
993,99.89
993,99.89
993,99.89
993,99.89
993,99.89
993,99.89
993,99.92
993,99.92
993,99.92
993,99.92
993,99.92
993,99.92
993,99.92
993,99.92
993,99.92
993,99.92
993,99.92
993,99.92
994,99.92
994,99.92
994,99.92
994,99.92
994,99.92
994,99.92
994,99.92
995,99.92
995,99.92
995,99.92
995,99.92
995,99.92
995,99.92
995,99.92
996,99.92
997,99.90
997,99.90
997,99.90
997,99.90
997,99.90
997,99.90
997,99.91
997,99.91
997,99.91
997,99.91
997,99.91
997,99.92
997,99.92
998,99.90
998,99.90
998,99.90
998,99.90
998,99.91
998,99.91
998,99.91
998,99.91
998,99.92
998,99.92
998,99.92
998,99.92
998,99.92
998,99.92
998,99.92
998,99.92
999,99.91
999,99.91
999,99.91
999,99.91
999,99.91
999,99.91
999,99.91
999,99.92
999,99.92
999,99.92
999,99.92
999,99.92
999,99.92
1000,99.92
1000,99.92
1000,99.92
1000,99.92
1000,99.92
1000,99.92
1000,99.92
1000,99.92
1000,99.92
1000,99.92
1001,99.92
1001,99.92
1001,99.92
1001,99.92
1001,99.92
1001,99.92
1001,99.92
1001,99.92
1001,99.92
1001,99.92
1001,99.92
1001,99.92
1001,99.92
1001,99.92
1001,99.92
1001,99.92
1001,99.92
1001,99.92
1002,99.83
1002,99.83
1002,99.87
1002,99.92
1002,99.92
1002,99.92
1002,99.92
1002,99.92
1002,99.92
1003,99.90
1003,99.90
1003,99.90
1003,99.90
1003,99.90
1004,99.90
1004,99.90
1004,99.90
1004,99.90
1004,99.90
1004,99.90
1005,99.92
1005,99.92
1005,99.92
1005,99.92
1005,99.92
1005,99.92
1005,99.92
1005,99.92
1005,99.92
1005,99.92
1006,99.91
1006,99.91
1006,99.91
1006,99.92
1006,99.92
1006,99.92
1006,99.92
1006,99.92
1006,99.92
1007,99.88
1007,99.88
1007,99.88
1007,99.88
1007,99.88
1007,99.88
1007,99.90
1007,99.90
1007,99.90
1007,99.90
1007,99.90
1007,99.90
1007,99.92
1007,99.92
1007,99.92
1007,99.92
1007,99.92
1007,99.92
1008,99.90
1008,99.90
1008,99.90
1008,99.90
1008,99.90
1008,99.90
1008,99.91
1008,99.91
1008,99.91
1008,99.91
1008,99.91
1008,99.91
1008,99.92
1008,99.92
1008,99.92
1008,99.92
1008,99.92
1008,99.92
1008,99.92
1008,99.92
1009,99.91
1009,99.91
1009,99.91
1009,99.91
1009,99.91
1009,99.92
1009,99.92
1009,99.92
1009,99.92
1009,99.92
1009,99.92
1009,99.92
1010,99.87
1010,99.87
1010,99.87
1010,99.87
1010,99.87
1010,99.88
1010,99.92
1011,99.92
1011,99.92
1011,99.92
1011,99.92
1011,99.92
1011,99.92
1011,99.92
1011,99.92
1011,99.92
1011,99.92
1011,99.92
1011,99.92
1011,99.92
1011,99.92
1011,99.92
1011,99.92
1011,99.92
1012,99.90
1012,99.90
1012,99.90
1012,99.90
1012,99.90
1012,99.90
1012,99.91
1012,99.91
1012,99.91
1012,99.91
1012,99.91
1012,99.92
1012,99.92
1012,99.92
1012,99.92
1012,99.92
1012,99.92
1012,99.92
1012,99.92
1012,99.92
1012,99.92
1012,99.92
1013,99.91
1013,99.91
1013,99.91
1013,99.91
1013,99.91
1013,99.91
1014,99.86
1014,99.86
1014,99.86
1014,99.86
1014,99.86
1014,99.86
1014,99.92
1015,99.91
1015,99.91
1015,99.91
1017,99.90
1017,99.91
1017,99.91
1018,99.91
1018,99.91
1018,99.91
1018,99.91
1018,99.92
1018,99.92
1018,99.92
1018,99.92
1018,99.92
1018,99.92
1018,99.92
1018,99.92
1018,99.92
1019,99.83
1019,99.83
1019,99.83
1019,99.83
1019,99.84
1019,99.84
1019,99.85
1019,99.92
1020,99.88
1020,99.89
1020,99.89
1020,99.89
1020,99.89
1020,99.89
1020,99.89
1020,99.90
1020,99.90
1020,99.90
1020,99.90
1020,99.90
1020,99.90
1020,99.92
1020,99.92
1020,99.92
1020,99.92
1020,99.92
1020,99.92
1020,99.92
1021,99.87
1021,99.87
1021,99.87
1021,99.87
1021,99.87
1021,99.91
1021,99.91
1021,99.91
1021,99.91
1021,99.91
1022,99.92
1022,99.92
1022,99.92
1022,99.92
1022,99.92
1022,99.92
1023,99.91
1023,99.91
1023,99.91
1023,99.91
1023,99.91
1023,99.92
1024,99.87
1024,99.87
1024,99.87
1024,99.87
1024,99.87
1024,99.88
1024,99.90
1024,99.90
1024,99.90
1024,99.90
1024,99.90
1024,99.91
1024,99.91
1025,99.91
1025,99.91
1025,99.91
1025,99.91
1025,99.91
1026,99.92
1026,99.92
1026,99.92
1026,99.92
1026,99.92
1027,99.92
1027,99.92
1027,99.92
1027,99.92
1027,99.92
1027,99.92
1027,99.92
1027,99.92
1027,99.92
1028,99.92
1028,99.92
1028,99.92
1028,99.92
1028,99.92
1028,99.92
1028,99.92
1030,99.92
1030,99.92
1030,99.92
1030,99.92
1030,99.92
1030,99.92
1030,99.92
1030,99.92
1030,99.92
1030,99.92
1030,99.92
1030,99.92
1031,99.89
1031,99.89
1031,99.89
1031,99.89
1031,99.89
1032,99.86
1032,99.86
1032,99.86
1032,99.86
1032,99.86
1032,99.86
1032,99.92
1032,99.92
1032,99.92
1032,99.92
1032,99.92
1032,99.92
1033,99.92
1033,99.92
1034,99.92
1034,99.92
1034,99.92
1034,99.92
1034,99.92
1034,99.92
1034,99.92
1034,99.92
1034,99.92
1034,99.92
1034,99.92
1034,99.92
1035,99.89
1035,99.89
1035,99.89
1035,99.92
1035,99.92
1035,99.92
1035,99.92
1035,99.92
1035,99.92
1035,99.92
1036,99.91
1036,99.91
1036,99.91
1036,99.91
1036,99.91
1036,99.91
1036,99.91
1036,99.91
1036,99.91
1036,99.91
1036,99.91
1036,99.92
1037,99.90
1037,99.90
1037,99.90
1037,99.90
1037,99.90
1038,99.92
1038,99.92
1038,99.92
1038,99.92
1038,99.92
1038,99.92
1039,99.90
1039,99.92
1039,99.92
1039,99.92
1039,99.92
1039,99.92
1039,99.92
1039,99.92
1039,99.92
1039,99.92
1039,99.92
1039,99.92
1039,99.92
1039,99.92
1040,99.87
1040,99.87
1040,99.87
1040,99.87
1040,99.87
1040,99.88
1040,99.92
1041,99.91
1041,99.91
1041,99.91
1041,99.91
1041,99.91
1041,99.91
1041,99.92
1041,99.92
1041,99.92
1041,99.92
1041,99.92
1041,99.92
1042,99.89
1042,99.89
1042,99.92
1044,99.91
1044,99.91
1044,99.91
1044,99.91
1044,99.91
1044,99.91
1044,99.92
1044,99.92
1044,99.92
1044,99.92
1044,99.92
1044,99.92
1044,99.92
1044,99.92
1044,99.92
1044,99.92
1044,99.92
1044,99.92
1045,99.87
1045,99.87
1045,99.87
1045,99.87
1045,99.87
1045,99.88
1045,99.92
1046,99.91
1046,99.91
1046,99.92
1046,99.92
1046,99.92
1046,99.92
1046,99.92
1046,99.92
1047,99.90
1047,99.90
1047,99.91
1047,99.91
1047,99.91
1047,99.91
1047,99.91
1047,99.92
1047,99.92
1048,99.89
1048,99.89
1048,99.89
1048,99.89
1048,99.89
1048,99.89
1048,99.90
1048,99.90
1048,99.90
1048,99.90
1048,99.90
1048,99.91
1049,99.91
1049,99.91
1049,99.91
1049,99.91
1049,99.91
1049,99.91
1049,99.91
1049,99.91
1049,99.91
1049,99.92
1049,99.92
1050,99.79
1050,99.79
1050,99.79
1050,99.79
1050,99.79
1050,99.79
1050,99.92
1050,99.92
1050,99.92
1050,99.92
1050,99.92
1050,99.92
1050,99.92
1050,99.92
1050,99.92
1050,99.92
1050,99.92
1050,99.92
1050,99.92
1050,99.92
1050,99.92
1050,99.92
1050,99.92
1050,99.92
1051,99.92
1051,99.92
1051,99.92
1051,99.92
1051,99.92
1051,99.92
1051,99.92
1051,99.92
1051,99.92
1051,99.92
1052,99.91
1053,99.84
1053,99.84
1053,99.84
1053,99.84
1053,99.84
1053,99.87
1053,99.90
1053,99.90
1053,99.90
1053,99.90
1053,99.90
1053,99.90
1054,99.85
1054,99.85
1054,99.85
1054,99.85
1054,99.85
1054,99.85
1055,99.92
1056,99.80
1056,99.80
1056,99.80
1056,99.80
1056,99.80
1056,99.81
1056,99.91
1056,99.91
1056,99.91
1056,99.91
1056,99.91
1056,99.91
1056,99.92
1057,99.92
1057,99.92
1057,99.92
1057,99.92
1057,99.92
1057,99.92
1058,99.92
1058,99.92
1058,99.92
1058,99.92
1058,99.92
1058,99.92
1058,99.92
1058,99.92
1059,99.92
1059,99.92
1059,99.92
1059,99.92
1059,99.92
1060,99.92
1061,99.89
1061,99.89
1061,99.89
1061,99.89
1061,99.89
1061,99.89
1061,99.89
1061,99.92
1062,99.91
1062,99.91
1062,99.92
1063,99.88
1063,99.88
1063,99.88
1063,99.88
1063,99.88
1063,99.88
1063,99.89
1063,99.89
1063,99.89
1063,99.89
1063,99.89
1063,99.89
1063,99.92
1063,99.92
1063,99.92
1063,99.92
1063,99.92
1063,99.92
1064,99.92
1064,99.92
1064,99.92
1064,99.92
1064,99.92
1064,99.92
1064,99.92
1064,99.92
1064,99.92
1064,99.92
1064,99.92
1064,99.92
1065,99.91
1065,99.91
1065,99.91
1065,99.91
1065,99.91
1065,99.91
1067,99.92
1067,99.92
1067,99.92
1067,99.92
1067,99.92
1067,99.92
1069,99.74
1069,99.74
1069,99.76
1069,99.78
1069,99.79
1069,99.82
1069,99.82
1069,99.82
1069,99.82
1069,99.82
1069,99.84
1069,99.88
1069,99.88
1069,99.88
1069,99.88
1069,99.88
1069,99.92
1069,99.92
1069,99.92
1069,99.92
1069,99.92
1070,99.89
1070,99.89
1070,99.89
1070,99.89
1070,99.89
1070,99.89
1070,99.89
1070,99.89
1070,99.89
1070,99.89
1070,99.89
1070,99.90
1070,99.91
1070,99.92
1071,99.91
1071,99.91
1071,99.91
1071,99.91
1071,99.92
1072,99.90
1072,99.90
1072,99.90
1072,99.91
1072,99.91
1072,99.91
1073,99.74
1073,99.82
1073,99.92
1073,99.92
1073,99.92
1073,99.92
1073,99.92
1073,99.92
1073,99.92
1074,99.91
1074,99.92
1074,99.92
1074,99.92
1074,99.92
1074,99.92
1074,99.92
1075,99.89
1075,99.90
1075,99.92
1075,99.92
1075,99.92
1075,99.92
1075,99.92
1075,99.92
1075,99.92
1075,99.92
1075,99.92
1075,99.92
1075,99.92
1075,99.92
1075,99.92
1075,99.92
1075,99.92
1075,99.92
1075,99.92
1077,99.92
1077,99.92
1077,99.92
1077,99.92
1077,99.92
1077,99.92
1078,99.77
1078,99.89
1078,99.89
1078,99.89
1078,99.89
1078,99.89
1078,99.89
1078,99.92
1078,99.92
1078,99.92
1078,99.92
1078,99.92
1078,99.92
1078,99.92
1078,99.92
1079,99.90
1079,99.90
1079,99.90
1079,99.90
1079,99.90
1079,99.91
1079,99.92
1079,99.92
1079,99.92
1079,99.92
1079,99.92
1080,99.85
1080,99.85
1080,99.85
1080,99.85
1080,99.85
1080,99.85
1080,99.87
1080,99.87
1080,99.87
1080,99.87
1080,99.87
1080,99.88
1080,99.91
1080,99.91
1080,99.91
1080,99.91
1080,99.91
1080,99.92
1081,99.90
1081,99.90
1081,99.90
1081,99.90
1081,99.90
1081,99.91
1081,99.92
1081,99.92
1081,99.92
1081,99.92
1081,99.92
1081,99.92
1082,99.90
1082,99.90
1082,99.90
1082,99.90
1082,99.90
1082,99.91
1082,99.91
1082,99.91
1082,99.91
1082,99.91
1082,99.91
1084,99.92
1084,99.92
1084,99.92
1084,99.92
1084,99.92
1084,99.92
1084,99.92
1085,99.64
1085,99.64
1085,99.64
1085,99.64
1085,99.64
1085,99.64
1085,99.92
1085,99.92
1085,99.92
1085,99.92
1085,99.92
1085,99.92
1085,99.92
1085,99.92
1085,99.92
1085,99.92
1085,99.92
1085,99.92
1086,99.88
1086,99.88
1086,99.88
1086,99.88
1086,99.88
1086,99.88
1086,99.92
1086,99.92
1086,99.92
1086,99.92
1086,99.92
1086,99.92
1086,99.92
1086,99.92
1087,99.91
1087,99.91
1087,99.91
1087,99.91
1087,99.91
1087,99.91
1087,99.92
1087,99.92
1087,99.92
1087,99.92
1087,99.92
1087,99.92
1087,99.92
1088,99.91
1088,99.91
1088,99.91
1088,99.91
1088,99.91
1088,99.91
1089,99.89
1089,99.89
1089,99.89
1089,99.89
1089,99.89
1089,99.89
1089,99.90
1089,99.91
1089,99.91
1089,99.91
1089,99.91
1089,99.91
1089,99.91
1089,99.91
1089,99.91
1089,99.91
1089,99.91
1089,99.91
1089,99.92
1089,99.92
1089,99.92
1089,99.92
1089,99.92
1089,99.92
1090,99.92
1090,99.92
1090,99.92
1090,99.92
1090,99.92
1090,99.92
1090,99.92
1090,99.92
1090,99.92
1090,99.92
1090,99.92
1090,99.92
1090,99.92
1091,99.87
1091,99.91
1091,99.91
1091,99.91
1091,99.91
1091,99.91
1091,99.91
1091,99.92
1092,99.81
1092,99.87
1092,99.90
1092,99.91
1092,99.92
1092,99.92
1092,99.92
1092,99.92
1092,99.92
1093,99.92
1094,99.89
1094,99.89
1094,99.89
1094,99.89
1094,99.89
1094,99.90
1094,99.91
1094,99.91
1094,99.91
1094,99.91
1094,99.92
1095,99.79
1095,99.79
1095,99.79
1095,99.79
1095,99.79
1095,99.80
1095,99.91
1095,99.91
1095,99.91
1095,99.91
1095,99.91
1095,99.91
1095,99.92
1095,99.92
1095,99.92
1095,99.92
1095,99.92
1095,99.92
1095,99.92
1095,99.92
1095,99.92
1095,99.92
1095,99.92
1095,99.92
1096,99.90
1096,99.90
1096,99.90
1096,99.91
1096,99.91
1096,99.91
1096,99.91
1096,99.91
1096,99.91
1096,99.92
1097,99.86
1097,99.86
1097,99.86
1097,99.86
1097,99.86
1097,99.88
1097,99.89
1097,99.89
1097,99.89
1097,99.89
1097,99.89
1098,99.88
1098,99.88
1098,99.89
1098,99.89
1098,99.89
1098,99.92
1098,99.92
1098,99.92
1098,99.92
1098,99.92
1098,99.92
1099,99.91
1099,99.91
1099,99.91
1099,99.91
1099,99.91
1099,99.91
1100,99.88
1100,99.88
1100,99.88
1100,99.88
1100,99.88
1100,99.91
1100,99.92
1100,99.92
1100,99.92
1100,99.92
1100,99.92
1100,99.92
1101,99.86
1101,99.86
1101,99.86
1101,99.86
1101,99.86
1101,99.86
1101,99.87
1101,99.89
1101,99.89
1101,99.89
1101,99.89
1101,99.89
1101,99.89
1101,99.90
1101,99.92
1101,99.92
1101,99.92
1101,99.92
1101,99.92
1101,99.92
1101,99.92
1101,99.92
1101,99.92
1101,99.92
1101,99.92
1102,99.89
1102,99.92
1102,99.92
1102,99.92
1102,99.92
1102,99.92
1102,99.92
1102,99.92
1103,99.81
1103,99.81
1103,99.81
1103,99.81
1103,99.81
1103,99.91
1103,99.92
1103,99.92
1103,99.92
1103,99.92
1103,99.92
1103,99.92
1104,99.92
1104,99.92
1104,99.92
1104,99.92
1104,99.92
1104,99.92
1104,99.92
1104,99.92
1104,99.92
1104,99.92
1104,99.92
1104,99.92
1105,99.51
1105,99.83
1105,99.89
1105,99.89
1105,99.89
1105,99.89
1105,99.89
1105,99.89
1106,99.80
1106,99.80
1106,99.85
1106,99.86
1106,99.90
1106,99.91
1107,99.91
1107,99.91
1107,99.91
1107,99.92
1107,99.92
1107,99.92
1108,99.91
1108,99.92
1108,99.92
1108,99.92
1108,99.92
1108,99.92
1108,99.92
1109,99.42
1109,99.42
1109,99.42
1109,99.42
1109,99.46
1109,99.92
1109,99.92
1109,99.92
1109,99.92
1109,99.92
1109,99.92
1109,99.92
1109,99.92
1109,99.92
1109,99.92
1109,99.92
1109,99.92
1110,99.90
1110,99.90
1110,99.90
1110,99.90
1110,99.90
1110,99.91
1110,99.91
1110,99.91
1110,99.91
1110,99.91
1110,99.91
1110,99.92
1110,99.92
1110,99.92
1110,99.92
1110,99.92
1110,99.92
1111,99.91
1111,99.91
1111,99.91
1111,99.91
1111,99.91
1111,99.91
1111,99.91
1111,99.91
1111,99.92
1111,99.92
1111,99.92
1111,99.92
1111,99.92
1111,99.92
1112,99.91
1112,99.91
1112,99.91
1112,99.92
1112,99.92
1112,99.92
1112,99.92
1112,99.92
1112,99.92
1112,99.92
1112,99.92
1112,99.92
1112,99.92
1112,99.92
1112,99.92
1113,99.92
1113,99.92
1113,99.92
1113,99.92
1113,99.92
1113,99.92
1114,99.89
1114,99.91
1116,99.92
1116,99.92
1116,99.92
1116,99.92
1116,99.92
1117,99.89
1117,99.91
1117,99.91
1117,99.91
1117,99.91
1117,99.91
1118,99.81
1118,99.81
1118,99.82
1118,99.83
1118,99.85
1118,99.87
1118,99.87
1118,99.89
1118,99.89
1118,99.89
1118,99.89
1118,99.90
1118,99.90
1118,99.90
1118,99.90
1118,99.90
1118,99.90
1119,99.90
1119,99.91
1119,99.91
1119,99.91
1119,99.91
1119,99.91
1119,99.91
1120,99.88
1120,99.88
1120,99.88
1120,99.88
1120,99.88
1120,99.89
1120,99.90
1120,99.90
1120,99.90
1120,99.90
1120,99.90
1120,99.91
1120,99.91
1120,99.91
1120,99.91
1120,99.91
1120,99.91
1120,99.91
1120,99.91
1120,99.91
1120,99.91
1120,99.91
1120,99.91
1121,99.90
1121,99.90
1122,99.91
1123,99.88
1123,99.88
1123,99.88
1123,99.88
1123,99.88
1123,99.88
1123,99.90
1123,99.90
1123,99.90
1123,99.90
1123,99.90
1123,99.90
1124,99.90
1124,99.90
1124,99.90
1124,99.90
1124,99.90
1124,99.91
1124,99.91
1124,99.91
1124,99.91
1124,99.91
1124,99.91
1124,99.91
1124,99.91
1124,99.91
1124,99.91
1124,99.91
1125,99.88
1125,99.91
1125,99.91
1125,99.91
1125,99.91
1125,99.91
1125,99.91
1126,99.91
1126,99.91
1126,99.91
1126,99.91
1126,99.91
1126,99.91
1127,99.90
1127,99.90
1127,99.90
1127,99.90
1127,99.90
1127,99.91
1127,99.91
1127,99.91
1127,99.91
1127,99.91
1127,99.91
1128,99.91
1128,99.91
1128,99.91
1128,99.91
1128,99.91
1128,99.91
1128,99.91
1128,99.91
1128,99.91
1128,99.91
1128,99.91
1128,99.91
1128,99.91
1129,99.90
1129,99.90
1129,99.90
1129,99.90
1129,99.90
1129,99.90
1129,99.91
1129,99.91
1129,99.91
1129,99.91
1129,99.91
1129,99.91
1129,99.91
1129,99.91
1129,99.91
1129,99.91
1129,99.91
1129,99.91
1129,99.91
1131,99.91
1131,99.91
1131,99.91
1131,99.91
1131,99.91
1131,99.91
1131,99.91
1132,99.90
1132,99.91
1133,99.91
1133,99.91
1133,99.91
1133,99.91
1133,99.91
1133,99.91
1134,99.90
1134,99.90
1134,99.90
1134,99.90
1134,99.91
1135,99.89
1136,99.90
1136,99.91
1136,99.91
1136,99.91
1136,99.91
1136,99.91
1136,99.91
1136,99.91
1137,99.90
1137,99.90
1137,99.90
1137,99.90
1137,99.90
1137,99.90
1138,99.90
1138,99.91
1138,99.91
1139,99.85
1139,99.91
1139,99.91
1139,99.91
1139,99.91
1139,99.91
1139,99.91
1139,99.91
1139,99.91
1139,99.91
1139,99.91
1139,99.91
1139,99.91
1139,99.91
1139,99.91
1140,99.90
1140,99.91
1140,99.91
1140,99.91
1140,99.91
1140,99.91
1141,99.91
1141,99.91
1142,99.91
1142,99.91
1142,99.91
1142,99.91
1143,99.90
1143,99.90
1143,99.90
1143,99.90
1143,99.90
1143,99.90
1143,99.90
1143,99.91
1143,99.91
1143,99.91
1143,99.91
1143,99.91
1143,99.91
1144,99.91
1144,99.91
1144,99.91
1144,99.91
1144,99.91
1144,99.91
1145,99.91
1145,99.91
1145,99.91
1145,99.91
1145,99.91
1145,99.91
1145,99.91
1147,99.87
1147,99.87
1147,99.87
1147,99.87
1147,99.87
1147,99.91
1147,99.91
1147,99.91
1147,99.91
1147,99.91
1147,99.91
1147,99.91
1147,99.91
1147,99.91
1147,99.91
1148,99.91
1148,99.91
1148,99.91
1148,99.91
1148,99.91
1148,99.91
1148,99.91
1148,99.91
1148,99.91
1148,99.91
1148,99.91
1148,99.91
1148,99.91
1149,99.89
1149,99.91
1149,99.91
1149,99.91
1149,99.91
1149,99.91
1150,99.91
1150,99.91
1151,99.91
1151,99.91
1151,99.91
1151,99.91
1151,99.91
1151,99.91
1151,99.91
1151,99.91
1151,99.91
1151,99.91
1151,99.91
1151,99.91
1152,99.88
1152,99.88
1152,99.88
1152,99.88
1152,99.88
1152,99.88
1152,99.90
1152,99.91
1152,99.91
1152,99.91
1152,99.91
1152,99.91
1152,99.91
1152,99.91
1152,99.91
1152,99.91
1152,99.91
1152,99.91
1153,99.91
1153,99.91
1153,99.91
1153,99.91
1153,99.91
1153,99.91
1154,99.91
1154,99.91
1155,99.91
1155,99.91
1155,99.91
1155,99.91
1155,99.91
1156,99.86
1156,99.86
1156,99.86
1156,99.86
1156,99.86
1156,99.86
1156,99.87
1156,99.87
1156,99.87
1156,99.87
1156,99.87
1156,99.87
1156,99.91
1157,99.89
1157,99.89
1157,99.89
1157,99.89
1157,99.89
1157,99.90
1157,99.90
1157,99.90
1157,99.91
1157,99.91
1157,99.91
1157,99.91
1157,99.91
1157,99.91
1158,99.80
1158,99.80
1158,99.80
1158,99.80
1158,99.80
1158,99.80
1159,99.90
1159,99.90
1159,99.90
1159,99.90
1159,99.90
1159,99.91
1159,99.91
1160,99.83
1160,99.83
1160,99.83
1160,99.83
1160,99.83
1160,99.86
1160,99.90
1160,99.90
1160,99.90
1160,99.90
1160,99.90
1160,99.90
1160,99.91
1160,99.91
1160,99.91
1160,99.91
1160,99.91
1160,99.91
1162,99.86
1162,99.86
1162,99.86
1162,99.86
1162,99.86
1162,99.86
1163,99.91
1163,99.91
1163,99.91
1163,99.91
1163,99.91
1164,99.91
1164,99.91
1164,99.91
1164,99.91
1164,99.91
1164,99.91
1164,99.91
1164,99.91
1164,99.91
1164,99.91
1164,99.91
1165,99.90
1165,99.91
1165,99.91
1165,99.91
1165,99.91
1165,99.91
1165,99.91
1166,99.74
1166,99.74
1166,99.74
1166,99.74
1166,99.74
1166,99.74
1166,99.84
1166,99.85
1166,99.91
1166,99.91
1166,99.91
1166,99.91
1166,99.91
1166,99.91
1167,99.90
1168,99.83
1168,99.88
1168,99.88
1168,99.90
1168,99.91
1168,99.91
1168,99.91
1168,99.91
1168,99.91
1168,99.91
1168,99.91
1169,99.90
1169,99.90
1169,99.90
1169,99.90
1169,99.90
1169,99.90
1169,99.91
1169,99.91
1169,99.91
1169,99.91
1169,99.91
1169,99.91
1169,99.91
1169,99.91
1169,99.91
1169,99.91
1169,99.91
1169,99.91
1169,99.91
1170,99.74
1170,99.89
1170,99.89
1170,99.89
1170,99.89
1170,99.89
1171,99.91
1171,99.91
1171,99.91
1171,99.91
1171,99.91
1172,99.91
1172,99.91
1172,99.91
1172,99.91
1172,99.91
1172,99.91
1172,99.91
1172,99.91
1172,99.91
1172,99.91
1172,99.91
1172,99.91
1172,99.91
1172,99.91
1172,99.91
1172,99.91
1172,99.91
1172,99.91
1172,99.91
1172,99.91
1172,99.91
1172,99.91
1173,99.91
1173,99.91
1173,99.91
1173,99.91
1173,99.91
1173,99.91
1173,99.91
1173,99.91
1173,99.91
1173,99.91
1173,99.91
1173,99.91
1173,99.91
1174,99.91
1174,99.91
1174,99.91
1174,99.91
1174,99.91
1175,99.90
1175,99.90
1175,99.91
1175,99.91
1175,99.91
1175,99.91
1175,99.91
1176,99.87
1176,99.87
1176,99.87
1176,99.87
1176,99.87
1176,99.89
1177,99.87
1177,99.89
1177,99.91
1177,99.91
1177,99.91
1178,99.91
1178,99.91
1178,99.91
1178,99.91
1178,99.91
1178,99.91
1179,99.91
1179,99.91
1179,99.91
1179,99.91
1179,99.91
1180,99.86
1180,99.86
1180,99.86
1180,99.86
1180,99.86
1180,99.87
1180,99.90
1180,99.90
1180,99.90
1180,99.90
1180,99.90
1180,99.90
1180,99.90
1180,99.90
1180,99.90
1180,99.90
1180,99.90
1180,99.91
1180,99.91
1180,99.91
1180,99.91
1180,99.91
1182,99.91
1182,99.91
1182,99.91
1182,99.91
1182,99.91
1182,99.91
1182,99.91
1182,99.91
1182,99.91
1182,99.91
1182,99.91
1182,99.91
1182,99.91
1183,99.90
1183,99.90
1183,99.90
1183,99.90
1183,99.90
1183,99.90
1183,99.91
1183,99.91
1183,99.91
1183,99.91
1183,99.91
1183,99.91
1184,99.79
1184,99.79
1184,99.79
1184,99.79
1184,99.79
1184,99.85
1184,99.85
1184,99.85
1184,99.85
1184,99.87
1184,99.89
1184,99.89
1184,99.90
1184,99.90
1184,99.91
1184,99.91
1184,99.91
1184,99.91
1184,99.91
1185,99.84
1185,99.84
1185,99.84
1185,99.84
1185,99.84
1185,99.84
1185,99.90
1185,99.90
1185,99.90
1185,99.91
1185,99.91
1185,99.91
1185,99.91
1185,99.91
1185,99.91
1185,99.91
1185,99.91
1186,99.89
1186,99.90
1186,99.90
1186,99.91
1186,99.91
1186,99.91
1186,99.91
1186,99.91
1186,99.91
1186,99.91
1187,99.91
1187,99.91
1187,99.91
1187,99.91
1187,99.91
1187,99.91
1187,99.91
1188,99.90
1188,99.90
1188,99.90
1188,99.90
1188,99.90
1188,99.90
1189,99.90
1189,99.90
1189,99.90
1189,99.90
1189,99.90
1189,99.91
1189,99.91
1189,99.91
1189,99.91
1189,99.91
1189,99.91
1190,99.89
1190,99.89
1190,99.89
1190,99.89
1190,99.89
1190,99.90
1190,99.90
1190,99.90
1190,99.90
1190,99.90
1190,99.90
1190,99.90
1190,99.90
1190,99.90
1190,99.90
1190,99.90
1190,99.91
1191,99.90
1191,99.90
1191,99.90
1191,99.90
1191,99.90
1192,99.84
1192,99.91
1192,99.91
1192,99.91
1192,99.91
1192,99.91
1192,99.91
1193,99.91
1194,99.82
1194,99.82
1194,99.82
1194,99.82
1194,99.82
1194,99.83
1194,99.90
1194,99.91
1194,99.91
1194,99.91
1194,99.91
1194,99.91
1194,99.91
1195,99.82
1195,99.82
1195,99.82
1195,99.82
1195,99.82
1195,99.82
1195,99.85
1195,99.85
1195,99.86
1195,99.90
1195,99.90
1195,99.90
1195,99.90
1195,99.90
1195,99.91
1195,99.91
1195,99.91
1195,99.91
1195,99.91
1195,99.91
1195,99.91
1196,99.86
1196,99.86
1196,99.86
1196,99.86
1196,99.86
1196,99.86
1196,99.90
1196,99.91
1196,99.91
1196,99.91
1196,99.91
1196,99.91
1196,99.91
1196,99.91
1196,99.91
1196,99.91
1196,99.91
1196,99.91
1197,99.86
1197,99.86
1197,99.86
1197,99.86
1197,99.86
1197,99.86
1197,99.90
1197,99.90
1197,99.90
1197,99.90
1197,99.90
1197,99.90
1197,99.91
1197,99.91
1197,99.91
1197,99.91
1197,99.91
1197,99.91
1198,99.91
1198,99.91
1198,99.91
1198,99.91
1198,99.91
1198,99.91
1199,99.88
1199,99.91
1199,99.91
1199,99.91
1199,99.91
1200,99.86
1200,99.86
1200,99.86
1200,99.86
1200,99.86
1201,99.89
1201,99.89
1201,99.89
1201,99.90
1201,99.90
1201,99.90
1201,99.90
1201,99.90
1201,99.90
1201,99.91
1201,99.91
1201,99.91
1201,99.91
1201,99.91
1201,99.91
1201,99.91
1202,99.85
1202,99.85
1202,99.85
1202,99.85
1202,99.85
1202,99.85
1202,99.89
1202,99.91
1203,99.88
1203,99.89
1203,99.89
1203,99.89
1203,99.89
1203,99.89
1203,99.89
1203,99.89
1203,99.89
1203,99.90
1203,99.90
1204,99.91
1204,99.91
1204,99.91
1204,99.91
1205,99.91
1205,99.91
1205,99.91
1205,99.91
1205,99.91
1205,99.91
1206,99.84
1206,99.84
1206,99.84
1206,99.84
1206,99.85
1206,99.91
1209,99.49
1209,99.91
1209,99.91
1209,99.91
1210,99.89
1210,99.89
1210,99.89
1210,99.89
1210,99.89
1210,99.91
1210,99.91
1210,99.91
1210,99.91
1211,99.88
1211,99.88
1211,99.88
1211,99.88
1211,99.88
1211,99.89
1211,99.89
1211,99.89
1211,99.89
1211,99.89
1211,99.89
1211,99.89
1211,99.90
1211,99.90
1211,99.90
1211,99.90
1211,99.90
1211,99.90
1211,99.91
1211,99.91
1211,99.91
1211,99.91
1211,99.91
1211,99.91
1212,99.91
1212,99.91
1212,99.91
1212,99.91
1212,99.91
1212,99.91
1213,99.87
1213,99.91
1214,99.74
1214,99.86
1214,99.86
1214,99.86
1214,99.88
1214,99.91
1214,99.91
1214,99.91
1214,99.91
1214,99.91
1214,99.91
1215,99.89
1215,99.89
1215,99.89
1215,99.89
1215,99.89
1215,99.89
1215,99.90
1215,99.90
1215,99.91
1215,99.91
1215,99.91
1215,99.91
1215,99.91
1215,99.91
1216,99.90
1216,99.90
1216,99.90
1216,99.90
1216,99.90
1216,99.90
1216,99.91
1217,99.91
1217,99.91
1217,99.91
1217,99.91
1217,99.91
1217,99.91
1217,99.91
1218,99.90
1218,99.90
1218,99.90
1218,99.90
1218,99.90
1218,99.90
1218,99.91
1218,99.91
1218,99.91
1218,99.91
1218,99.91
1218,99.91
1218,99.91
1219,99.76
1219,99.87
1219,99.91
1219,99.91
1219,99.91
1219,99.91
1219,99.91
1219,99.91
1220,99.89
1220,99.89
1220,99.89
1220,99.89
1220,99.89
1221,99.89
1221,99.89
1221,99.89
1221,99.89
1221,99.89
1221,99.90
1221,99.91
1221,99.91
1221,99.91
1221,99.91
1221,99.91
1221,99.91
1221,99.91
1221,99.91
1221,99.91
1221,99.91
1221,99.91
1221,99.91
1221,99.91
1221,99.91
1221,99.91
1221,99.91
1221,99.91
1222,99.88
1222,99.89
1222,99.89
1222,99.89
1222,99.89
1222,99.89
1222,99.89
1222,99.91
1222,99.91
1222,99.91
1222,99.91
1222,99.91
1222,99.91
1222,99.91
1222,99.91
1222,99.91
1222,99.91
1222,99.91
1222,99.91
1222,99.91
1222,99.91
1222,99.91
1222,99.91
1223,99.90
1223,99.90
1223,99.90
1223,99.90
1224,99.89
1224,99.89
1224,99.89
1224,99.89
1224,99.89
1224,99.91
1224,99.91
1224,99.91
1224,99.91
1224,99.91
1224,99.91
1224,99.91
1224,99.91
1224,99.91
1224,99.91
1224,99.91
1225,99.86
1225,99.86
1225,99.86
1225,99.86
1225,99.86
1225,99.86
1225,99.86
1225,99.87
1225,99.87
1225,99.87
1225,99.88
1225,99.90
1225,99.90
1225,99.90
1225,99.90
1225,99.90
1225,99.90
1225,99.91
1225,99.91
1225,99.91
1225,99.91
1225,99.91
1226,99.89
1226,99.89
1226,99.89
1226,99.89
1226,99.89
1226,99.89
1226,99.90
1226,99.91
1226,99.91
1226,99.91
1226,99.91
1226,99.91
1226,99.91
1227,99.91
1227,99.91
1227,99.91
1227,99.91
1227,99.91
1227,99.91
1227,99.91
1229,99.86
1230,99.83
1230,99.83
1230,99.83
1230,99.83
1230,99.83
1230,99.83
1230,99.89
1230,99.89
1230,99.89
1230,99.89
1230,99.89
1230,99.89
1230,99.90
1230,99.90
1230,99.90
1230,99.90
1230,99.90
1230,99.90
1230,99.90
1230,99.90
1230,99.90
1230,99.90
1230,99.90
1230,99.90
1231,99.87
1231,99.87
1231,99.87
1231,99.87
1231,99.87
1231,99.87
1231,99.90
1231,99.90
1231,99.90
1231,99.90
1231,99.90
1231,99.90
1231,99.91
1232,99.89
1232,99.89
1232,99.89
1232,99.89
1232,99.89
1232,99.89
1232,99.90
1232,99.90
1232,99.90
1232,99.91
1232,99.91
1232,99.91
1232,99.91
1232,99.91
1232,99.91
1233,99.48
1233,99.87
1233,99.87
1233,99.87
1233,99.87
1233,99.87
1233,99.87
1233,99.90
1233,99.90
1233,99.90
1233,99.91
1233,99.91
1233,99.91
1233,99.91
1233,99.91
1233,99.91
1234,99.89
1234,99.89
1234,99.89
1234,99.89
1234,99.89
1234,99.90
1235,99.86
1235,99.86
1235,99.89
1235,99.89
1235,99.89
1235,99.89
1235,99.89
1235,99.90
1236,99.89
1236,99.89
1236,99.89
1236,99.89
1236,99.89
1236,99.89
1236,99.89
1237,99.86
1237,99.86
1237,99.86
1237,99.86
1237,99.86
1237,99.91
1237,99.91
1237,99.91
1237,99.91
1237,99.91
1237,99.91
1238,99.90
1238,99.91
1238,99.91
1238,99.91
1238,99.91
1238,99.91
1238,99.91
1239,99.90
1239,99.90
1239,99.90
1239,99.90
1239,99.90
1239,99.91
1239,99.91
1239,99.91
1239,99.91
1239,99.91
1239,99.91
1239,99.91
1239,99.91
1239,99.91
1239,99.91
1239,99.91
1239,99.91
1240,99.87
1240,99.87
1240,99.87
1240,99.87
1240,99.87
1240,99.87
1240,99.91
1240,99.91
1240,99.91
1241,99.91
1242,99.91
1243,99.89
1243,99.89
1244,99.83
1244,99.83
1244,99.83
1244,99.89
1244,99.89
1244,99.89
1244,99.89
1244,99.89
1244,99.90
1244,99.90
1244,99.90
1244,99.90
1244,99.90
1245,99.89
1245,99.89
1245,99.91
1245,99.91
1245,99.91
1245,99.91
1246,99.90
1246,99.90
1246,99.90
1246,99.90
1246,99.90
1246,99.90
1246,99.90
1246,99.90
1246,99.91
1246,99.91
1246,99.91
1246,99.91
1246,99.91
1246,99.91
1246,99.91
1247,99.81
1247,99.84
1247,99.84
1247,99.84
1247,99.84
1247,99.89
1247,99.89
1247,99.89
1247,99.89
1247,99.89
1247,99.91
1248,99.91
1248,99.91
1248,99.91
1248,99.91
1248,99.91
1249,99.84
1249,99.84
1249,99.84
1249,99.85
1249,99.89
1250,99.88
1250,99.90
1251,99.88
1251,99.88
1251,99.88
1251,99.88
1251,99.88
1251,99.88
1251,99.90
1252,99.88
1252,99.88
1252,99.88
1252,99.88
1252,99.88
1252,99.88
1252,99.90
1252,99.90
1252,99.90
1252,99.90
1252,99.90
1252,99.90
1252,99.90
1252,99.90
1253,99.84
1253,99.84
1253,99.84
1253,99.84
1253,99.84
1253,99.85
1253,99.85
1253,99.85
1253,99.85
1253,99.85
1253,99.86
1254,99.81
1254,99.81
1254,99.81
1254,99.81
1254,99.81
1254,99.81
1254,99.85
1254,99.85
1254,99.85
1254,99.85
1254,99.85
1254,99.85
1254,99.89
1254,99.89
1254,99.89
1254,99.89
1254,99.89
1254,99.89
1254,99.90
1254,99.90
1254,99.90
1254,99.90
1254,99.90
1255,99.89
1255,99.89
1255,99.89
1255,99.89
1255,99.89
1255,99.90
1255,99.90
1255,99.90
1255,99.90
1255,99.90
1255,99.90
1256,99.85
1256,99.85
1256,99.85
1256,99.85
1256,99.85
1256,99.85
1257,99.89
1257,99.89
1257,99.89
1257,99.89
1257,99.89
1257,99.90
1257,99.90
1257,99.90
1257,99.90
1257,99.90
1258,99.86
1258,99.89
1258,99.89
1258,99.89
1258,99.89
1258,99.89
1258,99.89
1258,99.89
1258,99.89
1258,99.89
1258,99.89
1258,99.89
1258,99.90
1258,99.90
1259,99.89
1259,99.89
1259,99.89
1259,99.89
1259,99.90
1259,99.90
1259,99.90
1259,99.90
1259,99.90
1260,99.83
1260,99.83
1260,99.83
1260,99.84
1260,99.86
1260,99.90
1260,99.90
1260,99.90
1260,99.90
1260,99.90
1261,99.90
1262,99.87
1262,99.87
1262,99.87
1262,99.87
1262,99.88
1262,99.90
1262,99.90
1262,99.90
1262,99.90
1262,99.90
1262,99.90
1263,99.90
1263,99.90
1263,99.90
1263,99.90
1263,99.90
1263,99.90
1263,99.90
1263,99.90
1263,99.90
1263,99.90
1263,99.90
1263,99.90
1264,99.81
1264,99.81
1264,99.81
1264,99.81
1264,99.87
1264,99.90
1264,99.90
1264,99.90
1264,99.90
1264,99.90
1264,99.90
1264,99.90
1264,99.90
1264,99.90
1264,99.90
1264,99.90
1264,99.90
1265,99.89
1265,99.89
1265,99.89
1265,99.90
1265,99.90
1265,99.90
1265,99.90
1265,99.90
1265,99.90
1266,99.57
1267,99.89
1267,99.89
1267,99.89
1267,99.89
1267,99.89
1267,99.89
1267,99.89
1267,99.89
1267,99.89
1267,99.89
1267,99.89
1268,99.85
1268,99.85
1268,99.85
1268,99.85
1268,99.85
1268,99.85
1268,99.88
1268,99.88
1268,99.88
1268,99.88
1268,99.88
1269,99.75
1269,99.75
1269,99.75
1269,99.75
1269,99.75
1269,99.76
1269,99.89
1269,99.89
1269,99.89
1269,99.89
1269,99.89
1269,99.89
1269,99.90
1269,99.90
1269,99.90
1269,99.90
1269,99.90
1269,99.90
1269,99.90
1270,99.90
1270,99.90
1270,99.90
1270,99.90
1270,99.90
1270,99.90
1271,99.83
1271,99.88
1271,99.89
1271,99.89
1271,99.89
1271,99.89
1271,99.89
1271,99.89
1271,99.90
1271,99.90
1271,99.90
1271,99.90
1271,99.90
1271,99.90
1272,99.71
1272,99.88
1272,99.88
1272,99.88
1272,99.88
1272,99.89
1272,99.89
1272,99.89
1272,99.89
1272,99.89
1272,99.89
1272,99.90
1272,99.90
1272,99.90
1272,99.90
1272,99.90
1272,99.90
1273,99.89
1273,99.89
1273,99.89
1273,99.89
1273,99.89
1274,99.86
1274,99.86
1274,99.86
1274,99.86
1274,99.86
1274,99.87
1274,99.90
1274,99.90
1274,99.90
1274,99.90
1274,99.90
1275,99.89
1275,99.90
1275,99.90
1275,99.90
1275,99.90
1275,99.90
1275,99.90
1276,99.89
1276,99.89
1276,99.89
1276,99.89
1276,99.89
1276,99.89
1277,99.90
1277,99.90
1277,99.90
1277,99.90
1277,99.90
1277,99.90
1278,99.90
1278,99.90
1278,99.90
1278,99.90
1278,99.90
1279,99.90
1279,99.90
1279,99.90
1279,99.90
1279,99.90
1279,99.90
1280,99.88
1280,99.88
1281,99.83
1281,99.83
1281,99.84
1281,99.84
1281,99.84
1281,99.84
1281,99.87
1281,99.87
1281,99.87
1281,99.87
1281,99.87
1281,99.88
1281,99.88
1281,99.88
1281,99.88
1281,99.88
1281,99.88
1281,99.90
1281,99.90
1281,99.90
1281,99.90
1281,99.90
1282,99.83
1282,99.83
1282,99.83
1282,99.83
1282,99.83
1282,99.83
1282,99.88
1282,99.88
1283,99.89
1283,99.89
1283,99.89
1283,99.89
1283,99.89
1283,99.89
1283,99.90
1284,99.84
1284,99.84
1284,99.84
1284,99.84
1284,99.84
1284,99.85
1284,99.88
1284,99.88
1284,99.88
1284,99.88
1284,99.88
1284,99.88
1284,99.90
1284,99.90
1284,99.90
1284,99.90
1284,99.90
1284,99.90
1284,99.90
1284,99.90
1284,99.90
1284,99.90
1284,99.90
1284,99.90
1285,99.90
1285,99.90
1285,99.90
1285,99.90
1285,99.90
1285,99.90
1285,99.90
1286,99.90
1286,99.90
1286,99.90
1286,99.90
1286,99.90
1286,99.90
1286,99.90
1286,99.90
1286,99.90
1286,99.90
1286,99.90
1286,99.90
1286,99.90
1287,99.87
1287,99.88
1287,99.90
1287,99.90
1287,99.90
1287,99.90
1287,99.90
1287,99.90
1287,99.90
1287,99.90
1287,99.90
1287,99.90
1287,99.90
1287,99.90
1287,99.90
1288,99.90
1288,99.90
1289,99.88
1289,99.88
1289,99.88
1289,99.88
1289,99.88
1289,99.88
1289,99.90
1290,99.89
1290,99.89
1290,99.89
1290,99.89
1290,99.89
1290,99.90
1290,99.90
1290,99.90
1290,99.90
1290,99.90
1291,99.55
1291,99.76
1292,99.88
1292,99.88
1292,99.88
1292,99.88
1292,99.88
1292,99.90
1292,99.90
1293,99.89
1293,99.89
1293,99.90
1293,99.90
1293,99.90
1293,99.90
1294,99.84
1294,99.84
1294,99.84
1294,99.84
1294,99.84
1294,99.84
1294,99.89
1294,99.89
1294,99.89
1294,99.89
1294,99.89
1294,99.89
1294,99.90
1294,99.90
1294,99.90
1294,99.90
1294,99.90
1294,99.90
1294,99.90
1294,99.90
1296,99.87
1296,99.87
1296,99.87
1296,99.90
1296,99.90
1296,99.90
1296,99.90
1296,99.90
1296,99.90
1296,99.90
1296,99.90
1296,99.90
1296,99.90
1296,99.90
1296,99.90
1297,99.89
1297,99.89
1297,99.89
1297,99.89
1297,99.89
1297,99.89
1297,99.90
1297,99.90
1297,99.90
1297,99.90
1297,99.90
1297,99.90
1298,99.90
1298,99.90
1298,99.90
1298,99.90
1298,99.90
1298,99.90
1298,99.90
1298,99.90
1298,99.90
1298,99.90
1298,99.90
1298,99.90
1299,99.89
1300,99.85
1300,99.85
1300,99.85
1300,99.85
1300,99.85
1300,99.86
1300,99.88
1300,99.88
1300,99.88
1300,99.88
1300,99.88
1300,99.88
1300,99.90
1300,99.90
1300,99.90
1300,99.90
1300,99.90
1300,99.90
1301,99.81
1301,99.81
1301,99.82
1301,99.82
1301,99.82
1301,99.83
1301,99.88
1301,99.90
1302,99.86
1302,99.86
1302,99.86
1302,99.86
1302,99.86
1302,99.88
1302,99.88
1302,99.88
1302,99.88
1302,99.88
1302,99.89
1302,99.89
1302,99.90
1302,99.90
1302,99.90
1302,99.90
1302,99.90
1302,99.90
1303,99.57
1303,99.85
1303,99.85
1303,99.85
1303,99.85
1303,99.86
1303,99.89
1303,99.90
1303,99.90
1303,99.90
1303,99.90
1303,99.90
1303,99.90
1304,99.83
1304,99.83
1304,99.83
1304,99.83
1304,99.83
1304,99.84
1304,99.89
1304,99.89
1304,99.89
1304,99.89
1304,99.89
1304,99.90
1305,99.84
1305,99.84
1305,99.84
1305,99.84
1305,99.84
1305,99.84
1305,99.86
1305,99.90
1305,99.90
1305,99.90
1305,99.90
1305,99.90
1305,99.90
1305,99.90
1305,99.90
1306,99.88
1306,99.90
1306,99.90
1306,99.90
1306,99.90
1306,99.90
1306,99.90
1306,99.90
1306,99.90
1307,99.89
1307,99.89
1308,99.90
1308,99.90
1308,99.90
1308,99.90
1308,99.90
1308,99.90
1308,99.90
1309,99.86
1309,99.86
1309,99.86
1309,99.86
1309,99.86
1309,99.89
1309,99.90
1309,99.90
1309,99.90
1309,99.90
1309,99.90
1309,99.90
1309,99.90
1309,99.90
1309,99.90
1309,99.90
1309,99.90
1309,99.90
1310,99.90
1310,99.90
1310,99.90
1310,99.90
1310,99.90
1311,99.86
1311,99.86
1311,99.86
1311,99.86
1311,99.86
1311,99.86
1311,99.86
1311,99.90
1311,99.90
1311,99.90
1311,99.90
1311,99.90
1311,99.90
1312,99.88
1312,99.88
1312,99.88
1312,99.88
1312,99.88
1312,99.90
1312,99.90
1312,99.90
1312,99.90
1312,99.90
1313,99.89
1313,99.89
1313,99.89
1313,99.89
1313,99.89
1313,99.90
1313,99.90
1313,99.90
1313,99.90
1313,99.90
1313,99.90
1313,99.90
1313,99.90
1313,99.90
1313,99.90
1313,99.90
1313,99.90
1313,99.90
1314,99.89
1314,99.89
1314,99.89
1314,99.89
1314,99.89
1314,99.89
1314,99.89
1314,99.89
1314,99.89
1314,99.89
1314,99.89
1315,99.87
1315,99.87
1315,99.87
1315,99.87
1315,99.87
1315,99.87
1316,99.82
1316,99.82
1316,99.82
1316,99.85
1316,99.85
1316,99.86
1316,99.86
1316,99.86
1316,99.87
1316,99.90
1317,99.90
1317,99.90
1317,99.90
1317,99.90
1317,99.90
1317,99.90
1318,99.89
1318,99.89
1319,99.76
1319,99.90
1319,99.90
1319,99.90
1319,99.90
1319,99.90
1320,99.85
1320,99.85
1320,99.86
1320,99.86
1320,99.86
1320,99.89
1320,99.89
1320,99.89
1320,99.89
1320,99.89
1320,99.89
1320,99.89
1320,99.89
1320,99.89
1320,99.89
1320,99.89
1321,99.89
1321,99.89
1321,99.89
1321,99.89
1321,99.89
1321,99.90
1321,99.90
1321,99.90
1321,99.90
1321,99.90
1321,99.90
1321,99.90
1322,99.90
1322,99.90
1322,99.90
1322,99.90
1322,99.90
1322,99.90
1323,99.86
1323,99.89
1323,99.89
1323,99.89
1323,99.89
1323,99.89
1323,99.90
1324,99.88
1324,99.88
1324,99.88
1324,99.88
1324,99.88
1324,99.88
1324,99.88
1324,99.88
1324,99.88
1324,99.88
1324,99.88
1324,99.88
1324,99.88
1324,99.90
1324,99.90
1324,99.90
1324,99.90
1324,99.90
1324,99.90
1324,99.90
1325,99.85
1325,99.85
1325,99.85
1325,99.85
1325,99.85
1325,99.85
1326,99.89
1326,99.89
1326,99.89
1326,99.89
1326,99.89
1326,99.89
1326,99.90
1326,99.90
1326,99.90
1326,99.90
1326,99.90
1326,99.90
1327,99.79
1327,99.79
1327,99.79
1327,99.79
1327,99.79
1327,99.83
1327,99.88
1327,99.90
1327,99.90
1328,99.82
1328,99.89
1330,99.85
1330,99.85
1330,99.85
1330,99.90
1330,99.90
1330,99.90
1330,99.90
1330,99.90
1330,99.90
1330,99.90
1330,99.90
1330,99.90
1330,99.90
1330,99.90
1331,99.85
1331,99.85
1331,99.85
1331,99.85
1331,99.85
1331,99.85
1331,99.90
1332,99.84
1332,99.84
1332,99.84
1332,99.84
1332,99.84
1332,99.86
1332,99.88
1332,99.89
1332,99.90
1332,99.90
1332,99.90
1332,99.90
1332,99.90
1332,99.90
1333,99.89
1333,99.90
1333,99.90
1333,99.90
1333,99.90
1333,99.90
1333,99.90
1334,99.82
1334,99.87
1334,99.90
1334,99.90
1334,99.90
1334,99.90
1334,99.90
1334,99.90
1334,99.90
1334,99.90
1334,99.90
1334,99.90
1334,99.90
1334,99.90
1335,99.89
1335,99.89
1335,99.89
1335,99.89
1335,99.89
1335,99.89
1335,99.89
1335,99.89
1335,99.89
1335,99.89
1335,99.90
1335,99.90
1335,99.90
1335,99.90
1335,99.90
1335,99.90
1335,99.90
1335,99.90
1335,99.90
1335,99.90
1336,99.88
1336,99.88
1336,99.88
1336,99.88
1336,99.90
1336,99.90
1336,99.90
1336,99.90
1336,99.90
1336,99.90
1337,99.85
1337,99.85
1337,99.85
1337,99.85
1337,99.85
1338,99.83
1338,99.83
1338,99.90
1338,99.90
1338,99.90
1338,99.90
1338,99.90
1338,99.90
1339,99.89
1339,99.89
1339,99.89
1339,99.89
1339,99.89
1339,99.90
1340,99.85
1340,99.85
1340,99.85
1340,99.85
1340,99.85
1340,99.85
1340,99.89
1340,99.89
1340,99.89
1340,99.89
1340,99.89
1340,99.89
1340,99.89
1341,99.84
1341,99.84
1341,99.84
1341,99.84
1341,99.84
1341,99.85
1341,99.86
1341,99.86
1341,99.86
1341,99.86
1341,99.86
1341,99.86
1341,99.86
1341,99.86
1341,99.86
1341,99.86
1341,99.86
1341,99.87
1341,99.88
1341,99.88
1341,99.88
1341,99.88
1341,99.88
1341,99.89
1341,99.89
1341,99.89
1341,99.89
1341,99.89
1341,99.89
1341,99.89
1341,99.89
1341,99.89
1341,99.90
1342,99.90
1342,99.90
1342,99.90
1342,99.90
1342,99.90
1342,99.90
1342,99.90
1343,99.88
1343,99.88
1343,99.88
1343,99.88
1343,99.88
1344,99.89
1344,99.90
1344,99.90
1344,99.90
1344,99.90
1344,99.90
1344,99.90
1345,99.88
1345,99.88
1345,99.88
1345,99.88
1345,99.88
1345,99.88
1345,99.89
1345,99.89
1345,99.89
1345,99.89
1345,99.89
1345,99.90
1345,99.90
1345,99.90
1345,99.90
1345,99.90
1345,99.90
1345,99.90
1346,99.86
1346,99.86
1346,99.86
1346,99.86
1346,99.86
1346,99.90
1346,99.90
1346,99.90
1346,99.90
1346,99.90
1346,99.90
1346,99.90
1346,99.90
1346,99.90
1346,99.90
1346,99.90
1346,99.90
1346,99.90
1348,99.89
1348,99.89
1348,99.89
1348,99.89
1348,99.89
1348,99.90
1348,99.90
1348,99.90
1348,99.90
1348,99.90
1348,99.90
1349,99.89
1349,99.89
1349,99.89
1349,99.89
1349,99.89
1349,99.89
1349,99.90
1349,99.90
1349,99.90
1350,99.89
1350,99.89
1350,99.89
1350,99.89
1350,99.90
1350,99.90
1350,99.90
1350,99.90
1350,99.90
1350,99.90
1350,99.90
1350,99.90
1351,99.88
1351,99.88
1351,99.88
1351,99.88
1351,99.88
1351,99.88
1351,99.89
1352,99.88
1352,99.88
1352,99.88
1352,99.88
1352,99.88
1352,99.88
1352,99.90
1352,99.90
1352,99.90
1352,99.90
1352,99.90
1353,99.85
1353,99.85
1353,99.85
1353,99.85
1353,99.85
1353,99.85
1353,99.88
1353,99.88
1353,99.88
1353,99.88
1353,99.88
1353,99.88
1353,99.89
1353,99.90
1353,99.90
1353,99.90
1353,99.90
1353,99.90
1353,99.90
1353,99.90
1353,99.90
1353,99.90
1353,99.90
1353,99.90
1353,99.90
1354,99.88
1354,99.88
1354,99.88
1354,99.88
1354,99.88
1354,99.90
1354,99.90
1354,99.90
1354,99.90
1354,99.90
1354,99.90
1355,99.80
1355,99.80
1355,99.80
1355,99.80
1355,99.83
1355,99.84
1355,99.88
1355,99.88
1355,99.89
1355,99.89
1356,99.84
1356,99.84
1356,99.84
1356,99.84
1356,99.84
1356,99.84
1356,99.90
1356,99.90
1356,99.90
1356,99.90
1356,99.90
1356,99.90
1356,99.90
1356,99.90
1356,99.90
1356,99.90
1356,99.90
1356,99.90
1357,99.84
1357,99.84
1357,99.86
1357,99.90
1357,99.90
1357,99.90
1357,99.90
1357,99.90
1357,99.90
1357,99.90
1357,99.90
1357,99.90
1357,99.90
1357,99.90
1358,99.87
1358,99.87
1358,99.87
1358,99.87
1358,99.87
1358,99.87
1358,99.89
1358,99.90
1360,99.90
1360,99.90
1360,99.90
1360,99.90
1360,99.90
1360,99.90
1360,99.90
1360,99.90
1360,99.90
1360,99.90
1361,99.88
1361,99.89
1361,99.89
1361,99.89
1361,99.90
1361,99.90
1361,99.90
1361,99.90
1361,99.90
1361,99.90
1362,99.88
1362,99.88
1362,99.88
1362,99.88
1362,99.88
1362,99.90
1362,99.90
1362,99.90
1362,99.90
1362,99.90
1362,99.90
1362,99.90
1362,99.90
1363,99.87
1363,99.88
1363,99.90
1363,99.90
1364,99.81
1364,99.81
1364,99.81
1364,99.81
1364,99.81
1364,99.81
1364,99.88
1364,99.88
1364,99.88
1364,99.88
1364,99.88
1364,99.88
1364,99.88
1364,99.88
1364,99.88
1364,99.88
1364,99.88
1364,99.88
1364,99.90
1364,99.90
1364,99.90
1364,99.90
1364,99.90
1364,99.90
1364,99.90
1364,99.90
1364,99.90
1364,99.90
1365,99.89
1365,99.89
1365,99.89
1365,99.89
1365,99.89
1365,99.89
1365,99.90
1365,99.90
1365,99.90
1365,99.90
1365,99.90
1365,99.90
1366,99.85
1366,99.85
1366,99.85
1366,99.85
1366,99.85
1366,99.85
1366,99.90
1367,99.89
1367,99.89
1367,99.89
1367,99.89
1367,99.89
1367,99.90
1367,99.90
1367,99.90
1367,99.90
1367,99.90
1367,99.90
1367,99.90
1367,99.90
1367,99.90
1367,99.90
1367,99.90
1367,99.90
1367,99.90
1368,99.87
1368,99.87
1368,99.87
1368,99.87
1368,99.87
1368,99.87
1368,99.87
1368,99.88
1368,99.90
1368,99.90
1368,99.90
1368,99.90
1368,99.90
1368,99.90
1368,99.90
1368,99.90
1369,99.90
1369,99.90
1369,99.90
1369,99.90
1369,99.90
1371,99.84
1371,99.86
1371,99.86
1371,99.86
1371,99.86
1371,99.86
1371,99.86
1371,99.89
1371,99.89
1371,99.90
1371,99.90
1371,99.90
1371,99.90
1371,99.90
1371,99.90
1371,99.90
1371,99.90
1371,99.90
1371,99.90
1372,99.88
1372,99.89
1372,99.89
1372,99.90
1373,99.86
1373,99.90
1373,99.90
1373,99.90
1373,99.90
1373,99.90
1373,99.90
1374,99.88
1374,99.88
1374,99.88
1374,99.88
1374,99.88
1374,99.89
1374,99.89
1374,99.89
1374,99.90
1375,99.88
1375,99.88
1375,99.90
1375,99.90
1375,99.90
1375,99.90
1375,99.90
1376,99.89
1376,99.90
1376,99.90
1376,99.90
1376,99.90
1376,99.90
1376,99.90
1377,99.87
1377,99.89
1377,99.90
1377,99.90
1377,99.90
1377,99.90
1377,99.90
1377,99.90
1377,99.90
1377,99.90
1377,99.90
1377,99.90
1377,99.90
1377,99.90
1378,99.86
1378,99.88
1378,99.88
1378,99.88
1378,99.88
1378,99.88
1378,99.88
1378,99.89
1378,99.89
1378,99.89
1378,99.89
1378,99.89
1378,99.90
1379,99.84
1379,99.84
1379,99.84
1379,99.84
1379,99.84
1379,99.84
1379,99.90
1379,99.90
1379,99.90
1379,99.90
1379,99.90
1380,99.85
1380,99.85
1380,99.85
1380,99.89
1380,99.89
1380,99.89
1380,99.89
1380,99.89
1380,99.89
1380,99.90
1381,99.89
1381,99.89
1381,99.89
1381,99.90
1382,99.89
1382,99.89
1382,99.89
1382,99.89
1382,99.89
1382,99.89
1383,99.86
1383,99.86
1383,99.86
1383,99.86
1383,99.86
1383,99.86
1383,99.88
1383,99.88
1383,99.88
1383,99.88
1383,99.88
1383,99.88
1383,99.89
1383,99.89
1383,99.89
1383,99.89
1383,99.89
1383,99.89
1384,99.89
1385,99.84
1385,99.88
1385,99.88
1385,99.88
1385,99.88
1385,99.88
1385,99.88
1385,99.89
1385,99.89
1385,99.89
1385,99.89
1385,99.89
1385,99.89
1385,99.89
1385,99.89
1385,99.89
1385,99.89
1386,99.78
1386,99.78
1386,99.78
1386,99.78
1386,99.78
1386,99.78
1386,99.89
1386,99.89
1386,99.89
1386,99.89
1386,99.89
1386,99.89
1386,99.89
1386,99.89
1386,99.89
1386,99.89
1386,99.89
1386,99.89
1386,99.89
1386,99.89
1386,99.89
1386,99.89
1386,99.89
1387,99.87
1387,99.88
1387,99.88
1387,99.88
1387,99.88
1387,99.88
1387,99.88
1387,99.89
1387,99.89
1387,99.89
1387,99.89
1387,99.89
1388,99.84
1388,99.84
1388,99.84
1388,99.84
1388,99.84
1388,99.85
1388,99.88
1388,99.88
1388,99.88
1388,99.88
1388,99.88
1389,99.86
1389,99.86
1389,99.86
1389,99.86
1389,99.86
1389,99.86
1390,99.87
1390,99.87
1390,99.89
1390,99.89
1390,99.89
1390,99.89
1390,99.89
1390,99.89
1390,99.89
1390,99.89
1390,99.89
1390,99.89
1390,99.89
1390,99.89
1391,99.83
1391,99.83
1391,99.83
1391,99.83
1391,99.83
1391,99.83
1391,99.89
1391,99.89
1391,99.89
1391,99.89
1391,99.89
1391,99.89
1392,99.77
1392,99.77
1392,99.77
1392,99.77
1392,99.77
1392,99.77
1392,99.78
1392,99.78
1392,99.78
1392,99.78
1392,99.78
1392,99.79
1392,99.87
1392,99.87
1392,99.87
1392,99.87
1392,99.87
1392,99.87
1392,99.88
1392,99.88
1392,99.88
1392,99.89
1392,99.89
1392,99.89
1392,99.89
1392,99.89
1393,99.81
1393,99.81
1393,99.81
1393,99.81
1393,99.81
1393,99.82
1393,99.87
1393,99.87
1393,99.87
1393,99.87
1393,99.87
1393,99.88
1393,99.88
1393,99.89
1393,99.89
1393,99.89
1393,99.89
1393,99.89
1393,99.89
1394,99.89
1394,99.89
1394,99.89
1394,99.89
1394,99.89
1395,99.83
1395,99.83
1395,99.83
1395,99.83
1395,99.83
1395,99.89
1395,99.89
1395,99.89
1395,99.89
1395,99.89
1395,99.89
1395,99.89
1395,99.89
1395,99.89
1395,99.89
1395,99.89
1396,99.89
1396,99.89
1396,99.89
1396,99.89
1396,99.89
1396,99.89
1397,99.89
1397,99.89
1397,99.89
1397,99.89
1397,99.89
1397,99.89
1398,99.76
1398,99.76
1398,99.76
1398,99.76
1398,99.80
1398,99.80
1398,99.89
1398,99.89
1398,99.89
1398,99.89
1398,99.89
1399,99.86
1399,99.87
1399,99.87
1399,99.87
1399,99.89
1399,99.89
1399,99.89
1399,99.89
1399,99.89
1399,99.89
1400,99.84
1400,99.84
1400,99.84
1400,99.84
1400,99.88
1400,99.88
1400,99.88
1400,99.88
1400,99.89
1400,99.89
1400,99.89
1400,99.89
1400,99.89
1400,99.89
1400,99.89
1400,99.89
1401,99.87
1401,99.87
1401,99.87
1401,99.87
1401,99.87
1401,99.87
1401,99.88
1401,99.88
1401,99.88
1401,99.88
1401,99.88
1402,99.87
1402,99.87
1402,99.87
1402,99.87
1402,99.87
1402,99.87
1402,99.88
1402,99.88
1402,99.88
1402,99.88
1402,99.88
1402,99.89
1402,99.89
1402,99.89
1402,99.89
1402,99.89
1402,99.89
1403,99.89
1403,99.89
1403,99.89
1403,99.89
1403,99.89
1403,99.89
1403,99.89
1404,99.87
1404,99.87
1404,99.87
1404,99.87
1404,99.87
1404,99.89
1404,99.89
1405,99.88
1405,99.88
1405,99.88
1405,99.88
1405,99.88
1405,99.88
1405,99.89
1405,99.89
1405,99.89
1405,99.89
1405,99.89
1405,99.89
1407,99.86
1407,99.89
1407,99.89
1407,99.89
1407,99.89
1407,99.89
1407,99.89
1407,99.89
1407,99.89
1407,99.89
1407,99.89
1407,99.89
1407,99.89
1409,99.89
1409,99.89
1409,99.89
1409,99.89
1409,99.89
1409,99.89
1409,99.89
1409,99.89
1409,99.89
1409,99.89
1409,99.89
1410,99.89
1411,99.89
1411,99.89
1411,99.89
1411,99.89
1411,99.89
1411,99.89
1411,99.89
1411,99.89
1411,99.89
1411,99.89
1411,99.89
1411,99.89
1412,99.86
1412,99.88
1412,99.88
1412,99.88
1412,99.88
1412,99.88
1412,99.88
1413,99.87
1413,99.87
1413,99.87
1413,99.88
1413,99.88
1413,99.88
1413,99.88
1413,99.88
1413,99.88
1413,99.88
1413,99.88
1413,99.88
1413,99.89
1413,99.89
1413,99.89
1413,99.89
1413,99.89
1413,99.89
1413,99.89
1413,99.89
1414,99.63
1414,99.63
1414,99.65
1414,99.65
1414,99.65
1414,99.85
1414,99.85
1414,99.89
1414,99.89
1414,99.89
1414,99.89
1414,99.89
1415,99.86
1415,99.89
1415,99.89
1415,99.89
1415,99.89
1415,99.89
1415,99.89
1416,99.89
1416,99.89
1416,99.89
1416,99.89
1416,99.89
1417,99.87
1417,99.87
1417,99.87
1417,99.87
1417,99.87
1417,99.88
1417,99.88
1417,99.88
1417,99.88
1417,99.89
1417,99.89
1417,99.89
1417,99.89
1417,99.89
1417,99.89
1417,99.89
1418,99.87
1418,99.87
1418,99.87
1418,99.87
1418,99.87
1418,99.89
1418,99.89
1419,99.83
1419,99.89
1419,99.89
1419,99.89
1419,99.89
1419,99.89
1419,99.89
1420,99.85
1420,99.89
1420,99.89
1420,99.89
1420,99.89
1420,99.89
1420,99.89
1421,99.86
1421,99.88
1421,99.88
1421,99.88
1421,99.88
1421,99.88
1421,99.88
1422,99.84
1422,99.86
1422,99.89
1422,99.89
1422,99.89
1422,99.89
1422,99.89
1422,99.89
1422,99.89
1422,99.89
1422,99.89
1422,99.89
1422,99.89
1422,99.89
1422,99.89
1422,99.89
1422,99.89
1423,99.89
1423,99.89
1423,99.89
1423,99.89
1423,99.89
1423,99.89
1424,99.86
1424,99.86
1424,99.86
1424,99.86
1424,99.86
1424,99.86
1425,99.88
1425,99.88
1425,99.88
1425,99.88
1425,99.88
1425,99.88
1425,99.88
1425,99.89
1425,99.89
1425,99.89
1425,99.89
1425,99.89
1425,99.89
1426,99.87
1426,99.87
1426,99.87
1426,99.87
1426,99.87
1426,99.87
1426,99.89
1427,99.87
1427,99.87
1427,99.87
1427,99.87
1428,99.89
1429,99.89
1429,99.89
1429,99.89
1429,99.89
1429,99.89
1429,99.89
1429,99.89
1429,99.89
1429,99.89
1429,99.89
1429,99.89
1430,99.83
1430,99.83
1430,99.83
1430,99.83
1430,99.84
1430,99.84
1430,99.87
1430,99.87
1430,99.87
1430,99.87
1430,99.87
1430,99.88
1430,99.88
1430,99.88
1430,99.88
1431,99.82
1431,99.82
1431,99.82
1431,99.82
1431,99.82
1431,99.82
1431,99.84
1431,99.84
1431,99.85
1431,99.85
1431,99.85
1431,99.85
1431,99.85
1431,99.85
1431,99.89
1431,99.89
1431,99.89
1431,99.89
1431,99.89
1431,99.89
1433,99.77
1433,99.89
1433,99.89
1433,99.89
1433,99.89
1433,99.89
1434,99.58
1434,99.58
1434,99.58
1434,99.58
1434,99.58
1434,99.58
1434,99.89
1435,99.87
1435,99.87
1435,99.87
1435,99.88
1435,99.88
1435,99.89
1435,99.89
1435,99.89
1435,99.89
1435,99.89
1435,99.89
1436,99.84
1436,99.84
1436,99.84
1436,99.84
1436,99.84
1436,99.85
1436,99.86
1436,99.88
1436,99.88
1436,99.88
1436,99.88
1436,99.88
1436,99.88
1436,99.89
1437,99.89
1437,99.89
1437,99.89
1437,99.89
1437,99.89
1437,99.89
1438,99.85
1438,99.85
1438,99.85
1438,99.87
1438,99.87
1438,99.87
1438,99.87
1438,99.87
1438,99.87
1439,99.89
1439,99.89
1439,99.89
1439,99.89
1440,99.78
1440,99.78
1440,99.78
1440,99.78
1440,99.78
1440,99.83
1440,99.87
1440,99.87
1440,99.89
1441,99.86
1441,99.89
1442,99.88
1442,99.88
1442,99.88
1442,99.88
1442,99.88
1442,99.88
1442,99.88
1442,99.89
1442,99.89
1442,99.89
1442,99.89
1442,99.89
1442,99.89
1442,99.89
1442,99.89
1442,99.89
1442,99.89
1443,99.89
1443,99.89
1443,99.89
1443,99.89
1443,99.89
1443,99.89
1443,99.89
1443,99.89
1443,99.89
1443,99.89
1445,99.89
1445,99.89
1445,99.89
1445,99.89
1445,99.89
1445,99.89
1445,99.89
1445,99.89
1445,99.89
1445,99.89
1445,99.89
1446,99.87
1446,99.87
1446,99.87
1446,99.89
1446,99.89
1446,99.89
1446,99.89
1446,99.89
1446,99.89
1447,99.83
1447,99.83
1447,99.83
1447,99.83
1447,99.83
1447,99.83
1447,99.89
1447,99.89
1447,99.89
1447,99.89
1447,99.89
1447,99.89
1448,99.89
1449,99.84
1449,99.84
1449,99.84
1449,99.84
1449,99.84
1449,99.86
1449,99.87
1449,99.89
1449,99.89
1449,99.89
1449,99.89
1449,99.89
1449,99.89
1449,99.89
1449,99.89
1449,99.89
1449,99.89
1449,99.89
1449,99.89
1449,99.89
1450,99.89
1450,99.89
1450,99.89
1450,99.89
1450,99.89
1450,99.89
1450,99.89
1450,99.89
1450,99.89
1450,99.89
1450,99.89
1451,99.89
1451,99.89
1451,99.89
1451,99.89
1451,99.89
1451,99.89
1451,99.89
1452,99.83
1452,99.83
1452,99.83
1452,99.83
1452,99.83
1452,99.84
1452,99.87
1452,99.87
1452,99.87
1452,99.87
1452,99.87
1452,99.88
1452,99.88
1452,99.88
1452,99.88
1452,99.88
1452,99.88
1453,99.88
1453,99.89
1453,99.89
1453,99.89
1453,99.89
1453,99.89
1453,99.89
1454,99.88
1454,99.89
1454,99.89
1454,99.89
1454,99.89
1454,99.89
1455,99.77
1455,99.77
1455,99.77
1455,99.77
1455,99.77
1455,99.88
1455,99.88
1455,99.88
1455,99.88
1455,99.88
1455,99.88
1455,99.89
1455,99.89
1455,99.89
1455,99.89
1455,99.89
1455,99.89
1455,99.89
1455,99.89
1456,99.87
1456,99.87
1456,99.87
1456,99.87
1456,99.87
1456,99.87
1456,99.89
1457,99.86
1457,99.86
1457,99.86
1457,99.86
1457,99.86
1457,99.88
1457,99.89
1457,99.89
1457,99.89
1457,99.89
1457,99.89
1458,99.88
1458,99.88
1458,99.88
1458,99.88
1458,99.88
1458,99.89
1458,99.89
1458,99.89
1458,99.89
1458,99.89
1458,99.89
1458,99.89
1458,99.89
1458,99.89
1458,99.89
1458,99.89
1459,99.86
1459,99.86
1459,99.86
1459,99.86
1459,99.86
1459,99.86
1459,99.89
1459,99.89
1459,99.89
1459,99.89
1459,99.89
1459,99.89
1460,99.74
1460,99.74
1460,99.74
1460,99.74
1460,99.74
1460,99.82
1460,99.82
1460,99.82
1460,99.82
1460,99.82
1460,99.83
1460,99.89
1460,99.89
1460,99.89
1460,99.89
1460,99.89
1460,99.89
1460,99.89
1460,99.89
1460,99.89
1460,99.89
1460,99.89
1461,99.86
1461,99.86
1461,99.86
1461,99.86
1461,99.86
1461,99.86
1462,99.89
1462,99.89
1462,99.89
1462,99.89
1462,99.89
1462,99.89
1464,99.88
1464,99.88
1464,99.88
1464,99.88
1464,99.88
1464,99.89
1464,99.89
1464,99.89
1464,99.89
1464,99.89
1464,99.89
1464,99.89
1464,99.89
1464,99.89
1464,99.89
1464,99.89
1464,99.89
1465,99.80
1465,99.80
1465,99.80
1465,99.80
1465,99.80
1465,99.81
1465,99.89
1465,99.89
1465,99.89
1465,99.89
1465,99.89
1465,99.89
1465,99.89
1465,99.89
1465,99.89
1465,99.89
1465,99.89
1465,99.89
1465,99.89
1466,99.82
1466,99.82
1466,99.82
1466,99.82
1466,99.82
1466,99.89
1467,99.86
1467,99.86
1467,99.86
1467,99.86
1467,99.86
1467,99.86
1468,99.87
1468,99.87
1468,99.87
1468,99.87
1468,99.87
1468,99.88
1468,99.88
1468,99.89
1468,99.89
1468,99.89
1468,99.89
1468,99.89
1468,99.89
1468,99.89
1468,99.89
1468,99.89
1468,99.89
1468,99.89
1469,99.73
1469,99.87
1469,99.87
1469,99.87
1469,99.87
1469,99.87
1469,99.87
1469,99.89
1469,99.89
1469,99.89
1469,99.89
1469,99.89
1469,99.89
1470,99.75
1470,99.75
1470,99.75
1470,99.75
1470,99.75
1470,99.81
1470,99.86
1470,99.89
1470,99.89
1470,99.89
1470,99.89
1470,99.89
1471,99.85
1471,99.85
1471,99.85
1471,99.85
1471,99.85
1471,99.85
1471,99.86
1471,99.86
1471,99.86
1471,99.88
1471,99.88
1471,99.88
1471,99.89
1471,99.89
1471,99.89
1471,99.89
1471,99.89
1471,99.89
1472,99.89
1472,99.89
1472,99.89
1472,99.89
1472,99.89
1472,99.89
1473,99.89
1474,99.86
1474,99.86
1474,99.86
1474,99.86
1474,99.86
1474,99.86
1475,99.89
1475,99.89
1475,99.89
1475,99.89
1475,99.89
1476,99.88
1476,99.88
1476,99.88
1476,99.88
1476,99.88
1476,99.88
1476,99.89
1476,99.89
1476,99.89
1476,99.89
1476,99.89
1476,99.89
1477,99.82
1477,99.82
1477,99.82
1477,99.82
1477,99.82
1477,99.82
1477,99.89
1477,99.89
1477,99.89
1477,99.89
1477,99.89
1477,99.89
1478,99.89
1478,99.89
1478,99.89
1478,99.89
1478,99.89
1478,99.89
1478,99.89
1478,99.89
1478,99.89
1478,99.89
1479,99.74
1479,99.74
1479,99.74
1479,99.74
1479,99.75
1480,99.87
1480,99.88
1480,99.88
1480,99.88
1480,99.89
1481,99.88
1481,99.88
1481,99.88
1481,99.88
1481,99.88
1483,99.76
1483,99.76
1483,99.76
1483,99.76
1483,99.76
1483,99.77
1483,99.85
1483,99.85
1483,99.85
1483,99.85
1483,99.85
1483,99.85
1483,99.89
1483,99.89
1483,99.89
1483,99.89
1483,99.89
1484,99.80
1484,99.81
1485,99.89
1485,99.89
1485,99.89
1485,99.89
1485,99.89
1485,99.89
1486,99.87
1486,99.87
1486,99.87
1486,99.87
1486,99.87
1486,99.87
1487,99.89
1488,99.47
1488,99.47
1488,99.47
1488,99.47
1488,99.50
1488,99.86
1488,99.89
1489,99.85
1489,99.89
1489,99.89
1489,99.89
1489,99.89
1489,99.89
1489,99.89
1489,99.89
1489,99.89
1490,99.84
1490,99.84
1490,99.84
1490,99.84
1490,99.84
1490,99.86
1490,99.88
1490,99.88
1490,99.88
1490,99.88
1490,99.88
1490,99.88
1491,99.89
1491,99.89
1492,99.85
1492,99.85
1492,99.89
1492,99.89
1492,99.89
1492,99.89
1492,99.89
1493,99.86
1493,99.86
1493,99.86
1493,99.86
1493,99.86
1493,99.86
1493,99.86
1494,99.86
1494,99.86
1494,99.86
1494,99.86
1494,99.86
1494,99.86
1494,99.86
1494,99.87
1494,99.87
1494,99.87
1494,99.87
1494,99.88
1495,99.89
1496,99.86
1496,99.86
1496,99.86
1496,99.86
1496,99.86
1496,99.86
1496,99.86
1496,99.86
1496,99.86
1496,99.86
1496,99.86
1496,99.87
1496,99.88
1496,99.88
1496,99.89
1496,99.89
1497,99.83
1497,99.83
1497,99.83
1497,99.83
1497,99.83
1497,99.84
1497,99.84
1497,99.84
1497,99.89
1497,99.89
1497,99.89
1497,99.89
1497,99.89
1497,99.89
1497,99.89
1497,99.89
1497,99.89
1497,99.89
1497,99.89
1497,99.89
1497,99.89
1497,99.89
1497,99.89
1497,99.89
1497,99.89
1498,99.85
1498,99.85
1498,99.85
1498,99.85
1498,99.85
1498,99.87
1498,99.89
1498,99.89
1498,99.89
1498,99.89
1498,99.89
1498,99.89
1499,99.89
1499,99.89
1499,99.89
1499,99.89
1499,99.89
1499,99.89
1500,99.88
1500,99.88
1500,99.88
1500,99.88
1500,99.88
1500,99.89
1500,99.89
1500,99.89
1500,99.89
1500,99.89
1500,99.89
1501,99.84
1501,99.84
1501,99.84
1501,99.84
1501,99.84
1501,99.89
1501,99.89
1501,99.89
1501,99.89
1501,99.89
1501,99.89
1501,99.89
1501,99.89
1501,99.89
1501,99.89
1501,99.89
1501,99.89
1502,99.88
1502,99.89
1502,99.89
1504,99.86
1504,99.86
1504,99.86
1504,99.86
1504,99.86
1504,99.86
1504,99.86
1504,99.87
1504,99.88
1504,99.89
1504,99.89
1504,99.89
1504,99.89
1504,99.89
1504,99.89
1504,99.89
1504,99.89
1505,99.89
1505,99.89
1505,99.89
1505,99.89
1505,99.89
1505,99.89
1505,99.89
1505,99.89
1505,99.89
1506,99.87
1506,99.89
1506,99.89
1506,99.89
1506,99.89
1507,99.88
1507,99.88
1507,99.88
1507,99.88
1507,99.88
1507,99.88
1507,99.88
1507,99.88
1507,99.89
1507,99.89
1507,99.89
1508,99.85
1508,99.86
1508,99.86
1508,99.87
1508,99.87
1508,99.87
1508,99.87
1508,99.89
1508,99.89
1509,99.79
1509,99.86
1509,99.86
1509,99.86
1509,99.86
1509,99.86
1509,99.87
1510,99.87
1510,99.89
1511,99.76
1511,99.76
1511,99.76
1511,99.76
1511,99.76
1511,99.76
1511,99.86
1511,99.86
1511,99.86
1511,99.86
1511,99.86
1511,99.86
1511,99.89
1511,99.89
1511,99.89
1511,99.89
1511,99.89
1511,99.89
1512,99.82
1512,99.82
1512,99.82
1512,99.82
1512,99.82
1512,99.83
1512,99.84
1512,99.84
1512,99.84
1512,99.85
1512,99.89
1512,99.89
1512,99.89
1512,99.89
1512,99.89
1512,99.89
1512,99.89
1512,99.89
1512,99.89
1512,99.89
1512,99.89
1514,99.85
1514,99.85
1514,99.85
1514,99.86
1514,99.86
1514,99.86
1514,99.88
1514,99.88
1514,99.88
1514,99.88
1514,99.88
1514,99.88
1514,99.88
1514,99.88
1514,99.88
1514,99.88
1515,99.86
1515,99.86
1515,99.86
1515,99.86
1515,99.86
1515,99.86
1516,99.87
1516,99.87
1516,99.87
1516,99.87
1516,99.88
1516,99.88
1516,99.88
1516,99.88
1516,99.88
1516,99.88
1516,99.88
1517,99.85
1517,99.85
1517,99.85
1517,99.85
1517,99.85
1517,99.85
1517,99.85
1517,99.85
1517,99.85
1517,99.85
1517,99.85
1517,99.85
1518,99.88
1518,99.88
1518,99.88
1518,99.88
1518,99.88
1518,99.88
1518,99.88
1518,99.88
1518,99.88
1518,99.88
1518,99.88
1518,99.88
1518,99.88
1518,99.88
1518,99.88
1518,99.88
1518,99.88
1518,99.88
1518,99.88
1518,99.88
1518,99.88
1518,99.88
1518,99.88
1518,99.88
1519,99.82
1519,99.82
1519,99.82
1519,99.82
1519,99.82
1519,99.82
1520,99.85
1520,99.85
1520,99.85
1520,99.85
1520,99.85
1520,99.85
1520,99.85
1520,99.85
1520,99.85
1520,99.85
1520,99.86
1520,99.86
1520,99.86
1520,99.86
1520,99.86
1520,99.86
1520,99.86
1520,99.87
1520,99.88
1520,99.88
1520,99.88
1520,99.88
1520,99.88
1520,99.88
1520,99.88
1521,99.82
1521,99.82
1521,99.86
1521,99.86
1521,99.86
1521,99.86
1521,99.86
1521,99.88
1521,99.88
1521,99.88
1521,99.88
1521,99.88
1521,99.88
1521,99.88
1521,99.88
1521,99.88
1521,99.88
1521,99.88
1523,99.83
1523,99.85
1523,99.85
1523,99.85
1523,99.85
1523,99.85
1523,99.85
1523,99.87
1523,99.87
1523,99.87
1523,99.87
1523,99.87
1523,99.87
1523,99.88
1523,99.88
1523,99.88
1523,99.88
1524,99.61
1524,99.61
1524,99.61
1524,99.61
1524,99.61
1524,99.65
1524,99.88
1525,99.88
1525,99.88
1525,99.88
1525,99.88
1525,99.88
1525,99.88
1526,99.87
1526,99.88
1526,99.88
1526,99.88
1526,99.88
1526,99.88
1526,99.88
1526,99.88
1526,99.88
1526,99.88
1526,99.88
1526,99.88
1527,99.74
1527,99.74
1527,99.75
1527,99.77
1527,99.83
1528,99.87
1528,99.88
1528,99.88
1528,99.88
1528,99.88
1528,99.88
1528,99.88
1528,99.88
1528,99.88
1528,99.88
1528,99.88
1529,99.88
1529,99.88
1529,99.88
1529,99.88
1529,99.88
1529,99.88
1529,99.88
1529,99.88
1529,99.88
1529,99.88
1529,99.88
1529,99.88
1529,99.88
1530,99.88
1530,99.88
1530,99.88
1530,99.88
1530,99.88
1530,99.88
1531,99.81
1531,99.81
1531,99.81
1531,99.81
1531,99.82
1531,99.82
1531,99.82
1531,99.82
1531,99.82
1531,99.82
1531,99.83
1531,99.84
1531,99.88
1531,99.88
1531,99.88
1531,99.88
1531,99.88
1531,99.88
1531,99.88
1532,99.83
1532,99.83
1532,99.83
1532,99.83
1532,99.84
1532,99.84
1532,99.84
1532,99.84
1532,99.84
1532,99.85
1532,99.85
1532,99.88
1532,99.88
1532,99.88
1532,99.88
1532,99.88
1533,99.88
1533,99.88
1533,99.88
1533,99.88
1533,99.88
1533,99.88
1534,99.83
1534,99.83
1534,99.83
1534,99.83
1534,99.83
1534,99.83
1534,99.84
1534,99.88
1534,99.88
1534,99.88
1534,99.88
1534,99.88
1534,99.88
1535,99.84
1536,99.67
1536,99.67
1536,99.68
1536,99.68
1536,99.69
1536,99.74
1536,99.88
1536,99.88
1536,99.88
1536,99.88
1536,99.88
1536,99.88
1537,99.88
1537,99.88
1537,99.88
1537,99.88
1537,99.88
1537,99.88
1537,99.88
1537,99.88
1537,99.88
1537,99.88
1537,99.88
1537,99.88
1538,99.87
1538,99.87
1538,99.87
1538,99.87
1538,99.87
1539,99.84
1539,99.84
1539,99.84
1539,99.84
1539,99.84
1539,99.84
1539,99.87
1539,99.87
1539,99.87
1539,99.87
1539,99.87
1539,99.88
1539,99.88
1539,99.88
1539,99.88
1539,99.88
1539,99.88
1539,99.88
1539,99.88
1539,99.88
1539,99.88
1539,99.88
1539,99.88
1540,99.79
1540,99.84
1540,99.88
1540,99.88
1540,99.88
1540,99.88
1540,99.88
1540,99.88
1541,99.83
1541,99.83
1541,99.83
1541,99.83
1541,99.83
1541,99.85
1541,99.86
1541,99.86
1541,99.86
1541,99.86
1541,99.86
1541,99.88
1541,99.88
1541,99.88
1541,99.88
1541,99.88
1541,99.88
1541,99.88
1541,99.88
1541,99.88
1541,99.88
1541,99.88
1541,99.88
1542,99.87
1543,99.81
1543,99.81
1543,99.81
1543,99.81
1543,99.81
1543,99.81
1543,99.85
1543,99.85
1543,99.85
1543,99.85
1543,99.85
1543,99.88
1543,99.88
1543,99.88
1543,99.88
1543,99.88
1543,99.88
1543,99.88
1543,99.88
1543,99.88
1543,99.88
1543,99.88
1543,99.88
1543,99.88
1544,99.86
1544,99.86
1544,99.86
1544,99.86
1544,99.86
1544,99.88
1544,99.88
1544,99.88
1544,99.88
1544,99.88
1544,99.88
1544,99.88
1544,99.88
1544,99.88
1544,99.88
1544,99.88
1544,99.88
1545,99.82
1545,99.82
1545,99.82
1545,99.82
1545,99.82
1545,99.83
1545,99.84
1545,99.88
1545,99.88
1545,99.88
1545,99.88
1545,99.88
1545,99.88
1545,99.88
1546,99.86
1546,99.86
1546,99.86
1546,99.86
1546,99.86
1546,99.87
1547,99.88
1547,99.88
1547,99.88
1547,99.88
1548,99.84
1548,99.84
1548,99.84
1548,99.84
1548,99.84
1548,99.84
1548,99.87
1548,99.87
1548,99.87
1548,99.87
1548,99.87
1548,99.88
1548,99.88
1548,99.88
1548,99.88
1548,99.88
1549,99.87
1549,99.88
1549,99.88
1549,99.88
1549,99.88
1549,99.88
1549,99.88
1550,99.88
1550,99.88
1550,99.88
1550,99.88
1550,99.88
1550,99.88
1550,99.88
1551,99.83
1551,99.83
1551,99.83
1551,99.83
1551,99.83
1551,99.83
1551,99.86
1551,99.88
1551,99.88
1551,99.88
1551,99.88
1551,99.88
1551,99.88
1551,99.88
1552,99.78
1552,99.78
1552,99.78
1552,99.78
1552,99.78
1552,99.79
1552,99.85
1552,99.85
1552,99.85
1552,99.85
1552,99.85
1552,99.86
1552,99.88
1552,99.88
1552,99.88
1552,99.88
1552,99.88
1552,99.88
1553,99.79
1553,99.79
1553,99.79
1553,99.79
1553,99.79
1553,99.80
1553,99.88
1553,99.88
1553,99.88
1553,99.88
1553,99.88
1553,99.88
1554,99.80
1554,99.80
1554,99.80
1554,99.80
1554,99.80
1554,99.81
1554,99.87
1554,99.87
1554,99.87
1554,99.87
1554,99.87
1555,99.75
1555,99.75
1555,99.75
1555,99.75
1555,99.75
1555,99.76
1555,99.88
1555,99.88
1555,99.88
1555,99.88
1555,99.88
1557,99.87
1557,99.87
1557,99.87
1557,99.88
1557,99.88
1557,99.88
1557,99.88
1557,99.88
1558,99.88
1558,99.88
1558,99.88
1558,99.88
1558,99.88
1558,99.88
1558,99.88
1558,99.88
1558,99.88
1558,99.88
1558,99.88
1558,99.88
1559,99.74
1559,99.74
1559,99.74
1559,99.74
1559,99.74
1559,99.76
1559,99.88
1559,99.88
1559,99.88
1559,99.88
1559,99.88
1559,99.88
1559,99.88
1559,99.88
1559,99.88
1559,99.88
1559,99.88
1559,99.88
1560,99.87
1561,99.88
1561,99.88
1561,99.88
1561,99.88
1561,99.88
1561,99.88
1562,99.84
1562,99.88
1562,99.88
1562,99.88
1562,99.88
1562,99.88
1562,99.88
1564,99.88
1564,99.88
1564,99.88
1564,99.88
1564,99.88
1564,99.88
1564,99.88
1564,99.88
1564,99.88
1564,99.88
1564,99.88
1564,99.88
1564,99.88
1564,99.88
1564,99.88
1564,99.88
1564,99.88
1564,99.88
1565,99.88
1565,99.88
1565,99.88
1565,99.88
1565,99.88
1565,99.88
1565,99.88
1565,99.88
1565,99.88
1565,99.88
1565,99.88
1565,99.88
1566,99.88
1566,99.88
1566,99.88
1566,99.88
1566,99.88
1566,99.88
1566,99.88
1566,99.88
1566,99.88
1566,99.88
1566,99.88
1567,99.88
1567,99.88
1567,99.88
1567,99.88
1567,99.88
1568,99.88
1568,99.88
1568,99.88
1568,99.88
1568,99.88
1568,99.88
1568,99.88
1568,99.88
1568,99.88
1568,99.88
1568,99.88
1568,99.88
1569,99.87
1569,99.87
1569,99.87
1569,99.87
1569,99.87
1569,99.87
1569,99.87
1569,99.87
1569,99.87
1569,99.87
1570,99.81
1570,99.81
1570,99.81
1570,99.81
1570,99.81
1570,99.81
1570,99.86
1571,99.71
1571,99.71
1571,99.72
1571,99.73
1571,99.79
1571,99.88
1571,99.88
1572,99.85
1572,99.85
1572,99.85
1572,99.85
1572,99.85
1572,99.85
1572,99.85
1572,99.85
1572,99.85
1572,99.85
1573,99.79
1573,99.79
1573,99.80
1573,99.80
1573,99.80
1573,99.82
1574,99.72
1574,99.87
1574,99.87
1574,99.87
1574,99.87
1574,99.87
1575,99.82
1577,99.88
1577,99.88
1577,99.88
1577,99.88
1577,99.88
1577,99.88
1577,99.88
1577,99.88
1577,99.88
1577,99.88
1577,99.88
1577,99.88
1578,99.88
1578,99.88
1578,99.88
1578,99.88
1579,99.85
1579,99.85
1579,99.85
1579,99.85
1579,99.85
1579,99.86
1580,99.87
1580,99.87
1580,99.87
1580,99.87
1580,99.87
1580,99.88
1580,99.88
1580,99.88
1580,99.88
1580,99.88
1580,99.88
1581,99.88
1581,99.88
1581,99.88
1581,99.88
1581,99.88
1581,99.88
1581,99.88
1581,99.88
1581,99.88
1581,99.88
1581,99.88
1581,99.88
1584,99.88
1584,99.88
1584,99.88
1584,99.88
1584,99.88
1585,99.87
1585,99.87
1585,99.88
1585,99.88
1585,99.88
1585,99.88
1585,99.88
1585,99.88
1585,99.88
1585,99.88
1585,99.88
1585,99.88
1585,99.88
1586,99.88
1586,99.88
1586,99.88
1586,99.88
1586,99.88
1586,99.88
1588,99.71
1588,99.71
1588,99.71
1588,99.71
1588,99.71
1588,99.73
1588,99.86
1589,99.79
1589,99.79
1589,99.80
1589,99.80
1589,99.80
1589,99.80
1589,99.88
1589,99.88
1589,99.88
1589,99.88
1589,99.88
1589,99.88
1590,99.88
1590,99.88
1590,99.88
1590,99.88
1590,99.88
1590,99.88
1591,99.86
1591,99.86
1591,99.86
1591,99.86
1591,99.86
1591,99.86
1591,99.87
1591,99.87
1591,99.87
1591,99.87
1591,99.87
1591,99.87
1591,99.88
1591,99.88
1592,99.83
1592,99.83
1592,99.83
1592,99.83
1592,99.83
1592,99.84
1593,99.86
1593,99.86
1593,99.86
1593,99.86
1593,99.86
1594,99.84
1594,99.84
1594,99.85
1594,99.88
1594,99.88
1594,99.88
1594,99.88
1594,99.88
1594,99.88
1594,99.88
1595,99.87
1595,99.88
1595,99.88
1595,99.88
1595,99.88
1595,99.88
1595,99.88
1596,99.85
1596,99.87
1596,99.87
1596,99.87
1596,99.87
1596,99.87
1596,99.87
1596,99.87
1596,99.88
1596,99.88
1596,99.88
1596,99.88
1596,99.88
1596,99.88
1597,99.86
1597,99.86
1597,99.86
1597,99.86
1597,99.86
1597,99.86
1597,99.88
1597,99.88
1597,99.88
1597,99.88
1597,99.88
1597,99.88
1597,99.88
1597,99.88
1597,99.88
1597,99.88
1597,99.88
1597,99.88
1597,99.88
1597,99.88
1597,99.88
1597,99.88
1597,99.88
1597,99.88
1597,99.88
1597,99.88
1597,99.88
1597,99.88
1597,99.88
1599,99.86
1599,99.86
1599,99.86
1599,99.86
1599,99.86
1599,99.86
1600,99.74
1600,99.74
1600,99.74
1600,99.74
1600,99.74
1600,99.78
1600,99.88
1600,99.88
1600,99.88
1600,99.88
1600,99.88
1600,99.88
1600,99.88
1600,99.88
1600,99.88
1600,99.88
1600,99.88
1600,99.88
1601,99.82
1601,99.87
1601,99.87
1601,99.87
1601,99.87
1601,99.87
1601,99.88
1601,99.88
1601,99.88
1601,99.88
1601,99.88
1601,99.88
1602,99.87
1602,99.88
1602,99.88
1602,99.88
1602,99.88
1602,99.88
1602,99.88
1603,99.81
1603,99.81
1603,99.81
1603,99.81
1603,99.81
1603,99.82
1603,99.85
1603,99.85
1603,99.85
1603,99.85
1603,99.88
1604,99.85
1604,99.85
1604,99.85
1604,99.85
1604,99.85
1605,99.87
1605,99.87
1605,99.87
1605,99.87
1605,99.87
1606,99.87
1606,99.87
1606,99.87
1606,99.87
1606,99.87
1606,99.87
1607,99.82
1607,99.82
1607,99.82
1607,99.87
1607,99.87
1607,99.87
1607,99.87
1607,99.87
1608,99.88
1608,99.88
1608,99.88
1608,99.88
1608,99.88
1608,99.88
1608,99.88
1608,99.88
1608,99.88
1608,99.88
1608,99.88
1608,99.88
1609,99.88
1609,99.88
1609,99.88
1609,99.88
1609,99.88
1609,99.88
1610,99.88
1610,99.88
1611,99.86
1611,99.86
1611,99.86
1611,99.86
1611,99.86
1611,99.88
1611,99.88
1611,99.88
1611,99.88
1611,99.88
1611,99.88
1613,99.83
1613,99.83
1613,99.83
1613,99.83
1613,99.83
1613,99.83
1615,99.88
1615,99.88
1615,99.88
1615,99.88
1615,99.88
1615,99.88
1616,99.88
1616,99.88
1616,99.88
1616,99.88
1616,99.88
1616,99.88
1617,99.80
1617,99.80
1617,99.80
1617,99.80
1617,99.80
1617,99.80
1618,99.82
1618,99.84
1618,99.87
1618,99.88
1618,99.88
1618,99.88
1618,99.88
1618,99.88
1619,99.88
1619,99.88
1619,99.88
1619,99.88
1619,99.88
1619,99.88
1619,99.88
1619,99.88
1619,99.88
1619,99.88
1619,99.88
1619,99.88
1620,99.86
1621,99.88
1621,99.88
1621,99.88
1621,99.88
1621,99.88
1621,99.88
1621,99.88
1621,99.88
1621,99.88
1621,99.88
1621,99.88
1621,99.88
1622,99.88
1622,99.88
1622,99.88
1622,99.88
1623,99.87
1624,99.87
1624,99.87
1624,99.87
1624,99.87
1625,99.86
1625,99.87
1625,99.87
1625,99.87
1625,99.87
1625,99.87
1626,99.86
1626,99.86
1626,99.86
1626,99.86
1626,99.86
1626,99.86
1626,99.88
1626,99.88
1626,99.88
1626,99.88
1626,99.88
1626,99.88
1626,99.88
1626,99.88
1626,99.88
1626,99.88
1626,99.88
1627,99.47
1627,99.88
1627,99.88
1627,99.88
1627,99.88
1627,99.88
1627,99.88
1628,99.79
1628,99.79
1628,99.79
1628,99.79
1628,99.83
1628,99.88
1628,99.88
1628,99.88
1628,99.88
1628,99.88
1628,99.88
1629,99.86
1630,99.87
1630,99.87
1630,99.87
1630,99.88
1630,99.88
1630,99.88
1630,99.88
1630,99.88
1630,99.88
1630,99.88
1630,99.88
1630,99.88
1630,99.88
1630,99.88
1630,99.88
1631,99.88
1631,99.88
1631,99.88
1631,99.88
1631,99.88
1631,99.88
1632,99.85
1632,99.87
1632,99.87
1632,99.87
1632,99.87
1632,99.87
1632,99.87
1632,99.88
1632,99.88
1632,99.88
1633,99.77
1633,99.88
1635,99.81
1635,99.81
1635,99.81
1635,99.81
1635,99.87
1635,99.88
1636,99.83
1636,99.83
1636,99.83
1636,99.83
1636,99.83
1636,99.86
1636,99.86
1636,99.86
1636,99.86
1636,99.86
1636,99.87
1637,99.84
1637,99.84
1637,99.84
1637,99.84
1637,99.84
1637,99.84
1637,99.87
1637,99.88
1637,99.88
1637,99.88
1637,99.88
1637,99.88
1637,99.88
1637,99.88
1637,99.88
1638,99.83
1638,99.85
1638,99.85
1638,99.85
1638,99.85
1638,99.85
1638,99.85
1638,99.86
1638,99.86
1638,99.86
1638,99.86
1638,99.86
1638,99.86
1639,99.85
1639,99.85
1639,99.85
1639,99.85
1639,99.85
1639,99.85
1639,99.86
1639,99.86
1639,99.86
1639,99.86
1639,99.86
1639,99.86
1639,99.88
1639,99.88
1639,99.88
1639,99.88
1639,99.88
1639,99.88
1641,99.88
1641,99.88
1641,99.88
1641,99.88
1641,99.88
1641,99.88
1641,99.88
1642,99.73
1642,99.73
1642,99.75
1642,99.75
1642,99.75
1642,99.75
1642,99.75
1642,99.77
1642,99.78
1642,99.78
1642,99.87
1642,99.87
1642,99.87
1642,99.87
1642,99.87
1643,99.85
1643,99.85
1643,99.85
1643,99.85
1643,99.85
1643,99.85
1644,99.86
1644,99.86
1644,99.86
1644,99.86
1644,99.86
1644,99.86
1644,99.87
1644,99.87
1645,99.81
1645,99.81
1645,99.81
1645,99.81
1645,99.81
1645,99.83
1645,99.84
1645,99.84
1645,99.84
1645,99.84
1645,99.84
1645,99.84
1646,99.41
1646,99.87
1646,99.87
1646,99.87
1646,99.87
1646,99.87
1647,99.86
1647,99.86
1647,99.86
1647,99.86
1647,99.86
1648,99.73
1649,99.76
1649,99.76
1649,99.76
1649,99.76
1649,99.76
1649,99.79
1649,99.84
1649,99.84
1649,99.84
1649,99.84
1649,99.84
1649,99.85
1649,99.85
1649,99.85
1649,99.85
1649,99.85
1649,99.86
1649,99.87
1649,99.87
1649,99.87
1650,99.68
1650,99.68
1650,99.68
1650,99.68
1650,99.68
1650,99.69
1650,99.80
1650,99.80
1650,99.80
1650,99.80
1650,99.80
1650,99.80
1650,99.87
1650,99.87
1650,99.87
1651,99.83
1651,99.83
1651,99.83
1651,99.83
1651,99.83
1651,99.83
1651,99.84
1651,99.84
1651,99.84
1651,99.84
1651,99.84
1651,99.85
1651,99.87
1652,99.85
1652,99.85
1652,99.85
1652,99.85
1652,99.85
1652,99.85
1652,99.87
1652,99.87
1653,99.73
1654,99.81
1654,99.81
1654,99.81
1654,99.81
1654,99.81
1654,99.82
1654,99.86
1654,99.86
1654,99.86
1654,99.86
1654,99.86
1654,99.86
1655,99.86
1655,99.86
1655,99.86
1655,99.86
1655,99.86
1655,99.87
1655,99.87
1655,99.87
1655,99.87
1655,99.87
1655,99.87
1655,99.87
1656,99.50
1656,99.87
1657,99.86
1657,99.86
1657,99.86
1657,99.86
1657,99.86
1657,99.87
1657,99.87
1657,99.87
1657,99.87
1657,99.87
1657,99.87
1658,99.85
1658,99.86
1660,99.82
1660,99.82
1660,99.82
1660,99.82
1660,99.82
1660,99.82
1660,99.87
1660,99.87
1661,99.85
1662,99.86
1662,99.86
1662,99.86
1662,99.86
1662,99.86
1662,99.86
1662,99.86
1662,99.86
1662,99.87
1662,99.87
1662,99.87
1662,99.87
1663,99.87
1663,99.87
1663,99.87
1664,99.84
1664,99.84
1664,99.84
1664,99.84
1664,99.84
1664,99.85
1665,99.87
1665,99.87
1665,99.87
1665,99.87
1665,99.87
1665,99.87
1665,99.87
1665,99.87
1665,99.87
1665,99.87
1665,99.87
1665,99.87
1665,99.87
1665,99.87
1666,99.87
1666,99.87
1666,99.87
1666,99.87
1666,99.87
1666,99.87
1666,99.87
1666,99.87
1666,99.87
1666,99.87
1666,99.87
1667,99.82
1667,99.82
1667,99.82
1667,99.84
1667,99.84
1667,99.84
1667,99.87
1667,99.87
1667,99.87
1667,99.87
1667,99.87
1668,99.84
1668,99.84
1668,99.84
1668,99.84
1668,99.84
1668,99.85
1668,99.85
1668,99.85
1668,99.85
1668,99.85
1668,99.87
1668,99.87
1668,99.87
1668,99.87
1669,99.85
1669,99.85
1669,99.85
1669,99.85
1669,99.85
1669,99.86
1669,99.87
1670,99.84
1670,99.84
1670,99.84
1670,99.84
1670,99.84
1670,99.87
1670,99.87
1670,99.87
1670,99.87
1670,99.87
1671,99.86
1671,99.86
1671,99.86
1671,99.86
1671,99.86
1671,99.87
1671,99.87
1671,99.87
1671,99.87
1671,99.87
1671,99.87
1672,99.82
1672,99.87
1672,99.87
1673,99.87
1673,99.87
1673,99.87
1673,99.87
1673,99.87
1673,99.87
1673,99.87
1673,99.87
1673,99.87
1673,99.87
1673,99.87
1674,99.87
1675,99.87
1675,99.87
1675,99.87
1675,99.87
1675,99.87
1675,99.87
1676,99.86
1676,99.87
1676,99.87
1677,99.78
1677,99.78
1677,99.78
1677,99.78
1677,99.78
1677,99.79
1677,99.87
1677,99.87
1677,99.87
1677,99.87
1677,99.87
1677,99.87
1677,99.87
1677,99.87
1677,99.87
1677,99.87
1677,99.87
1677,99.87
1677,99.87
1677,99.87
1677,99.87
1677,99.87
1677,99.87
1677,99.87
1678,99.84
1678,99.85
1678,99.85
1678,99.85
1678,99.85
1678,99.85
1678,99.85
1679,99.87
1679,99.87
1679,99.87
1679,99.87
1679,99.87
1679,99.87
1679,99.87
1679,99.87
1679,99.87
1679,99.87
1679,99.87
1679,99.87
1679,99.87
1679,99.87
1680,99.78
1680,99.78
1680,99.78
1680,99.78
1680,99.78
1680,99.86
1681,99.85
1681,99.85
1681,99.85
1681,99.85
1681,99.85
1681,99.85
1681,99.87
1681,99.87
1682,99.85
1682,99.85
1682,99.86
1682,99.86
1682,99.86
1682,99.87
1682,99.87
1682,99.87
1682,99.87
1682,99.87
1682,99.87
1683,99.82
1683,99.82
1683,99.82
1683,99.82
1683,99.82
1683,99.83
1683,99.83
1683,99.83
1683,99.83
1683,99.83
1683,99.86
1683,99.86
1683,99.86
1683,99.86
1683,99.86
1684,99.86
1684,99.86
1684,99.86
1684,99.86
1684,99.86
1684,99.87
1684,99.87
1684,99.87
1684,99.87
1684,99.87
1684,99.87
1685,99.81
1685,99.81
1685,99.81
1685,99.81
1685,99.81
1685,99.87
1685,99.87
1685,99.87
1685,99.87
1685,99.87
1685,99.87
1686,99.87
1686,99.87
1686,99.87
1686,99.87
1686,99.87
1686,99.87
1687,99.78
1687,99.78
1687,99.78
1687,99.78
1687,99.86
1687,99.86
1687,99.86
1687,99.86
1687,99.86
1687,99.86
1687,99.86
1687,99.86
1687,99.86
1687,99.87
1687,99.87
1687,99.87
1687,99.87
1687,99.87
1687,99.87
1687,99.87
1687,99.87
1688,99.65
1688,99.65
1688,99.65
1688,99.65
1688,99.66
1688,99.67
1688,99.86
1688,99.86
1688,99.86
1688,99.86
1688,99.86
1688,99.86
1688,99.87
1688,99.87
1688,99.87
1688,99.87
1688,99.87
1688,99.87
1688,99.87
1689,99.86
1689,99.86
1689,99.87
1690,99.83
1690,99.83
1690,99.84
1690,99.84
1690,99.86
1690,99.86
1690,99.86
1690,99.87
1690,99.87
1690,99.87
1690,99.87
1690,99.87
1690,99.87
1690,99.87
1690,99.87
1690,99.87
1690,99.87
1691,99.87
1691,99.87
1691,99.87
1691,99.87
1691,99.87
1691,99.87
1692,99.84
1692,99.84
1692,99.84
1692,99.84
1692,99.84
1692,99.84
1692,99.86
1692,99.87
1692,99.87
1692,99.87
1692,99.87
1692,99.87
1693,99.85
1693,99.85
1693,99.85
1693,99.85
1693,99.85
1695,99.84
1695,99.84
1695,99.84
1695,99.84
1695,99.85
1695,99.87
1695,99.87
1696,99.79
1696,99.79
1696,99.79
1696,99.79
1696,99.79
1696,99.81
1696,99.81
1696,99.81
1696,99.81
1696,99.81
1696,99.84
1696,99.87
1696,99.87
1696,99.87
1696,99.87
1696,99.87
1696,99.87
1696,99.87
1697,99.81
1697,99.81
1697,99.81
1697,99.81
1697,99.81
1697,99.83
1697,99.87
1697,99.87
1697,99.87
1697,99.87
1698,99.85
1698,99.86
1698,99.86
1698,99.86
1698,99.86
1698,99.86
1698,99.87
1698,99.87
1698,99.87
1698,99.87
1698,99.87
1698,99.87
1699,99.86
1699,99.86
1699,99.86
1699,99.86
1699,99.86
1699,99.87
1699,99.87
1699,99.87
1699,99.87
1699,99.87
1699,99.87
1701,99.73
1701,99.73
1701,99.73
1701,99.73
1701,99.73
1701,99.87
1701,99.87
1701,99.87
1701,99.87
1701,99.87
1701,99.87
1701,99.87
1701,99.87
1701,99.87
1701,99.87
1701,99.87
1702,99.86
1702,99.86
1702,99.86
1702,99.86
1702,99.86
1702,99.87
1702,99.87
1702,99.87
1702,99.87
1702,99.87
1702,99.87
1702,99.87
1703,99.84
1703,99.87
1703,99.87
1703,99.87
1703,99.87
1703,99.87
1703,99.87
1704,99.87
1704,99.87
1704,99.87
1704,99.87
1704,99.87
1704,99.87
1704,99.87
1704,99.87
1705,99.85
1705,99.86
1705,99.86
1705,99.86
1705,99.86
1705,99.86
1705,99.86
1705,99.87
1707,99.87
1707,99.87
1707,99.87
1707,99.87
1707,99.87
1707,99.87
1708,99.83
1708,99.83
1708,99.84
1708,99.84
1708,99.84
1708,99.84
1708,99.84
1708,99.86
1708,99.86
1708,99.87
1708,99.87
1708,99.87
1708,99.87
1708,99.87
1708,99.87
1709,99.84
1709,99.85
1709,99.85
1709,99.85
1709,99.85
1709,99.85
1709,99.87
1709,99.87
1709,99.87
1709,99.87
1709,99.87
1709,99.87
1709,99.87
1709,99.87
1709,99.87
1709,99.87
1709,99.87
1709,99.87
1709,99.87
1709,99.87
1709,99.87
1710,99.77
1710,99.77
1710,99.85
1710,99.85
1710,99.85
1710,99.85
1710,99.86
1710,99.86
1710,99.86
1710,99.86
1710,99.86
1710,99.86
1711,99.78
1711,99.78
1711,99.79
1711,99.79
1711,99.80
1711,99.87
1711,99.87
1711,99.87
1711,99.87
1711,99.87
1711,99.87
1712,99.86
1712,99.86
1712,99.86
1712,99.86
1712,99.86
1713,99.66
1713,99.87
1713,99.87
1713,99.87
1713,99.87
1713,99.87
1713,99.87
1713,99.87
1714,99.86
1714,99.86
1714,99.86
1714,99.86
1714,99.86
1714,99.86
1715,99.83
1715,99.83
1715,99.83
1715,99.83
1715,99.83
1715,99.83
1715,99.87
1715,99.87
1715,99.87
1715,99.87
1715,99.87
1715,99.87
1715,99.87
1715,99.87
1715,99.87
1715,99.87
1715,99.87
1715,99.87
1715,99.87
1716,99.86
1716,99.86
1716,99.86
1717,99.85
1717,99.86
1717,99.86
1717,99.86
1717,99.86
1717,99.86
1718,99.86
1718,99.86
1718,99.86
1718,99.87
1720,99.87
1721,99.87
1721,99.87
1721,99.87
1721,99.87
1721,99.87
1723,99.85
1723,99.85
1723,99.87
1723,99.87
1723,99.87
1723,99.87
1723,99.87
1723,99.87
1725,99.87
1725,99.87
1725,99.87
1725,99.87
1725,99.87
1725,99.87
1726,99.84
1726,99.84
1726,99.84
1726,99.84
1726,99.84
1726,99.85
1727,99.82
1727,99.82
1727,99.82
1727,99.82
1727,99.82
1727,99.84
1727,99.84
1727,99.84
1727,99.84
1727,99.87
1728,99.87
1728,99.87
1729,99.87
1729,99.87
1729,99.87
1729,99.87
1729,99.87
1729,99.87
1730,99.87
1730,99.87
1730,99.87
1730,99.87
1730,99.87
1730,99.87
1730,99.87
1730,99.87
1730,99.87
1730,99.87
1730,99.87
1730,99.87
1731,99.83
1731,99.83
1731,99.83
1731,99.83
1731,99.83
1731,99.84
1731,99.87
1732,99.71
1732,99.71
1732,99.71
1732,99.71
1732,99.71
1732,99.71
1732,99.85
1732,99.85
1732,99.85
1732,99.85
1732,99.85
1732,99.85
1732,99.85
1732,99.85
1732,99.85
1732,99.85
1732,99.86
1733,99.87
1733,99.87
1733,99.87
1733,99.87
1733,99.87
1733,99.87
1734,99.79
1734,99.87
1734,99.87
1734,99.87
1734,99.87
1735,99.87
1735,99.87
1735,99.87
1735,99.87
1735,99.87
1735,99.87
1735,99.87
1735,99.87
1735,99.87
1735,99.87
1735,99.87
1735,99.87
1736,99.83
1736,99.85
1736,99.85
1736,99.85
1736,99.85
1736,99.85
1736,99.85
1736,99.86
1737,99.87
1737,99.87
1737,99.87
1737,99.87
1737,99.87
1738,99.85
1738,99.85
1738,99.85
1738,99.87
1738,99.87
1738,99.87
1738,99.87
1738,99.87
1738,99.87
1738,99.87
1738,99.87
1738,99.87
1738,99.87
1738,99.87
1738,99.87
1739,99.82
1739,99.82
1739,99.82
1739,99.82
1739,99.82
1739,99.82
1739,99.87
1740,99.86
1740,99.86
1740,99.86
1740,99.86
1740,99.86
1740,99.86
1740,99.87
1740,99.87
1740,99.87
1740,99.87
1740,99.87
1742,99.86
1742,99.86
1742,99.86
1742,99.86
1742,99.86
1742,99.87
1742,99.87
1742,99.87
1742,99.87
1742,99.87
1742,99.87
1743,99.87
1743,99.87
1743,99.87
1743,99.87
1743,99.87
1744,99.79
1744,99.79
1744,99.79
1744,99.79
1744,99.81
1744,99.81
1745,99.85
1745,99.85
1745,99.85
1745,99.87
1745,99.87
1745,99.87
1745,99.87
1745,99.87
1745,99.87
1746,99.66
1746,99.66
1746,99.66
1746,99.66
1747,99.85
1747,99.87
1747,99.87
1747,99.87
1747,99.87
1747,99.87
1747,99.87
1747,99.87
1748,99.72
1748,99.72
1748,99.72
1748,99.72
1748,99.72
1748,99.81
1749,99.82
1749,99.82
1749,99.82
1749,99.82
1749,99.82
1749,99.86
1749,99.86
1749,99.86
1749,99.86
1749,99.86
1749,99.86
1749,99.86
1750,99.85
1751,99.83
1751,99.83
1751,99.83
1751,99.83
1751,99.83
1751,99.83
1752,99.81
1752,99.81
1752,99.81
1752,99.81
1752,99.81
1752,99.86
1752,99.87
1752,99.87
1752,99.87
1752,99.87
1752,99.87
1752,99.87
1752,99.87
1752,99.87
1752,99.87
1752,99.87
1752,99.87
1753,99.85
1753,99.86
1753,99.86
1753,99.86
1753,99.86
1753,99.86
1753,99.86
1754,99.85
1754,99.85
1754,99.85
1754,99.85
1754,99.85
1754,99.85
1754,99.86
1754,99.86
1754,99.86
1754,99.86
1754,99.86
1754,99.86
1754,99.87
1754,99.87
1755,99.83
1755,99.83
1755,99.83
1755,99.83
1755,99.83
1755,99.83
1755,99.85
1755,99.85
1755,99.85
1755,99.85
1755,99.85
1755,99.87
1755,99.87
1755,99.87
1755,99.87
1755,99.87
1756,99.85
1756,99.85
1756,99.85
1756,99.85
1756,99.85
1756,99.85
1757,99.86
1757,99.87
1758,99.75
1759,99.84
1759,99.87
1759,99.87
1759,99.87
1759,99.87
1759,99.87
1759,99.87
1761,99.84
1761,99.84
1761,99.84
1761,99.84
1761,99.84
1761,99.86
1762,99.87
1763,99.81
1763,99.83
1763,99.83
1763,99.83
1763,99.83
1763,99.83
1763,99.83
1763,99.83
1763,99.83
1763,99.83
1763,99.83
1763,99.84
1763,99.87
1764,99.83
1764,99.83
1764,99.83
1764,99.83
1764,99.83
1764,99.84
1764,99.87
1764,99.87
1764,99.87
1764,99.87
1764,99.87
1764,99.87
1765,99.82
1765,99.82
1765,99.82
1765,99.82
1765,99.82
1765,99.84
1765,99.84
1765,99.84
1765,99.84
1765,99.84
1766,99.75
1766,99.75
1766,99.75
1766,99.75
1766,99.75
1766,99.79
1766,99.86
1766,99.86
1766,99.86
1768,99.81
1768,99.81
1768,99.81
1768,99.81
1768,99.81
1768,99.82
1768,99.86
1768,99.86
1768,99.86
1768,99.86
1768,99.86
1768,99.87
1768,99.87
1768,99.87
1768,99.87
1768,99.87
1768,99.87
1768,99.87
1768,99.87
1768,99.87
1768,99.87
1768,99.87
1769,99.87
1769,99.87
1769,99.87
1769,99.87
1769,99.87
1769,99.87
1769,99.87
1769,99.87
1769,99.87
1769,99.87
1770,99.86
1770,99.86
1770,99.86
1770,99.86
1770,99.86
1770,99.86
1771,99.83
1771,99.83
1771,99.83
1771,99.83
1771,99.83
1771,99.84
1771,99.87
1771,99.87
1771,99.87
1771,99.87
1771,99.87
1771,99.87
1772,99.86
1773,99.77
1773,99.77
1773,99.77
1773,99.77
1773,99.77
1773,99.77
1773,99.83
1773,99.83
1773,99.83
1773,99.83
1773,99.83
1773,99.83
1773,99.87
1773,99.87
1773,99.87
1773,99.87
1773,99.87
1774,99.87
1774,99.87
1774,99.87
1774,99.87
1774,99.87
1774,99.87
1774,99.87
1774,99.87
1774,99.87
1774,99.87
1776,99.76
1777,99.86
1777,99.86
1777,99.86
1777,99.86
1777,99.86
1777,99.86
1778,99.83
1778,99.83
1778,99.83
1778,99.83
1778,99.83
1778,99.83
1778,99.84
1778,99.84
1778,99.84
1778,99.84
1778,99.84
1778,99.84
1779,99.67
1779,99.67
1779,99.67
1779,99.67
1779,99.72
1779,99.85
1779,99.85
1779,99.86
1780,99.86
1781,99.83
1781,99.86
1783,99.57
1783,99.57
1783,99.58
1783,99.58
1783,99.58
1783,99.59
1783,99.74
1783,99.74
1783,99.74
1783,99.74
1783,99.74
1783,99.80
1783,99.86
1783,99.86
1783,99.86
1783,99.86
1783,99.86
1784,99.83
1784,99.83
1784,99.83
1784,99.83
1784,99.86
1784,99.86
1784,99.86
1784,99.86
1784,99.86
1784,99.86
1785,99.82
1785,99.82
1785,99.82
1785,99.82
1785,99.82
1785,99.82
1785,99.86
1785,99.86
1785,99.86
1785,99.86
1785,99.86
1785,99.86
1786,99.86
1786,99.86
1786,99.86
1787,99.85
1787,99.85
1787,99.85
1787,99.86
1788,99.86
1788,99.86
1788,99.86
1788,99.86
1788,99.86
1788,99.86
1789,99.60
1789,99.83
1789,99.86
1789,99.86
1789,99.86
1789,99.86
1789,99.86
1791,99.77
1791,99.77
1791,99.77
1791,99.77
1791,99.77
1791,99.85
1791,99.85
1791,99.85
1792,99.86
1792,99.86
1792,99.86
1792,99.86
1792,99.86
1792,99.86
1792,99.86
1792,99.86
1792,99.86
1792,99.86
1792,99.86
1792,99.86
1793,99.85
1793,99.85
1793,99.85
1793,99.85
1793,99.85
1793,99.86
1793,99.86
1793,99.86
1793,99.86
1793,99.86
1793,99.86
1795,99.84
1795,99.84
1795,99.84
1795,99.84
1795,99.84
1795,99.84
1795,99.86
1796,99.84
1796,99.84
1796,99.84
1796,99.84
1796,99.84
1796,99.85
1797,99.72
1797,99.86
1797,99.86
1797,99.86
1797,99.86
1797,99.86
1797,99.86
1798,99.85
1798,99.85
1798,99.85
1798,99.85
1801,99.86
1801,99.86
1801,99.86
1801,99.86
1801,99.86
1802,99.86
1802,99.86
1802,99.86
1802,99.86
1802,99.86
1802,99.86
1802,99.86
1802,99.86
1802,99.86
1802,99.86
1802,99.86
1802,99.86
1803,99.85
1803,99.85
1803,99.86
1803,99.86
1803,99.86
1803,99.86
1803,99.86
1803,99.86
1804,99.86
1804,99.86
1804,99.86
1804,99.86
1804,99.86
1804,99.86
1806,99.60
1806,99.83
1806,99.83
1806,99.83
1806,99.83
1806,99.83
1806,99.83
1807,99.71
1807,99.71
1807,99.71
1807,99.81
1807,99.84
1807,99.84
1807,99.84
1808,99.84
1808,99.84
1808,99.84
1808,99.84
1808,99.84
1808,99.84
1808,99.84
1808,99.84
1808,99.84
1808,99.84
1808,99.86
1808,99.86
1808,99.86
1808,99.86
1808,99.86
1808,99.86
1809,99.85
1809,99.86
1809,99.86
1809,99.86
1809,99.86
1809,99.86
1809,99.86
1810,99.81
1810,99.81
1810,99.81
1810,99.81
1810,99.81
1810,99.81
1810,99.85
1810,99.85
1810,99.85
1810,99.85
1810,99.85
1810,99.86
1810,99.86
1810,99.86
1810,99.86
1810,99.86
1811,99.73
1811,99.86
1812,99.86
1812,99.86
1812,99.86
1812,99.86
1812,99.86
1812,99.86
1812,99.86
1812,99.86
1812,99.86
1813,99.73
1813,99.73
1813,99.73
1813,99.73
1813,99.75
1813,99.76
1813,99.86
1813,99.86
1813,99.86
1813,99.86
1813,99.86
1813,99.86
1813,99.86
1814,99.84
1814,99.84
1814,99.84
1814,99.84
1814,99.84
1814,99.86
1814,99.86
1815,99.82
1815,99.82
1815,99.82
1815,99.82
1815,99.82
1815,99.82
1816,99.86
1816,99.86
1816,99.86
1816,99.86
1816,99.86
1818,99.21
1818,99.21
1818,99.22
1818,99.22
1818,99.23
1818,99.23
1818,99.83
1818,99.83
1818,99.83
1818,99.83
1818,99.83
1818,99.85
1819,99.76
1819,99.76
1819,99.76
1819,99.76
1819,99.76
1819,99.81
1820,99.84
1820,99.84
1820,99.84
1820,99.84
1820,99.84
1820,99.86
1821,99.82
1821,99.82
1821,99.82
1821,99.82
1821,99.82
1821,99.82
1823,99.84
1823,99.85
1823,99.85
1823,99.85
1823,99.86
1823,99.86
1823,99.86
1824,99.85
1824,99.86
1824,99.86
1824,99.86
1824,99.86
1824,99.86
1824,99.86
1825,99.71
1825,99.82
1825,99.82
1825,99.82
1825,99.82
1825,99.82
1825,99.82
1825,99.85
1825,99.85
1825,99.86
1826,99.86
1826,99.86
1826,99.86
1826,99.86
1826,99.86
1826,99.86
1826,99.86
1827,99.86
1827,99.86
1827,99.86
1827,99.86
1827,99.86
1827,99.86
1828,99.86
1828,99.86
1828,99.86
1828,99.86
1828,99.86
1828,99.86
1829,99.85
1829,99.85
1830,99.86
1830,99.86
1830,99.86
1830,99.86
1830,99.86
1830,99.86
1830,99.86
1830,99.86
1830,99.86
1830,99.86
1830,99.86
1830,99.86
1832,99.86
1833,99.86
1833,99.86
1833,99.86
1833,99.86
1833,99.86
1833,99.86
1833,99.86
1834,99.86
1834,99.86
1834,99.86
1834,99.86
1834,99.86
1834,99.86
1836,99.85
1836,99.85
1836,99.85
1836,99.85
1836,99.85
1836,99.85
1840,99.66
1840,99.66
1840,99.66
1840,99.66
1840,99.66
1840,99.71
1840,99.72
1840,99.79
1840,99.85
1840,99.86
1840,99.86
1840,99.86
1840,99.86
1840,99.86
1840,99.86
1840,99.86
1841,99.81
1841,99.81
1841,99.81
1841,99.82
1841,99.82
1841,99.82
1841,99.86
1841,99.86
1841,99.86
1841,99.86
1841,99.86
1841,99.86
1842,99.83
1842,99.83
1842,99.83
1842,99.83
1842,99.83
1842,99.83
1842,99.86
1842,99.86
1842,99.86
1842,99.86
1842,99.86
1843,99.78
1843,99.78
1843,99.78
1843,99.78
1843,99.78
1843,99.83
1843,99.83
1843,99.83
1843,99.83
1843,99.83
1843,99.83
1843,99.85
1843,99.85
1843,99.85
1843,99.85
1844,99.69
1844,99.86
1844,99.86
1844,99.86
1844,99.86
1844,99.86
1844,99.86
1845,99.86
1845,99.86
1845,99.86
1845,99.86
1845,99.86
1845,99.86
1846,99.83
1846,99.83
1846,99.83
1846,99.83
1846,99.83
1846,99.86
1846,99.86
1846,99.86
1846,99.86
1846,99.86
1846,99.86
1847,99.83
1847,99.83
1847,99.83
1847,99.83
1847,99.83
1847,99.83
1847,99.84
1847,99.84
1847,99.84
1847,99.85
1848,99.84
1848,99.84
1848,99.84
1848,99.85
1848,99.85
1848,99.85
1848,99.85
1850,99.81
1850,99.81
1850,99.81
1850,99.81
1850,99.81
1850,99.82
1851,99.84
1851,99.84
1851,99.84
1851,99.84
1851,99.84
1852,99.76
1852,99.76
1852,99.76
1852,99.76
1852,99.76
1852,99.76
1853,99.67
1853,99.67
1853,99.69
1853,99.72
1853,99.74
1853,99.75
1853,99.86
1853,99.86
1853,99.86
1853,99.86
1853,99.86
1853,99.86
1853,99.86
1853,99.86
1853,99.86
1853,99.86
1853,99.86
1854,99.83
1854,99.83
1854,99.83
1854,99.83
1854,99.83
1854,99.83
1854,99.86
1854,99.86
1854,99.86
1854,99.86
1854,99.86
1854,99.86
1855,99.83
1855,99.83
1855,99.83
1855,99.83
1855,99.83
1855,99.83
1855,99.85
1855,99.85
1855,99.85
1855,99.86
1855,99.86
1855,99.86
1855,99.86
1855,99.86
1857,99.85
1858,99.67
1858,99.67
1858,99.67
1858,99.67
1858,99.68
1858,99.69
1858,99.78
1858,99.78
1858,99.78
1858,99.78
1858,99.78
1858,99.82
1858,99.83
1858,99.83
1858,99.83
1858,99.83
1858,99.83
1858,99.83
1859,99.81
1859,99.81
1859,99.81
1859,99.81
1859,99.81
1859,99.82
1859,99.82
1859,99.82
1859,99.82
1859,99.82
1859,99.86
1860,99.84
1860,99.84
1860,99.85
1860,99.85
1860,99.85
1860,99.85
1860,99.85
1860,99.85
1860,99.86
1860,99.86
1860,99.86
1860,99.86
1860,99.86
1860,99.86
1860,99.86
1861,99.85
1861,99.85
1861,99.85
1861,99.85
1861,99.85
1863,99.83
1863,99.85
1863,99.85
1863,99.85
1863,99.85
1863,99.85
1864,99.86
1864,99.86
1864,99.86
1864,99.86
1864,99.86
1864,99.86
1864,99.86
1864,99.86
1864,99.86
1864,99.86
1864,99.86
1865,99.84
1865,99.84
1865,99.84
1865,99.86
1865,99.86
1865,99.86
1865,99.86
1865,99.86
1865,99.86
1865,99.86
1867,99.42
1867,99.42
1867,99.42
1867,99.42
1867,99.42
1867,99.43
1867,99.86
1868,99.80
1868,99.80
1868,99.80
1868,99.80
1868,99.80
1868,99.80
1868,99.82
1868,99.82
1868,99.82
1868,99.82
1868,99.82
1868,99.83
1868,99.85
1868,99.85
1868,99.85
1868,99.85
1868,99.85
1869,99.77
1869,99.85
1871,99.84
1871,99.84
1871,99.84
1871,99.84
1871,99.84
1871,99.86
1871,99.86
1871,99.86
1871,99.86
1871,99.86
1871,99.86
1872,99.82
1872,99.82
1872,99.82
1872,99.82
1872,99.82
1872,99.82
1872,99.86
1872,99.86
1872,99.86
1872,99.86
1872,99.86
1872,99.86
1872,99.86
1873,99.84
1873,99.84
1873,99.84
1873,99.84
1873,99.84
1874,99.86
1874,99.86
1874,99.86
1874,99.86
1874,99.86
1875,99.84
1875,99.84
1875,99.84
1875,99.84
1875,99.84
1875,99.86
1875,99.86
1875,99.86
1875,99.86
1875,99.86
1875,99.86
1875,99.86
1875,99.86
1875,99.86
1875,99.86
1875,99.86
1875,99.86
1876,99.85
1876,99.85
1876,99.86
1876,99.86
1876,99.86
1876,99.86
1876,99.86
1877,99.79
1877,99.79
1877,99.79
1877,99.79
1877,99.79
1877,99.80
1877,99.85
1877,99.85
1877,99.85
1878,99.78
1878,99.85
1878,99.86
1878,99.86
1878,99.86
1878,99.86
1878,99.86
1878,99.86
1879,99.86
1879,99.86
1879,99.86
1879,99.86
1879,99.86
1879,99.86
1880,99.83
1880,99.83
1880,99.86
1880,99.86
1880,99.86
1880,99.86
1880,99.86
1880,99.86
1881,99.86
1882,99.83
1882,99.83
1882,99.83
1882,99.83
1882,99.83
1882,99.83
1884,99.86
1884,99.86
1884,99.86
1884,99.86
1884,99.86
1884,99.86
1885,99.85
1885,99.85
1885,99.85
1885,99.85
1885,99.86
1885,99.86
1885,99.86
1885,99.86
1885,99.86
1885,99.86
1885,99.86
1885,99.86
1885,99.86
1885,99.86
1885,99.86
1885,99.86
1886,99.84
1887,99.74
1887,99.74
1887,99.74
1887,99.74
1887,99.74
1887,99.77
1887,99.85
1887,99.85
1887,99.85
1887,99.85
1887,99.85
1888,99.82
1888,99.82
1888,99.82
1888,99.82
1888,99.82
1890,99.86
1890,99.86
1890,99.86
1890,99.86
1890,99.86
1892,99.85
1892,99.85
1892,99.85
1892,99.85
1892,99.85
1892,99.86
1892,99.86
1892,99.86
1892,99.86
1892,99.86
1892,99.86
1893,99.86
1894,99.85
1894,99.86
1894,99.86
1894,99.86
1894,99.86
1894,99.86
1894,99.86
1895,99.51
1895,99.86
1895,99.86
1895,99.86
1895,99.86
1895,99.86
1895,99.86
1896,99.80
1896,99.80
1896,99.80
1896,99.80
1896,99.80
1896,99.80
1896,99.80
1896,99.80
1896,99.80
1896,99.80
1896,99.80
1896,99.85
1896,99.85
1897,99.85
1897,99.86
1897,99.86
1897,99.86
1897,99.86
1897,99.86
1897,99.86
1899,99.81
1899,99.81
1899,99.81
1899,99.81
1899,99.81
1899,99.82
1899,99.84
1899,99.86
1899,99.86
1899,99.86
1899,99.86
1899,99.86
1900,99.84
1900,99.84
1900,99.84
1900,99.84
1900,99.84
1901,99.84
1901,99.84
1901,99.85
1901,99.85
1901,99.85
1903,99.86
1903,99.86
1903,99.86
1903,99.86
1903,99.86
1903,99.86
1904,99.73
1904,99.73
1904,99.73
1904,99.73
1904,99.73
1904,99.81
1904,99.81
1904,99.81
1904,99.81
1904,99.81
1904,99.82
1904,99.84
1904,99.84
1904,99.84
1904,99.84
1904,99.85
1905,99.84
1905,99.84
1905,99.84
1905,99.84
1905,99.84
1905,99.84
1905,99.84
1905,99.84
1905,99.84
1905,99.84
1905,99.84
1905,99.85
1906,99.83
1906,99.83
1906,99.83
1906,99.83
1906,99.83
1906,99.84
1906,99.85
1908,99.81
1909,99.85
1909,99.85
1910,99.85
1912,99.79
1912,99.84
1912,99.85
1912,99.85
1912,99.85
1912,99.85
1912,99.85
1914,99.85
1915,99.85
1915,99.85
1915,99.85
1915,99.85
1915,99.85
1915,99.85
1915,99.85
1915,99.85
1915,99.85
1915,99.85
1915,99.85
1915,99.85
1916,99.63
1916,99.63
1916,99.65
1916,99.65
1916,99.65
1916,99.65
1916,99.83
1916,99.83
1916,99.83
1916,99.83
1916,99.83
1916,99.85
1916,99.85
1916,99.85
1916,99.85
1916,99.85
1916,99.85
1918,99.83
1918,99.83
1918,99.83
1918,99.83
1918,99.83
1918,99.83
1918,99.83
1918,99.83
1918,99.83
1918,99.83
1918,99.83
1918,99.85
1919,99.65
1919,99.65
1919,99.65
1919,99.65
1919,99.65
1919,99.71
1919,99.74
1919,99.74
1919,99.74
1919,99.74
1919,99.74
1919,99.74
1920,99.81
1920,99.81
1920,99.81
1920,99.81
1920,99.81
1920,99.83
1920,99.85
1921,99.78
1921,99.78
1921,99.78
1921,99.78
1921,99.78
1921,99.80
1921,99.80
1921,99.80
1922,99.71
1922,99.71
1922,99.71
1922,99.71
1922,99.71
1922,99.71
1923,99.82
1923,99.85
1923,99.85
1923,99.85
1924,99.85
1924,99.85
1924,99.85
1924,99.85
1924,99.85
1924,99.85
1924,99.85
1924,99.85
1924,99.85
1924,99.85
1924,99.85
1925,99.85
1926,99.85
1926,99.85
1926,99.85
1926,99.85
1926,99.85
1926,99.85
1926,99.85
1926,99.85
1926,99.85
1926,99.85
1926,99.85
1926,99.85
1927,99.82
1927,99.82
1927,99.82
1927,99.84
1927,99.84
1928,99.85
1929,99.85
1929,99.85
1929,99.85
1929,99.85
1929,99.85
1930,99.85
1930,99.85
1930,99.85
1930,99.85
1930,99.85
1930,99.85
1931,99.84
1931,99.85
1932,99.83
1932,99.83
1932,99.83
1932,99.83
1932,99.83
1932,99.85
1932,99.85
1932,99.85
1932,99.85
1932,99.85
1932,99.85
1932,99.85
1932,99.85
1932,99.85
1932,99.85
1932,99.85
1932,99.85
1932,99.85
1933,99.81
1933,99.81
1933,99.81
1933,99.81
1933,99.81
1933,99.82
1933,99.85
1933,99.85
1933,99.85
1933,99.85
1933,99.85
1933,99.85
1933,99.85
1933,99.85
1933,99.85
1933,99.85
1933,99.85
1933,99.85
1934,99.81
1934,99.84
1934,99.84
1934,99.84
1934,99.85
1934,99.85
1934,99.85
1934,99.85
1934,99.85
1934,99.85
1935,99.85
1937,99.79
1937,99.79
1937,99.79
1937,99.79
1937,99.79
1937,99.80
1937,99.85
1937,99.85
1937,99.85
1937,99.85
1937,99.85
1937,99.85
1938,99.84
1938,99.84
1938,99.85
1938,99.85
1938,99.85
1938,99.85
1938,99.85
1938,99.85
1940,99.73
1940,99.73
1940,99.73
1940,99.73
1940,99.82
1940,99.82
1940,99.82
1940,99.82
1940,99.82
1940,99.82
1940,99.82
1941,99.83
1941,99.83
1941,99.83
1941,99.83
1941,99.83
1941,99.85
1941,99.85
1941,99.85
1941,99.85
1941,99.85
1941,99.85
1941,99.85
1942,99.75
1942,99.79
1942,99.83
1942,99.83
1942,99.83
1942,99.83
1942,99.83
1942,99.83
1942,99.85
1943,99.74
1943,99.74
1943,99.74
1943,99.74
1943,99.74
1943,99.84
1943,99.84
1943,99.84
1943,99.84
1943,99.84
1944,99.80
1944,99.83
1944,99.83
1944,99.83
1944,99.83
1944,99.84
1944,99.85
1945,99.84
1945,99.85
1945,99.85
1945,99.85
1945,99.85
1945,99.85
1945,99.85
1946,99.85
1946,99.85
1946,99.85
1946,99.85
1946,99.85
1946,99.85
1947,99.82
1947,99.82
1947,99.82
1947,99.82
1947,99.82
1947,99.82
1947,99.84
1947,99.84
1947,99.84
1947,99.84
1947,99.84
1948,99.85
1949,99.85
1949,99.85
1949,99.85
1949,99.85
1949,99.85
1950,99.85
1950,99.85
1950,99.85
1950,99.85
1950,99.85
1950,99.85
1950,99.85
1950,99.85
1951,99.81
1951,99.81
1951,99.81
1951,99.81
1951,99.81
1951,99.83
1951,99.83
1952,99.65
1952,99.65
1952,99.65
1952,99.65
1952,99.65
1952,99.70
1952,99.78
1953,99.85
1954,99.75
1954,99.75
1954,99.76
1954,99.76
1954,99.76
1954,99.76
1955,99.85
1955,99.85
1955,99.85
1955,99.85
1955,99.85
1956,99.81
1956,99.81
1956,99.81
1956,99.81
1956,99.81
1956,99.81
1956,99.82
1956,99.82
1956,99.82
1956,99.82
1956,99.82
1956,99.82
1956,99.85
1956,99.85
1956,99.85
1956,99.85
1956,99.85
1956,99.85
1956,99.85
1956,99.85
1956,99.85
1956,99.85
1956,99.85
1957,99.85
1957,99.85
1957,99.85
1957,99.85
1957,99.85
1957,99.85
1959,99.85
1960,99.85
1961,99.70
1961,99.85
1961,99.85
1961,99.85
1961,99.85
1961,99.85
1961,99.85
1962,99.84
1963,99.79
1963,99.79
1963,99.79
1963,99.79
1963,99.79
1963,99.80
1963,99.85
1963,99.85
1963,99.85
1963,99.85
1963,99.85
1963,99.85
1963,99.85
1963,99.85
1963,99.85
1963,99.85
1963,99.85
1963,99.85
1964,99.85
1964,99.85
1964,99.85
1964,99.85
1965,99.85
1965,99.85
1965,99.85
1965,99.85
1965,99.85
1965,99.85
1966,99.80
1966,99.80
1966,99.80
1966,99.80
1966,99.80
1966,99.80
1967,99.85
1967,99.85
1967,99.85
1967,99.85
1967,99.85
1967,99.85
1968,99.80
1968,99.80
1968,99.80
1968,99.80
1968,99.80
1968,99.81
1969,99.74
1969,99.74
1969,99.74
1969,99.74
1969,99.74
1969,99.75
1969,99.85
1969,99.85
1969,99.85
1969,99.85
1969,99.85
1969,99.85
1970,99.77
1970,99.77
1970,99.77
1970,99.77
1970,99.77
1970,99.78
1970,99.82
1970,99.82
1970,99.82
1970,99.82
1970,99.82
1970,99.82
1970,99.85
1970,99.85
1970,99.85
1970,99.85
1970,99.85
1970,99.85
1970,99.85
1971,99.81
1971,99.85
1971,99.85
1971,99.85
1971,99.85
1971,99.85
1971,99.85
1972,99.84
1973,99.72
1973,99.72
1973,99.72
1973,99.72
1973,99.72
1973,99.73
1973,99.82
1973,99.82
1973,99.82
1973,99.82
1973,99.82
1973,99.83
1974,99.76
1974,99.76
1974,99.76
1974,99.76
1974,99.76
1974,99.84
1975,99.78
1975,99.78
1975,99.78
1975,99.78
1975,99.78
1975,99.80
1975,99.84
1975,99.84
1975,99.84
1975,99.85
1975,99.85
1975,99.85
1975,99.85
1975,99.85
1975,99.85
1976,99.65
1976,99.65
1976,99.65
1976,99.65
1976,99.65
1976,99.72
1977,99.84
1977,99.85
1977,99.85
1977,99.85
1977,99.85
1977,99.85
1977,99.85
1979,99.82
1979,99.82
1979,99.82
1979,99.82
1979,99.82
1979,99.82
1979,99.84
1979,99.84
1979,99.84
1979,99.84
1979,99.84
1979,99.84
1980,99.85
1980,99.85
1980,99.85
1980,99.85
1980,99.85
1980,99.85
1981,99.83
1981,99.83
1981,99.83
1981,99.83
1981,99.83
1981,99.85
1981,99.85
1982,99.85
1982,99.85
1982,99.85
1982,99.85
1982,99.85
1982,99.85
1982,99.85
1982,99.85
1982,99.85
1982,99.85
1982,99.85
1983,99.71
1983,99.84
1985,99.85
1986,99.82
1986,99.85
1987,99.81
1987,99.81
1987,99.81
1987,99.81
1987,99.81
1987,99.83
1988,99.77
1988,99.77
1988,99.77
1988,99.77
1988,99.77
1988,99.77
1988,99.81
1988,99.81
1988,99.81
1988,99.81
1988,99.81
1988,99.81
1988,99.85
1988,99.85
1988,99.85
1988,99.85
1988,99.85
1988,99.85
1988,99.85
1989,99.79
1989,99.79
1989,99.79
1989,99.79
1989,99.79
1989,99.79
1989,99.85
1989,99.85
1989,99.85
1989,99.85
1989,99.85
1989,99.85
1990,99.83
1990,99.83
1990,99.83
1990,99.83
1990,99.85
1990,99.85
1990,99.85
1990,99.85
1990,99.85
1990,99.85
1990,99.85
1991,99.76
1991,99.76
1991,99.76
1991,99.76
1991,99.76
1991,99.80
1991,99.85
1991,99.85
1991,99.85
1991,99.85
1991,99.85
1991,99.85
1992,99.84
1992,99.84
1992,99.84
1992,99.84
1992,99.84
1992,99.84
1993,99.84
1993,99.84
1993,99.84
1993,99.84
1993,99.84
1994,99.80
1994,99.80
1994,99.80
1994,99.80
1994,99.80
1994,99.81
1995,99.80
1995,99.80
1995,99.80
1995,99.80
1995,99.80
1995,99.80
1996,99.83
1996,99.83
1996,99.83
1996,99.83
1996,99.83
1996,99.84
1996,99.84
1997,99.85
1997,99.85
1997,99.85
1997,99.85
1997,99.85
1997,99.85
1998,99.84
1998,99.84
1998,99.84
1998,99.84
1998,99.84
1998,99.84
1999,99.77
1999,99.81
1999,99.81
1999,99.81
1999,99.81
1999,99.81
1999,99.85
2000,99.79
2000,99.79
2000,99.79
2000,99.79
2000,99.79
2000,99.79
2000,99.82
2001,99.77
2001,99.77
2001,99.77
2001,99.77
2001,99.77
2001,99.77
2002,99.69
2002,99.71
2002,99.71
2002,99.71
2002,99.83
2002,99.83
2002,99.83
2002,99.83
2002,99.83
2002,99.84
2002,99.85
2002,99.85
2002,99.85
2002,99.85
2002,99.85
2002,99.85
2002,99.85
2004,99.84
2005,99.85
2005,99.85
2005,99.85
2005,99.85
2005,99.85
2005,99.85
2006,99.85
2006,99.85
2006,99.85
2006,99.85
2006,99.85
2006,99.85
2007,99.57
2007,99.57
2007,99.57
2007,99.57
2007,99.59
2007,99.64
2007,99.75
2008,99.79
2008,99.79
2008,99.79
2008,99.79
2008,99.82
2009,99.82
2009,99.82
2009,99.82
2009,99.82
2009,99.82
2009,99.82
2009,99.83
2010,99.84
2010,99.85
2011,99.85
2011,99.85
2011,99.85
2011,99.85
2011,99.85
2011,99.85
2013,99.79
2013,99.79
2013,99.79
2013,99.79
2013,99.82
2013,99.82
2013,99.85
2013,99.85
2013,99.85
2013,99.85
2013,99.85
2014,99.79
2014,99.79
2014,99.82
2014,99.82
2014,99.82
2014,99.82
2014,99.82
2014,99.85
2014,99.85
2014,99.85
2014,99.85
2014,99.85
2014,99.85
2015,99.80
2015,99.80
2015,99.80
2015,99.80
2015,99.80
2015,99.81
2015,99.81
2015,99.81
2015,99.81
2015,99.81
2015,99.82
2015,99.83
2015,99.84
2015,99.84
2015,99.85
2015,99.85
2015,99.85
2015,99.85
2015,99.85
2015,99.85
2015,99.85
2016,99.85
2016,99.85
2016,99.85
2016,99.85
2016,99.85
2016,99.85
2016,99.85
2017,99.72
2017,99.72
2017,99.72
2017,99.72
2017,99.72
2017,99.72
2018,99.80
2018,99.80
2018,99.80
2018,99.80
2018,99.80
2018,99.80
2018,99.84
2018,99.85
2018,99.85
2018,99.85
2018,99.85
2018,99.85
2018,99.85
2019,99.68
2019,99.68
2019,99.68
2019,99.68
2019,99.69
2019,99.70
2019,99.84
2019,99.84
2019,99.84
2019,99.84
2019,99.84
2019,99.84
2020,99.84
2020,99.84
2020,99.84
2020,99.84
2020,99.84
2020,99.85
2021,99.77
2021,99.85
2021,99.85
2021,99.85
2021,99.85
2022,99.74
2022,99.81
2022,99.81
2022,99.81
2022,99.81
2022,99.81
2022,99.81
2022,99.82
2022,99.82
2022,99.82
2022,99.82
2022,99.82
2022,99.85
2023,99.84
2023,99.84
2023,99.84
2023,99.84
2023,99.84
2023,99.84
2023,99.85
2023,99.85
2023,99.85
2023,99.85
2023,99.85
2023,99.85
2024,99.80
2024,99.85
2024,99.85
2024,99.85
2024,99.85
2024,99.85
2025,99.79
2025,99.79
2025,99.79
2025,99.79
2025,99.79
2025,99.80
2025,99.83
2025,99.83
2025,99.83
2025,99.83
2025,99.83
2025,99.85
2025,99.85
2025,99.85
2025,99.85
2025,99.85
2026,99.85
2026,99.85
2026,99.85
2026,99.85
2027,99.83
2027,99.83
2027,99.83
2027,99.83
2027,99.83
2027,99.83
2027,99.83
2027,99.83
2027,99.85
2027,99.85
2027,99.85
2027,99.85
2027,99.85
2027,99.85
2027,99.85
2027,99.85
2027,99.85
2027,99.85
2029,99.83
2029,99.84
2029,99.84
2029,99.84
2029,99.84
2029,99.84
2029,99.84
2031,99.79
2031,99.79
2031,99.81
2031,99.81
2031,99.81
2031,99.81
2031,99.81
2031,99.82
2032,99.77
2032,99.77
2032,99.77
2032,99.77
2032,99.77
2032,99.79
2032,99.85
2032,99.85
2032,99.85
2032,99.85
2032,99.85
2032,99.85
2033,99.83
2033,99.83
2033,99.83
2033,99.83
2033,99.83
2034,99.82
2034,99.82
2034,99.82
2034,99.82
2034,99.82
2034,99.84
2034,99.85
2035,99.78
2035,99.78
2035,99.78
2035,99.78
2035,99.81
2035,99.85
2035,99.85
2035,99.85
2035,99.85
2035,99.85
2035,99.85
2035,99.85
2035,99.85
2035,99.85
2035,99.85
2035,99.85
2036,99.85
2036,99.85
2036,99.85
2036,99.85
2036,99.85
2036,99.85
2037,99.82
2037,99.82
2037,99.82
2037,99.82
2037,99.82
2037,99.83
2037,99.85
2038,99.83
2038,99.83
2038,99.83
2038,99.83
2038,99.83
2038,99.84
2038,99.85
2038,99.85
2038,99.85
2038,99.85
2038,99.85
2038,99.85
2038,99.85
2038,99.85
2038,99.85
2038,99.85
2038,99.85
2039,99.80
2039,99.80
2039,99.81
2039,99.81
2039,99.81
2039,99.81
2040,99.39
2040,99.39
2040,99.40
2040,99.40
2040,99.40
2040,99.42
2040,99.80
2040,99.80
2040,99.80
2040,99.80
2040,99.80
2040,99.82
2040,99.82
2040,99.82
2040,99.82
2040,99.82
2040,99.82
2040,99.84
2040,99.84
2040,99.84
2040,99.84
2040,99.84
2040,99.84
2040,99.84
2040,99.84
2040,99.84
2040,99.84
2040,99.84
2040,99.84
2040,99.84
2040,99.84
2040,99.84
2040,99.84
2040,99.84
2040,99.84
2041,99.83
2042,99.77
2042,99.77
2042,99.77
2042,99.77
2042,99.78
2042,99.79
2042,99.84
2043,99.84
2044,99.82
2044,99.84
2044,99.84
2044,99.84
2044,99.84
2044,99.84
2044,99.84
2045,99.77
2045,99.79
2045,99.79
2045,99.79
2045,99.79
2045,99.79
2045,99.80
2046,99.80
2046,99.84
2047,99.80
2047,99.80
2047,99.80
2047,99.80
2047,99.80
2047,99.80
2047,99.81
2047,99.82
2047,99.82
2047,99.82
2047,99.82
2047,99.83
2047,99.83
2049,99.82
2049,99.82
2049,99.82
2049,99.84
2049,99.84
2050,99.83
2050,99.83
2050,99.83
2050,99.83
2050,99.83
2050,99.83
2050,99.84
2050,99.84
2051,99.84
2052,99.84
2052,99.84
2052,99.84
2052,99.84
2052,99.84
2052,99.84
2052,99.84
2053,99.82
2053,99.82
2053,99.82
2054,99.77
2054,99.84
2054,99.84
2054,99.84
2054,99.84
2054,99.84
2054,99.84
2054,99.84
2054,99.84
2054,99.84
2054,99.84
2055,99.61
2055,99.78
2055,99.78
2055,99.78
2055,99.78
2055,99.79
2055,99.84
2055,99.84
2055,99.84
2055,99.84
2055,99.84
2055,99.84
2055,99.84
2055,99.84
2055,99.84
2055,99.84
2055,99.84
2055,99.84
2056,99.84
2056,99.84
2056,99.84
2056,99.84
2057,99.79
2057,99.79
2057,99.79
2057,99.79
2057,99.79
2057,99.83
2057,99.84
2057,99.84
2057,99.84
2057,99.84
2057,99.84
2057,99.84
2058,99.84
2058,99.84
2058,99.84
2058,99.84
2058,99.84
2059,99.78
2059,99.78
2059,99.78
2059,99.79
2059,99.79
2059,99.80
2059,99.82
2059,99.82
2059,99.82
2059,99.82
2059,99.82
2059,99.83
2059,99.83
2059,99.83
2059,99.83
2059,99.83
2059,99.83
2059,99.83
2060,99.77
2060,99.80
2060,99.80
2060,99.80
2060,99.80
2060,99.80
2060,99.80
2060,99.82
2060,99.82
2060,99.82
2060,99.83
2060,99.84
2061,99.84
2061,99.84
2061,99.84
2061,99.84
2061,99.84
2061,99.84
2061,99.84
2062,99.75
2062,99.80
2062,99.84
2062,99.84
2062,99.84
2062,99.84
2062,99.84
2062,99.84
2063,99.84
2063,99.84
2063,99.84
2063,99.84
2064,99.58
2064,99.58
2064,99.59
2064,99.59
2064,99.60
2065,99.84
2065,99.84
2065,99.84
2065,99.84
2065,99.84
2065,99.84
2065,99.84
2068,99.74
2068,99.74
2068,99.74
2068,99.74
2068,99.74
2068,99.74
2068,99.77
2068,99.77
2068,99.77
2068,99.77
2068,99.78
2068,99.78
2068,99.82
2068,99.82
2068,99.82
2068,99.82
2068,99.82
2069,99.57
2070,99.82
2070,99.82
2070,99.82
2070,99.82
2070,99.82
2070,99.82
2070,99.84
2070,99.84
2070,99.84
2070,99.84
2070,99.84
2071,99.84
2071,99.84
2071,99.84
2071,99.84
2071,99.84
2071,99.84
2072,99.75
2072,99.75
2072,99.79
2072,99.79
2072,99.79
2072,99.82
2073,99.84
2073,99.84
2073,99.84
2073,99.84
2073,99.84
2073,99.84
2073,99.84
2073,99.84
2073,99.84
2073,99.84
2073,99.84
2073,99.84
2074,99.84
2074,99.84
2074,99.84
2074,99.84
2074,99.84
2074,99.84
2074,99.84
2074,99.84
2074,99.84
2074,99.84
2074,99.84
2074,99.84
2074,99.84
2074,99.84
2074,99.84
2075,99.73
2075,99.73
2075,99.73
2075,99.73
2075,99.73
2075,99.74
2076,99.76
2076,99.81
2076,99.84
2077,99.81
2077,99.81
2077,99.81
2077,99.81
2077,99.81
2077,99.81
2077,99.84
2078,99.84
2079,99.82
2079,99.82
2079,99.82
2079,99.82
2079,99.82
2079,99.83
2079,99.84
2079,99.84
2079,99.84
2079,99.84
2079,99.84
2079,99.84
2079,99.84
2081,99.82
2081,99.83
2081,99.83
2081,99.83
2081,99.83
2081,99.83
2083,99.84
2083,99.84
2083,99.84
2083,99.84
2083,99.84
2083,99.84
2083,99.84
2084,99.76
2084,99.76
2084,99.76
2084,99.76
2084,99.82
2084,99.82
2084,99.82
2084,99.82
2084,99.82
2084,99.83
2084,99.83
2084,99.83
2084,99.83
2084,99.83
2084,99.83
2085,99.78
2085,99.78
2085,99.78
2085,99.78
2085,99.78
2085,99.80
2085,99.82
2085,99.82
2085,99.82
2085,99.82
2085,99.83
2086,99.78
2086,99.78
2086,99.78
2086,99.78
2086,99.78
2086,99.79
2087,99.79
2087,99.79
2087,99.79
2087,99.79
2087,99.79
2087,99.84
2087,99.84
2087,99.84
2087,99.84
2087,99.84
2089,99.71
2089,99.71
2089,99.71
2089,99.71
2089,99.71
2089,99.84
2090,99.82
2090,99.83
2090,99.83
2090,99.83
2090,99.83
2090,99.83
2090,99.83
2090,99.83
2090,99.83
2091,99.84
2091,99.84
2091,99.84
2091,99.84
2091,99.84
2091,99.84
2091,99.84
2091,99.84
2091,99.84
2091,99.84
2091,99.84
2092,99.82
2092,99.82
2092,99.82
2092,99.82
2092,99.82
2092,99.84
2092,99.84
2092,99.84
2092,99.84
2092,99.84
2092,99.84
2092,99.84
2092,99.84
2093,99.84
2093,99.84
2093,99.84
2093,99.84
2093,99.84
2093,99.84
2093,99.84
2093,99.84
2094,99.81
2094,99.84
2095,99.65
2095,99.65
2095,99.65
2095,99.65
2095,99.65
2095,99.70
2095,99.76
2095,99.76
2095,99.76
2095,99.76
2095,99.77
2095,99.83
2095,99.83
2095,99.84
2095,99.84
2095,99.84
2095,99.84
2095,99.84
2095,99.84
2095,99.84
2095,99.84
2095,99.84
2096,99.76
2096,99.76
2096,99.77
2096,99.77
2096,99.77
2096,99.77
2096,99.82
2096,99.82
2098,99.76
2098,99.76
2098,99.76
2098,99.76
2098,99.81
2098,99.81
2098,99.81
2098,99.81
2098,99.81
2098,99.83
2098,99.84
2098,99.84
2098,99.84
2098,99.84
2098,99.84
2098,99.84
2098,99.84
2098,99.84
2098,99.84
2098,99.84
2098,99.84
2098,99.84
2099,99.81
2099,99.81
2099,99.81
2099,99.81
2099,99.81
2099,99.82
2099,99.83
2099,99.83
2099,99.83
2099,99.83
2100,99.80
2100,99.81
2100,99.81
2100,99.81
2100,99.81
2100,99.81
2100,99.82
2100,99.82
2100,99.82
2100,99.82
2100,99.82
2100,99.83
2102,99.81
2102,99.81
2102,99.81
2102,99.81
2102,99.81
2102,99.83
2102,99.83
2102,99.83
2102,99.83
2102,99.83
2102,99.83
2103,99.82
2103,99.82
2103,99.82
2103,99.82
2103,99.82
2103,99.84
2103,99.84
2103,99.84
2103,99.84
2103,99.84
2103,99.84
2103,99.84
2103,99.84
2103,99.84
2103,99.84
2103,99.84
2104,99.84
2104,99.84
2104,99.84
2104,99.84
2104,99.84
2104,99.84
2104,99.84
2105,99.82
2106,99.79
2106,99.79
2106,99.79
2106,99.79
2106,99.79
2106,99.82
2106,99.84
2106,99.84
2106,99.84
2106,99.84
2106,99.84
2107,99.82
2107,99.83
2107,99.83
2107,99.83
2108,99.67
2108,99.67
2108,99.67
2108,99.67
2108,99.68
2108,99.68
2109,99.84
2109,99.84
2109,99.84
2109,99.84
2109,99.84
2109,99.84
2110,99.79
2110,99.79
2110,99.79
2110,99.80
2110,99.80
2110,99.81
2111,99.84
2111,99.84
2111,99.84
2111,99.84
2111,99.84
2111,99.84
2112,99.78
2112,99.83
2112,99.83
2112,99.84
2112,99.84
2112,99.84
2112,99.84
2112,99.84
2114,99.84
2114,99.84
2114,99.84
2114,99.84
2114,99.84
2114,99.84
2115,99.79
2115,99.79
2115,99.79
2115,99.79
2115,99.79
2115,99.80
2115,99.84
2115,99.84
2115,99.84
2115,99.84
2115,99.84
2115,99.84
2116,99.72
2116,99.72
2116,99.72
2116,99.72
2116,99.72
2116,99.74
2116,99.84
2116,99.84
2116,99.84
2116,99.84
2116,99.84
2116,99.84
2117,99.83
2117,99.83
2118,99.83
2118,99.83
2118,99.83
2118,99.83
2118,99.83
2118,99.84
2118,99.84
2118,99.84
2118,99.84
2118,99.84
2118,99.84
2118,99.84
2119,99.83
2119,99.83
2119,99.83
2119,99.83
2119,99.83
2120,99.81
2120,99.81
2120,99.81
2120,99.81
2120,99.81
2120,99.82
2120,99.84
2120,99.84
2120,99.84
2120,99.84
2120,99.84
2120,99.84
2120,99.84
2121,99.83
2121,99.83
2121,99.83
2121,99.83
2121,99.83
2121,99.83
2121,99.83
2122,99.71
2122,99.71
2122,99.71
2122,99.71
2122,99.71
2122,99.71
2122,99.81
2122,99.81
2122,99.81
2122,99.81
2122,99.81
2122,99.82
2123,99.80
2123,99.81
2125,99.78
2125,99.78
2125,99.78
2125,99.81
2125,99.81
2125,99.81
2125,99.81
2125,99.81
2125,99.84
2126,99.79
2126,99.79
2126,99.79
2126,99.79
2126,99.79
2128,99.83
2130,99.84
2130,99.84
2130,99.84
2130,99.84
2130,99.84
2130,99.84
2131,99.78
2131,99.78
2131,99.78
2131,99.78
2131,99.79
2131,99.84
2131,99.84
2131,99.84
2131,99.84
2131,99.84
2131,99.84
2132,99.83
2132,99.84
2132,99.84
2132,99.84
2132,99.84
2132,99.84
2132,99.84
2132,99.84
2132,99.84
2132,99.84
2132,99.84
2132,99.84
2134,99.80
2134,99.80
2134,99.80
2134,99.80
2134,99.80
2134,99.80
2134,99.84
2134,99.84
2134,99.84
2134,99.84
2134,99.84
2134,99.84
2135,99.84
2135,99.84
2135,99.84
2135,99.84
2135,99.84
2135,99.84
2135,99.84
2135,99.84
2135,99.84
2135,99.84
2135,99.84
2136,99.79
2136,99.79
2136,99.79
2136,99.79
2136,99.79
2136,99.83
2136,99.83
2136,99.83
2136,99.83
2136,99.83
2136,99.83
2136,99.84
2136,99.84
2136,99.84
2136,99.84
2136,99.84
2136,99.84
2137,99.80
2137,99.80
2137,99.80
2137,99.80
2137,99.80
2137,99.80
2137,99.80
2137,99.82
2137,99.82
2137,99.83
2137,99.83
2137,99.83
2137,99.83
2137,99.84
2137,99.84
2137,99.84
2137,99.84
2137,99.84
2138,99.84
2138,99.84
2138,99.84
2138,99.84
2138,99.84
2138,99.84
2140,99.77
2140,99.77
2140,99.77
2140,99.77
2140,99.77
2140,99.80
2140,99.81
2140,99.81
2140,99.82
2140,99.82
2140,99.82
2140,99.82
2140,99.82
2140,99.82
2141,99.82
2141,99.82
2141,99.82
2141,99.83
2141,99.83
2141,99.83
2141,99.83
2141,99.83
2141,99.84
2141,99.84
2141,99.84
2141,99.84
2141,99.84
2141,99.84
2143,99.74
2143,99.74
2143,99.75
2143,99.75
2143,99.75
2143,99.75
2143,99.80
2143,99.80
2143,99.80
2143,99.80
2143,99.80
2143,99.80
2143,99.84
2143,99.84
2143,99.84
2143,99.84
2143,99.84
2143,99.84
2144,99.80
2145,99.67
2145,99.67
2145,99.67
2145,99.67
2145,99.68
2145,99.78
2145,99.78
2145,99.78
2145,99.78
2145,99.78
2145,99.80
2145,99.84
2146,99.84
2148,99.79
2149,99.81
2149,99.81
2149,99.81
2149,99.81
2149,99.81
2149,99.83
2150,99.84
2150,99.84
2150,99.84
2150,99.84
2150,99.84
2151,99.77
2151,99.77
2151,99.77
2151,99.77
2151,99.77
2151,99.84
2151,99.84
2151,99.84
2151,99.84
2151,99.84
2151,99.84
2152,99.81
2152,99.81
2152,99.81
2152,99.81
2152,99.81
2152,99.81
2152,99.84
2152,99.84
2152,99.84
2152,99.84
2152,99.84
2152,99.84
2154,99.82
2154,99.82
2154,99.83
2154,99.83
2154,99.83
2154,99.83
2154,99.83
2154,99.84
2154,99.84
2154,99.84
2154,99.84
2154,99.84
2154,99.84
2154,99.84
2154,99.84
2154,99.84
2154,99.84
2154,99.84
2154,99.84
2154,99.84
2155,99.71
2155,99.71
2155,99.71
2155,99.71
2155,99.72
2155,99.72
2155,99.82
2155,99.82
2155,99.82
2155,99.82
2155,99.82
2155,99.83
2155,99.84
2155,99.84
2155,99.84
2155,99.84
2155,99.84
2155,99.84
2156,99.50
2156,99.50
2156,99.50
2156,99.50
2156,99.50
2156,99.51
2156,99.80
2156,99.80
2156,99.80
2156,99.80
2156,99.81
2156,99.81
2156,99.83
2156,99.83
2156,99.83
2156,99.83
2156,99.83
2157,99.81
2157,99.81
2157,99.81
2157,99.82
2157,99.82
2158,99.80
2158,99.80
2158,99.80
2158,99.80
2158,99.80
2158,99.80
2158,99.81
2158,99.81
2158,99.81
2158,99.81
2158,99.81
2159,99.83
2159,99.83
2159,99.83
2159,99.83
2159,99.83
2159,99.84
2159,99.84
2159,99.84
2159,99.84
2159,99.84
2160,99.81
2160,99.81
2160,99.81
2160,99.81
2160,99.81
2160,99.81
2162,99.81
2163,99.79
2163,99.81
2164,99.82
2164,99.83
2164,99.84
2164,99.84
2164,99.84
2164,99.84
2164,99.84
2164,99.84
2165,99.84
2165,99.84
2165,99.84
2165,99.84
2165,99.84
2165,99.84
2167,99.81
2168,99.81
2168,99.81
2168,99.81
2168,99.81
2168,99.81
2168,99.81
2169,99.81
2169,99.81
2169,99.81
2169,99.83
2169,99.84
2169,99.84
2169,99.84
2169,99.84
2169,99.84
2169,99.84
2169,99.84
2169,99.84
2169,99.84
2169,99.84
2169,99.84
2169,99.84
2169,99.84
2170,99.66
2170,99.66
2170,99.66
2170,99.66
2170,99.66
2170,99.68
2170,99.75
2170,99.83
2170,99.83
2170,99.84
2170,99.84
2170,99.84
2171,99.77
2171,99.77
2171,99.77
2171,99.77
2171,99.77
2171,99.77
2171,99.81
2171,99.81
2171,99.81
2173,99.72
2173,99.72
2173,99.72
2173,99.72
2173,99.72
2173,99.80
2173,99.83
2173,99.83
2173,99.83
2173,99.83
2173,99.83
2173,99.83
2174,99.83
2174,99.83
2174,99.83
2174,99.83
2174,99.83
2174,99.83
2174,99.83
2174,99.83
2174,99.83
2174,99.83
2174,99.83
2174,99.83
2175,99.79
2175,99.79
2175,99.79
2175,99.79
2175,99.79
2175,99.80
2175,99.82
2175,99.82
2175,99.82
2175,99.83
2175,99.83
2175,99.83
2175,99.83
2175,99.83
2175,99.83
2175,99.83
2175,99.83
2176,99.80
2176,99.83
2176,99.83
2176,99.83
2176,99.83
2176,99.83
2177,99.79
2177,99.79
2177,99.79
2177,99.79
2177,99.79
2177,99.82
2177,99.83
2177,99.83
2177,99.83
2177,99.83
2177,99.83
2177,99.83
2179,99.78
2179,99.78
2179,99.78
2179,99.78
2179,99.78
2179,99.78
2179,99.80
2181,99.83
2182,99.76
2182,99.79
2183,99.83
2183,99.83
2183,99.83
2183,99.83
2183,99.83
2183,99.83
2183,99.83
2183,99.83
2183,99.83
2183,99.83
2183,99.83
2184,99.80
2184,99.80
2184,99.80
2184,99.80
2184,99.80
2184,99.82
2184,99.83
2184,99.83
2184,99.83
2184,99.83
2184,99.83
2184,99.83
2186,99.83
2186,99.83
2186,99.83
2186,99.83
2186,99.83
2186,99.83
2186,99.83
2186,99.83
2186,99.83
2186,99.83
2186,99.83
2187,99.83
2187,99.83
2187,99.83
2187,99.83
2187,99.83
2188,99.78
2188,99.78
2188,99.78
2188,99.78
2188,99.78
2188,99.80
2188,99.81
2188,99.81
2188,99.81
2188,99.81
2188,99.81
2189,99.76
2189,99.76
2189,99.76
2189,99.76
2189,99.76
2189,99.77
2189,99.83
2189,99.83
2189,99.83
2189,99.83
2189,99.83
2189,99.83
2190,99.76
2190,99.76
2190,99.76
2190,99.76
2190,99.76
2190,99.76
2190,99.81
2190,99.81
2190,99.81
2190,99.83
2190,99.83
2190,99.83
2190,99.83
2190,99.83
2191,99.81
2191,99.81
2191,99.81
2191,99.81
2191,99.81
2191,99.81
2191,99.83
2191,99.83
2191,99.83
2191,99.83
2191,99.83
2191,99.83
2192,99.76
2192,99.83
2192,99.83
2192,99.83
2192,99.83
2192,99.83
2192,99.83
2194,99.79
2194,99.80
2194,99.83
2194,99.83
2194,99.83
2194,99.83
2194,99.83
2194,99.83
2195,99.79
2195,99.83
2196,99.79
2196,99.83
2196,99.83
2196,99.83
2196,99.83
2196,99.83
2196,99.83
2197,99.76
2197,99.76
2197,99.76
2197,99.76
2197,99.76
2197,99.83
2198,99.81
2198,99.81
2198,99.81
2198,99.81
2198,99.81
2198,99.83
2199,99.83
2199,99.83
2199,99.83
2199,99.83
2199,99.83
2199,99.83
2200,99.72
2200,99.72
2200,99.72
2200,99.72
2200,99.72
2200,99.73
2200,99.80
2200,99.80
2200,99.80
2200,99.80
2200,99.80
2200,99.80
2200,99.83
2200,99.83
2200,99.83
2200,99.83
2200,99.83
2200,99.83
2201,99.83
2201,99.83
2201,99.83
2201,99.83
2201,99.83
2201,99.83
2201,99.83
2201,99.83
2201,99.83
2201,99.83
2201,99.83
2201,99.83
2202,99.83
2203,99.78
2203,99.78
2203,99.78
2203,99.78
2203,99.78
2203,99.79
2203,99.80
2204,99.83
2204,99.83
2204,99.83
2204,99.83
2204,99.83
2205,99.78
2205,99.78
2205,99.78
2205,99.78
2205,99.78
2205,99.83
2205,99.83
2205,99.83
2205,99.83
2205,99.83
2205,99.83
2205,99.83
2205,99.83
2205,99.83
2205,99.83
2205,99.83
2206,99.81
2206,99.81
2206,99.81
2206,99.81
2206,99.81
2207,99.81
2207,99.81
2207,99.83
2208,99.83
2208,99.83
2208,99.83
2208,99.83
2208,99.83
2208,99.83
2208,99.83
2208,99.83
2208,99.83
2208,99.83
2208,99.83
2208,99.83
2208,99.83
2209,99.69
2209,99.69
2209,99.69
2209,99.69
2209,99.69
2209,99.73
2209,99.82
2209,99.82
2209,99.82
2209,99.82
2209,99.82
2209,99.82
2209,99.83
2209,99.83
2209,99.83
2209,99.83
2210,99.83
2212,99.74
2212,99.83
2212,99.83
2212,99.83
2212,99.83
2212,99.83
2212,99.83
2212,99.83
2213,99.66
2213,99.83
2213,99.83
2213,99.83
2213,99.83
2213,99.83
2213,99.83
2213,99.83
2214,99.79
2214,99.79
2214,99.79
2214,99.79
2214,99.79
2214,99.81
2214,99.83
2214,99.83
2214,99.83
2214,99.83
2214,99.83
2215,99.71
2215,99.71
2215,99.71
2215,99.71
2215,99.71
2215,99.82
2217,99.78
2217,99.83
2217,99.83
2217,99.83
2217,99.83
2217,99.83
2217,99.83
2218,99.76
2219,99.75
2219,99.75
2219,99.75
2219,99.75
2219,99.75
2219,99.76
2219,99.83
2220,99.82
2220,99.82
2220,99.82
2220,99.82
2220,99.82
2220,99.82
2221,99.80
2221,99.83
2221,99.83
2221,99.83
2221,99.83
2221,99.83
2221,99.83
2221,99.83
2221,99.83
2221,99.83
2222,99.69
2222,99.69
2222,99.69
2222,99.69
2222,99.69
2222,99.69
2222,99.79
2222,99.79
2222,99.80
2222,99.80
2222,99.80
2222,99.81
2222,99.83
2222,99.83
2222,99.83
2222,99.83
2222,99.83
2222,99.83
2224,99.47
2225,99.75
2225,99.75
2225,99.75
2225,99.75
2225,99.75
2225,99.75
2226,99.81
2227,99.81
2228,99.83
2228,99.83
2228,99.83
2228,99.83
2228,99.83
2228,99.83
2229,99.76
2229,99.81
2229,99.81
2229,99.81
2229,99.81
2229,99.81
2229,99.83
2230,99.74
2230,99.74
2230,99.74
2230,99.75
2230,99.75
2230,99.75
2230,99.76
2230,99.83
2231,99.83
2231,99.83
2231,99.83
2232,99.47
2232,99.47
2232,99.47
2232,99.47
2232,99.47
2232,99.47
2232,99.83
2232,99.83
2232,99.83
2232,99.83
2232,99.83
2232,99.83
2233,99.83
2233,99.83
2233,99.83
2233,99.83
2233,99.83
2233,99.83
2233,99.83
2233,99.83
2233,99.83
2233,99.83
2233,99.83
2233,99.83
2234,99.82
2234,99.83
2234,99.83
2234,99.83
2234,99.83
2234,99.83
2234,99.83
2235,99.83
2236,99.83
2236,99.83
2236,99.83
2236,99.83
2236,99.83
2236,99.83
2236,99.83
2236,99.83
2236,99.83
2236,99.83
2236,99.83
2236,99.83
2236,99.83
2237,99.81
2237,99.81
2237,99.81
2237,99.81
2237,99.83
2238,99.83
2238,99.83
2238,99.83
2238,99.83
2238,99.83
2238,99.83
2238,99.83
2238,99.83
2238,99.83
2238,99.83
2238,99.83
2238,99.83
2239,99.82
2239,99.83
2239,99.83
2239,99.83
2239,99.83
2240,99.81
2240,99.83
2240,99.83
2241,99.82
2241,99.82
2241,99.82
2241,99.82
2241,99.82
2241,99.82
2243,99.80
2243,99.80
2243,99.80
2243,99.80
2243,99.80
2243,99.82
2243,99.83
2243,99.83
2243,99.83
2243,99.83
2243,99.83
2243,99.83
2243,99.83
2244,99.79
2244,99.80
2244,99.80
2244,99.83
2244,99.83
2244,99.83
2244,99.83
2244,99.83
2244,99.83
2245,99.81
2245,99.81
2245,99.83
2246,99.81
2246,99.81
2246,99.81
2246,99.81
2246,99.81
2246,99.81
2246,99.82
2247,99.60
2247,99.60
2247,99.65
2247,99.65
2247,99.65
2247,99.65
2247,99.81
2247,99.81
2247,99.81
2247,99.81
2247,99.81
2247,99.81
2247,99.82
2247,99.82
2247,99.82
2247,99.82
2247,99.82
2247,99.82
2247,99.82
2247,99.83
2247,99.83
2247,99.83
2247,99.83
2247,99.83
2247,99.83
2248,99.74
2248,99.74
2248,99.75
2248,99.75
2248,99.76
2248,99.76
2248,99.76
2248,99.76
2248,99.76
2248,99.76
2248,99.77
2248,99.78
2248,99.78
2248,99.78
2248,99.78
2248,99.78
2248,99.80
2248,99.81
2248,99.82
2248,99.82
2248,99.82
2248,99.82
2248,99.82
2249,99.78
2249,99.78
2249,99.83
2249,99.83
2249,99.83
2249,99.83
2249,99.83
2249,99.83
2250,99.83
2250,99.83
2250,99.83
2250,99.83
2250,99.83
2250,99.83
2250,99.83
2250,99.83
2250,99.83
2250,99.83
2250,99.83
2250,99.83
2251,99.71
2251,99.71
2251,99.71
2251,99.71
2251,99.71
2251,99.82
2251,99.82
2251,99.82
2251,99.82
2251,99.82
2251,99.83
2251,99.83
2251,99.83
2251,99.83
2251,99.83
2251,99.83
2253,99.81
2253,99.81
2253,99.81
2253,99.81
2253,99.81
2253,99.83
2253,99.83
2253,99.83
2253,99.83
2253,99.83
2253,99.83
2253,99.83
2253,99.83
2253,99.83
2253,99.83
2254,99.78
2254,99.83
2254,99.83
2254,99.83
2254,99.83
2254,99.83
2254,99.83
2255,99.80
2255,99.80
2255,99.81
2255,99.82
2255,99.82
2255,99.82
2255,99.82
2255,99.82
2257,99.78
2257,99.78
2257,99.78
2257,99.78
2257,99.80
2258,99.74
2258,99.74
2258,99.74
2258,99.74
2258,99.74
2258,99.83
2258,99.83
2258,99.83
2258,99.83
2258,99.83
2258,99.83
2258,99.83
2259,99.83
2259,99.83
2259,99.83
2259,99.83
2259,99.83
2259,99.83
2259,99.83
2259,99.83
2262,99.83
2262,99.83
2262,99.83
2262,99.83
2262,99.83
2262,99.83
2262,99.83
2263,99.80
2263,99.80
2263,99.80
2263,99.80
2263,99.80
2263,99.82
2263,99.82
2263,99.82
2263,99.82
2263,99.82
2264,99.76
2265,99.79
2265,99.79
2265,99.79
2265,99.79
2265,99.79
2265,99.79
2265,99.82
2265,99.82
2265,99.82
2265,99.82
2265,99.82
2266,99.81
2266,99.81
2267,99.80
2267,99.80
2267,99.80
2267,99.80
2267,99.80
2267,99.80
2267,99.80
2267,99.80
2267,99.80
2267,99.80
2267,99.80
2267,99.83
2267,99.83
2267,99.83
2267,99.83
2267,99.83
2267,99.83
2269,99.58
2269,99.58
2269,99.67
2269,99.78
2269,99.78
2270,99.82
2270,99.83
2271,99.57
2271,99.57
2271,99.58
2271,99.58
2271,99.58
2271,99.63
2271,99.83
2272,99.58
2272,99.58
2272,99.58
2272,99.59
2272,99.59
2272,99.64
2272,99.77
2272,99.80
2272,99.80
2272,99.80
2272,99.80
2273,99.76
2273,99.81
2273,99.81
2273,99.81
2273,99.81
2273,99.81
2273,99.83
2273,99.83
2273,99.83
2273,99.83
2273,99.83
2274,99.79
2275,99.83
2275,99.83
2275,99.83
2275,99.83
2275,99.83
2275,99.83
2276,99.76
2276,99.76
2276,99.76
2276,99.76
2276,99.76
2276,99.76
2276,99.82
2276,99.82
2276,99.83
2276,99.83
2276,99.83
2276,99.83
2278,99.79
2278,99.79
2278,99.79
2278,99.83
2278,99.83
2278,99.83
2278,99.83
2278,99.83
2278,99.83
2280,99.83
2280,99.83
2280,99.83
2280,99.83
2280,99.83
2280,99.83
2280,99.83
2280,99.83
2280,99.83
2280,99.83
2282,99.71
2282,99.71
2282,99.71
2282,99.71
2282,99.71
2282,99.71
2283,99.73
2284,99.67
2284,99.73
2284,99.73
2284,99.73
2284,99.73
2284,99.75
2284,99.79
2285,99.66
2285,99.82
2285,99.82
2285,99.82
2285,99.82
2285,99.82
2285,99.83
2285,99.83
2285,99.83
2285,99.83
2285,99.83
2286,99.19
2286,99.19
2286,99.21
2286,99.21
2286,99.21
2286,99.21
2286,99.56
2286,99.56
2286,99.56
2286,99.57
2286,99.60
2286,99.64
2287,99.64
2287,99.64
2287,99.64
2287,99.64
2287,99.66
2287,99.71
2287,99.83
2288,99.82
2288,99.82
2288,99.83
2289,99.81
2289,99.81
2289,99.81
2289,99.81
2289,99.81
2289,99.82
2289,99.82
2289,99.82
2289,99.82
2289,99.82
2289,99.82
2289,99.82
2289,99.82
2289,99.82
2289,99.82
2289,99.83
2289,99.83
2290,99.80
2290,99.80
2290,99.80
2290,99.80
2290,99.80
2290,99.80
2290,99.82
2291,99.23
2291,99.23
2291,99.23
2291,99.23
2291,99.23
2291,99.47
2291,99.83
2291,99.83
2291,99.83
2291,99.83
2291,99.83
2291,99.83
2292,99.71
2292,99.71
2292,99.71
2292,99.71
2292,99.71
2292,99.75
2292,99.82
2292,99.82
2292,99.82
2292,99.82
2292,99.82
2292,99.83
2292,99.83
2292,99.83
2292,99.83
2292,99.83
2292,99.83
2293,99.73
2293,99.73
2293,99.73
2293,99.74
2293,99.74
2293,99.74
2293,99.76
2295,99.67
2295,99.67
2295,99.67
2295,99.67
2295,99.67
2295,99.67
2295,99.81
2295,99.83
2295,99.83
2295,99.83
2295,99.83
2295,99.83
2295,99.83
2295,99.83
2295,99.83
2295,99.83
2295,99.83
2296,99.82
2296,99.82
2297,99.43
2297,99.43
2297,99.43
2297,99.43
2297,99.45
2297,99.52
2297,99.69
2297,99.69
2297,99.69
2297,99.69
2297,99.69
2298,99.83
2298,99.83
2298,99.83
2298,99.83
2298,99.83
2298,99.83
2299,99.82
2299,99.82
2299,99.82
2299,99.82
2299,99.82
2299,99.83
2299,99.83
2299,99.83
2299,99.83
2299,99.83
2299,99.83
2300,99.77
2300,99.77
2300,99.78
2300,99.78
2300,99.78
2300,99.78
2300,99.82
2300,99.82
2300,99.82
2300,99.82
2301,99.77
2301,99.77
2301,99.77
2301,99.77
2301,99.77
2301,99.83
2301,99.83
2301,99.83
2301,99.83
2301,99.83
2302,99.77
2302,99.77
2302,99.79
2302,99.79
2302,99.79
2302,99.79
2302,99.79
2302,99.82
2302,99.82
2302,99.82
2302,99.82
2302,99.82
2302,99.82
2302,99.82
2302,99.82
2302,99.82
2302,99.82
2302,99.83
2303,99.65
2303,99.65
2303,99.65
2303,99.65
2303,99.65
2303,99.68
2303,99.79
2303,99.79
2303,99.79
2303,99.79
2303,99.79
2303,99.82
2304,98.82
2304,98.82
2304,98.82
2304,98.82
2304,98.82
2304,98.88
2304,99.79
2304,99.79
2304,99.79
2304,99.79
2304,99.79
2304,99.79
2305,99.44
2305,99.80
2307,99.65
2307,99.65
2307,99.65
2307,99.65
2307,99.65
2307,99.65
2307,99.82
2308,99.79
2308,99.82
2308,99.82
2308,99.82
2308,99.82
2308,99.82
2308,99.82
2310,99.82
2310,99.82
2310,99.82
2310,99.82
2311,99.80
2311,99.80
2311,99.80
2311,99.80
2311,99.80
2311,99.81
2311,99.81
2311,99.81
2311,99.81
2311,99.81
2311,99.81
2311,99.81
2311,99.82
2311,99.82
2311,99.82
2311,99.82
2311,99.82
2311,99.82
2311,99.82
2311,99.82
2311,99.82
2311,99.82
2312,99.73
2312,99.73
2312,99.73
2312,99.73
2312,99.73
2312,99.76
2312,99.81
2312,99.81
2312,99.82
2313,99.67
2313,99.67
2313,99.67
2313,99.67
2313,99.67
2313,99.69
2313,99.79
2313,99.79
2313,99.79
2313,99.79
2313,99.79
2313,99.81
2313,99.82
2314,99.82
2314,99.82
2314,99.82
2314,99.82
2314,99.82
2315,99.78
2315,99.78
2315,99.78
2315,99.78
2315,99.78
2315,99.81
2316,99.79
2316,99.79
2316,99.79
2316,99.79
2316,99.79
2316,99.82
2317,99.78
2317,99.78
2317,99.78
2317,99.78
2317,99.81
2317,99.82
2317,99.82
2317,99.82
2317,99.82
2317,99.82
2317,99.82
2317,99.82
2317,99.82
2317,99.82
2318,99.82
2318,99.82
2318,99.82
2318,99.82
2318,99.82
2318,99.82
2319,99.82
2319,99.82
2319,99.82
2319,99.82
2319,99.82
2319,99.82
2320,99.74
2321,99.81
2321,99.82
2321,99.82
2321,99.82
2321,99.82
2321,99.82
2322,99.82
2322,99.82
2322,99.82
2322,99.82
2322,99.82
2322,99.82
2324,99.80
2324,99.82
2324,99.82
2324,99.82
2324,99.82
2324,99.82
2324,99.82
2324,99.82
2324,99.82
2324,99.82
2324,99.82
2324,99.82
2324,99.82
2324,99.82
2324,99.82
2324,99.82
2324,99.82
2324,99.82
2324,99.82
2324,99.82
2324,99.82
2324,99.82
2324,99.82
2326,99.80
2326,99.80
2326,99.80
2326,99.82
2326,99.82
2326,99.82
2328,99.77
2328,99.77
2328,99.77
2328,99.77
2328,99.77
2328,99.78
2329,99.73
2329,99.73
2329,99.73
2329,99.73
2329,99.73
2329,99.79
2329,99.79
2329,99.81
2329,99.81
2329,99.81
2331,99.80
2331,99.80
2331,99.80
2331,99.80
2331,99.80
2331,99.81
2331,99.82
2331,99.82
2331,99.82
2331,99.82
2331,99.82
2332,99.47
2332,99.51
2332,99.57
2332,99.78
2332,99.78
2332,99.78
2332,99.78
2332,99.78
2332,99.80
2333,99.78
2333,99.78
2333,99.78
2333,99.78
2333,99.78
2333,99.82
2334,99.77
2334,99.77
2334,99.77
2334,99.77
2334,99.77
2334,99.79
2334,99.82
2335,99.50
2335,99.82
2335,99.82
2335,99.82
2335,99.82
2335,99.82
2335,99.82
2336,99.74
2336,99.74
2336,99.76
2336,99.76
2336,99.81
2336,99.81
2336,99.81
2336,99.81
2336,99.81
2336,99.81
2336,99.81
2336,99.81
2336,99.81
2336,99.82
2336,99.82
2337,99.70
2337,99.70
2337,99.70
2337,99.70
2337,99.70
2337,99.70
2337,99.82
2337,99.82
2337,99.82
2337,99.82
2337,99.82
2338,99.82
2339,99.79
2339,99.79
2339,99.81
2339,99.81
2339,99.81
2339,99.81
2339,99.82
2339,99.82
2339,99.82
2339,99.82
2341,99.81
2341,99.81
2342,99.74
2343,99.73
2343,99.73
2343,99.73
2343,99.73
2343,99.73
2343,99.73
2344,99.71
2344,99.71
2344,99.71
2344,99.71
2344,99.71
2344,99.71
2344,99.82
2344,99.82
2344,99.82
2344,99.82
2344,99.82
2344,99.82
2345,99.79
2345,99.82
2345,99.82
2345,99.82
2345,99.82
2345,99.82
2345,99.82
2345,99.82
2345,99.82
2345,99.82
2346,99.82
2346,99.82
2346,99.82
2346,99.82
2346,99.82
2347,99.59
2347,99.59
2347,99.59
2347,99.59
2347,99.64
2347,99.67
2348,99.82
2348,99.82
2348,99.82
2348,99.82
2348,99.82
2348,99.82
2350,99.75
2350,99.82
2350,99.82
2350,99.82
2350,99.82
2350,99.82
2352,99.80
2354,99.79
2354,99.82
2354,99.82
2354,99.82
2354,99.82
2354,99.82
2355,99.76
2355,99.76
2355,99.76
2355,99.76
2355,99.76
2355,99.76
2355,99.80
2355,99.80
2355,99.80
2355,99.80
2355,99.81
2355,99.81
2355,99.81
2355,99.81
2355,99.81
2356,99.72
2356,99.72
2356,99.72
2356,99.72
2356,99.72
2356,99.82
2357,99.61
2357,99.61
2357,99.61
2357,99.61
2357,99.61
2357,99.61
2357,99.81
2357,99.81
2357,99.81
2357,99.81
2357,99.81
2358,99.73
2358,99.73
2358,99.73
2358,99.73
2358,99.73
2358,99.74
2358,99.76
2358,99.76
2358,99.76
2358,99.76
2358,99.76
2358,99.76
2358,99.80
2358,99.80
2358,99.80
2358,99.80
2358,99.80
2358,99.82
2359,99.77
2359,99.77
2359,99.77
2359,99.77
2359,99.77
2359,99.77
2359,99.77
2359,99.77
2359,99.77
2359,99.77
2359,99.80
2359,99.81
2359,99.82
2359,99.82
2359,99.82
2359,99.82
2359,99.82
2359,99.82
2360,99.73
2360,99.73
2360,99.73
2360,99.73
2360,99.73
2360,99.82
2360,99.82
2360,99.82
2360,99.82
2360,99.82
2360,99.82
2361,99.81
2361,99.81
2361,99.81
2362,99.76
2362,99.76
2362,99.76
2362,99.76
2362,99.76
2362,99.77
2363,99.44
2363,99.44
2363,99.44
2363,99.44
2363,99.45
2363,99.81
2363,99.81
2363,99.81
2363,99.81
2363,99.81
2363,99.82
2363,99.82
2363,99.82
2363,99.82
2363,99.82
2363,99.82
2363,99.82
2364,99.82
2364,99.82
2364,99.82
2364,99.82
2365,99.79
2366,99.82
2366,99.82
2366,99.82
2366,99.82
2366,99.82
2366,99.82
2367,99.71
2367,99.71
2367,99.71
2367,99.71
2367,99.71
2367,99.71
2367,99.78
2367,99.78
2367,99.78
2367,99.78
2367,99.78
2367,99.78
2367,99.78
2367,99.78
2367,99.78
2367,99.78
2367,99.78
2368,99.82
2368,99.82
2368,99.82
2368,99.82
2368,99.82
2368,99.82
2368,99.82
2368,99.82
2368,99.82
2368,99.82
2368,99.82
2368,99.82
2369,99.77
2369,99.77
2369,99.77
2369,99.77
2369,99.77
2369,99.78
2369,99.80
2369,99.80
2369,99.80
2369,99.80
2369,99.80
2369,99.81
2370,99.81
2370,99.81
2370,99.81
2370,99.81
2370,99.82
2370,99.82
2370,99.82
2370,99.82
2370,99.82
2371,99.82
2371,99.82
2371,99.82
2371,99.82
2371,99.82
2371,99.82
2372,99.81
2372,99.81
2372,99.81
2372,99.81
2372,99.81
2372,99.82
2372,99.82
2372,99.82
2372,99.82
2372,99.82
2372,99.82
2373,99.77
2373,99.77
2373,99.77
2373,99.77
2373,99.77
2373,99.78
2373,99.81
2373,99.81
2373,99.82
2373,99.82
2373,99.82
2373,99.82
2373,99.82
2373,99.82
2374,99.82
2374,99.82
2374,99.82
2374,99.82
2374,99.82
2374,99.82
2374,99.82
2374,99.82
2374,99.82
2374,99.82
2374,99.82
2375,99.82
2375,99.82
2375,99.82
2375,99.82
2375,99.82
2376,99.76
2376,99.77
2376,99.77
2376,99.77
2376,99.77
2376,99.77
2376,99.77
2376,99.82
2376,99.82
2376,99.82
2376,99.82
2376,99.82
2378,99.82
2378,99.82
2378,99.82
2378,99.82
2378,99.82
2379,99.80
2379,99.80
2379,99.80
2379,99.80
2379,99.80
2379,99.80
2383,99.82
2383,99.82
2383,99.82
2383,99.82
2383,99.82
2383,99.82
2384,98.35
2384,98.55
2384,98.55
2384,98.55
2384,98.55
2384,99.20
2384,99.82
2384,99.82
2384,99.82
2384,99.82
2385,99.69
2385,99.80
2388,99.80
2388,99.80
2388,99.80
2388,99.80
2388,99.80
2388,99.80
2388,99.81
2388,99.81
2388,99.81
2388,99.81
2388,99.81
2388,99.81
2389,99.75
2389,99.75
2389,99.75
2389,99.75
2389,99.75
2389,99.75
2389,99.75
2389,99.76
2390,99.72
2390,99.72
2390,99.72
2390,99.72
2390,99.72
2390,99.72
2390,99.79
2390,99.79
2390,99.79
2390,99.79
2390,99.79
2390,99.79
2390,99.80
2390,99.82
2390,99.82
2390,99.82
2390,99.82
2390,99.82
2390,99.82
2390,99.82
2392,99.81
2392,99.81
2392,99.82
2392,99.82
2392,99.82
2392,99.82
2392,99.82
2392,99.82
2394,99.63
2394,99.63
2394,99.63
2394,99.63
2394,99.63
2394,99.64
2394,99.74
2394,99.74
2394,99.74
2394,99.77
2394,99.82
2394,99.82
2394,99.82
2394,99.82
2394,99.82
2394,99.82
2395,99.76
2396,99.81
2396,99.81
2396,99.81
2396,99.81
2396,99.81
2397,99.71
2397,99.71
2397,99.71
2397,99.71
2397,99.71
2397,99.74
2398,99.82
2398,99.82
2398,99.82
2398,99.82
2398,99.82
2398,99.82
2398,99.82
2399,99.67
2399,99.80
2399,99.80
2400,99.25
2400,99.25
2400,99.25
2400,99.25
2400,99.25
2400,99.54
2400,99.75
2400,99.75
2400,99.75
2400,99.82
2400,99.82
2400,99.82
2400,99.82
2400,99.82
2400,99.82
2400,99.82
2400,99.82
2400,99.82
2400,99.82
2400,99.82
2401,99.80
2402,99.77
2402,99.80
2402,99.81
2402,99.81
2402,99.81
2402,99.81
2402,99.81
2402,99.81
2402,99.81
2402,99.81
2402,99.81
2402,99.81
2402,99.81
2402,99.82
2402,99.82
2402,99.82
2402,99.82
2402,99.82
2402,99.82
2403,99.82
2403,99.82
2403,99.82
2403,99.82
2403,99.82
2403,99.82
2404,99.80
2404,99.80
2404,99.80
2404,99.80
2404,99.80
2404,99.80
2405,99.82
2405,99.82
2405,99.82
2405,99.82
2405,99.82
2405,99.82
2406,99.81
2406,99.81
2406,99.81
2406,99.81
2406,99.81
2407,99.82
2407,99.82
2407,99.82
2407,99.82
2407,99.82
2407,99.82
2408,99.72
2408,99.72
2408,99.72
2408,99.72
2408,99.72
2409,99.77
2409,99.77
2409,99.77
2409,99.77
2409,99.77
2409,99.81
2410,99.80
2411,99.81
2411,99.81
2411,99.81
2411,99.81
2411,99.81
2412,99.78
2412,99.78
2412,99.78
2412,99.78
2412,99.78
2412,99.79
2412,99.82
2412,99.82
2412,99.82
2412,99.82
2412,99.82
2412,99.82
2412,99.82
2412,99.82
2412,99.82
2412,99.82
2412,99.82
2412,99.82
2412,99.82
2413,99.78
2413,99.82
2414,99.77
2414,99.77
2414,99.77
2414,99.77
2414,99.77
2414,99.82
2414,99.82
2414,99.82
2414,99.82
2414,99.82
2414,99.82
2415,99.82
2415,99.82
2416,99.79
2416,99.79
2416,99.79
2416,99.79
2416,99.79
2416,99.80
2416,99.80
2416,99.80
2416,99.80
2416,99.80
2417,99.79
2417,99.79
2417,99.79
2417,99.79
2417,99.79
2417,99.79
2417,99.79
2417,99.79
2417,99.79
2420,99.74
2420,99.74
2420,99.74
2420,99.74
2420,99.74
2420,99.74
2421,99.65
2422,99.23
2422,99.23
2422,99.23
2422,99.23
2422,99.23
2422,99.29
2422,99.82
2422,99.82
2422,99.82
2422,99.82
2422,99.82
2422,99.82
2422,99.82
2422,99.82
2422,99.82
2422,99.82
2422,99.82
2422,99.82
2424,99.72
2424,99.72
2424,99.72
2424,99.72
2424,99.72
2425,99.78
2426,99.79
2427,99.81
2427,99.81
2427,99.81
2427,99.81
2427,99.81
2427,99.81
2427,99.82
2427,99.82
2427,99.82
2427,99.82
2427,99.82
2427,99.82
2429,99.77
2429,99.77
2429,99.77
2429,99.77
2429,99.77
2429,99.79
2429,99.82
2429,99.82
2429,99.82
2429,99.82
2429,99.82
2429,99.82
2430,99.81
2430,99.81
2430,99.81
2430,99.81
2430,99.81
2430,99.81
2431,99.36
2431,99.36
2431,99.36
2431,99.36
2431,99.36
2431,99.36
2432,99.80
2432,99.80
2432,99.80
2432,99.80
2432,99.80
2434,99.79
2434,99.81
2434,99.81
2434,99.81
2434,99.81
2434,99.81
2434,99.81
2435,99.72
2435,99.72
2435,99.72
2435,99.72
2435,99.72
2435,99.73
2436,99.27
2436,99.27
2436,99.27
2436,99.28
2436,99.30
2436,99.36
2436,99.81
2436,99.81
2436,99.81
2436,99.81
2436,99.81
2437,99.75
2437,99.80
2437,99.80
2437,99.80
2437,99.80
2437,99.80
2437,99.81
2437,99.81
2437,99.81
2437,99.81
2437,99.81
2437,99.81
2438,99.74
2438,99.74
2438,99.74
2438,99.74
2438,99.74
2438,99.75
2438,99.75
2438,99.75
2438,99.75
2438,99.75
2438,99.75
2438,99.76
2439,99.80
2440,99.81
2440,99.81
2440,99.81
2440,99.81
2440,99.81
2440,99.81
2440,99.81
2440,99.81
2440,99.81
2440,99.81
2440,99.81
2441,99.78
2441,99.79
2441,99.79
2441,99.79
2441,99.79
2441,99.79
2441,99.81
2442,99.79
2442,99.81
2442,99.81
2442,99.81
2442,99.81
2442,99.81
2442,99.81
2443,99.78
2443,99.81
2443,99.81
2443,99.81
2443,99.81
2443,99.81
2443,99.81
2444,99.71
2449,99.76
2449,99.76
2449,99.76
2449,99.76
2449,99.76
2449,99.76
2449,99.80
2449,99.80
2449,99.80
2449,99.80
2449,99.80
2449,99.81
2451,99.73
2451,99.74
2452,99.80
2452,99.80
2452,99.80
2452,99.80
2452,99.80
2453,99.78
2453,99.78
2453,99.78
2453,99.78
2453,99.78
2455,99.78
2455,99.78
2455,99.78
2455,99.78
2455,99.78
2455,99.81
2456,99.77
2456,99.77
2456,99.77
2456,99.77
2456,99.77
2456,99.81
2456,99.81
2456,99.81
2456,99.81
2456,99.81
2456,99.81
2456,99.81
2456,99.81
2456,99.81
2456,99.81
2456,99.81
2456,99.81
2456,99.81
2456,99.81
2456,99.81
2456,99.81
2456,99.81
2456,99.81
2457,99.81
2457,99.81
2457,99.81
2457,99.81
2457,99.81
2457,99.81
2457,99.81
2457,99.81
2457,99.81
2457,99.81
2457,99.81
2459,99.79
2459,99.79
2459,99.79
2459,99.79
2459,99.79
2459,99.79
2459,99.81
2459,99.81
2459,99.81
2459,99.81
2459,99.81
2459,99.81
2460,99.80
2461,99.80
2461,99.80
2461,99.80
2461,99.80
2461,99.80
2462,99.81
2462,99.81
2462,99.81
2462,99.81
2462,99.81
2462,99.81
2463,99.79
2463,99.81
2464,99.69
2464,99.69
2464,99.70
2464,99.70
2464,99.70
2464,99.70
2464,99.81
2464,99.81
2464,99.81
2464,99.81
2464,99.81
2465,99.74
2465,99.81
2465,99.81
2465,99.81
2465,99.81
2465,99.81
2465,99.81
2466,99.79
2466,99.79
2466,99.79
2466,99.79
2466,99.79
2466,99.81
2467,99.79
2467,99.79
2468,99.62
2468,99.72
2468,99.72
2468,99.72
2468,99.72
2468,99.72
2468,99.74
2468,99.78
2468,99.78
2468,99.78
2468,99.78
2469,99.80
2469,99.80
2469,99.80
2469,99.80
2469,99.80
2469,99.80
2469,99.81
2471,99.81
2473,99.79
2473,99.79
2473,99.79
2473,99.79
2473,99.79
2473,99.79
2473,99.81
2473,99.81
2473,99.81
2473,99.81
2473,99.81
2473,99.81
2473,99.81
2474,99.77
2474,99.77
2474,99.77
2474,99.77
2474,99.77
2474,99.77
2474,99.78
2475,99.81
2475,99.81
2476,99.75
2476,99.78
2476,99.78
2476,99.78
2476,99.78
2476,99.78
2476,99.81
2476,99.81
2476,99.81
2476,99.81
2476,99.81
2476,99.81
2477,99.28
2479,99.78
2479,99.78
2479,99.78
2479,99.78
2479,99.78
2479,99.79
2480,99.81
2480,99.81
2480,99.81
2480,99.81
2480,99.81
2480,99.81
2481,99.71
2481,99.71
2481,99.71
2481,99.71
2481,99.71
2481,99.74
2481,99.79
2481,99.81
2481,99.81
2481,99.81
2481,99.81
2481,99.81
2481,99.81
2481,99.81
2482,99.81
2482,99.81
2482,99.81
2482,99.81
2482,99.81
2483,99.68
2483,99.68
2483,99.68
2483,99.68
2483,99.68
2483,99.68
2483,99.73
2483,99.81
2483,99.81
2484,99.79
2484,99.79
2484,99.79
2484,99.79
2484,99.79
2485,99.81
2485,99.81
2485,99.81
2485,99.81
2485,99.81
2485,99.81
2485,99.81
2487,99.80
2487,99.80
2487,99.81
2487,99.81
2487,99.81
2487,99.81
2487,99.81
2487,99.81
2488,99.81
2488,99.81
2488,99.81
2488,99.81
2488,99.81
2488,99.81
2488,99.81
2488,99.81
2488,99.81
2488,99.81
2488,99.81
2488,99.81
2489,99.80
2489,99.80
2489,99.80
2489,99.80
2489,99.80
2490,99.76
2490,99.76
2490,99.76
2490,99.76
2490,99.76
2490,99.78
2490,99.78
2490,99.78
2490,99.78
2490,99.78
2490,99.78
2490,99.80
2490,99.80
2490,99.80
2490,99.80
2490,99.80
2490,99.80
2490,99.81
2491,99.71
2491,99.71
2491,99.71
2491,99.72
2491,99.81
2491,99.81
2491,99.81
2491,99.81
2491,99.81
2491,99.81
2492,99.74
2492,99.74
2492,99.74
2492,99.74
2492,99.74
2492,99.74
2492,99.81
2492,99.81
2492,99.81
2492,99.81
2492,99.81
2492,99.81
2492,99.81
2493,99.76
2493,99.76
2493,99.76
2493,99.76
2493,99.76
2493,99.77
2493,99.81
2493,99.81
2493,99.81
2493,99.81
2493,99.81
2493,99.81
2495,99.79
2495,99.79
2495,99.79
2495,99.79
2495,99.79
2495,99.79
2496,99.78
2496,99.78
2496,99.78
2496,99.78
2496,99.78
2496,99.81
2497,99.76
2497,99.76
2497,99.76
2497,99.76
2497,99.77
2498,99.62
2498,99.62
2498,99.62
2498,99.62
2498,99.62
2498,99.69
2498,99.81
2498,99.81
2498,99.81
2498,99.81
2498,99.81
2498,99.81
2498,99.81
2498,99.81
2498,99.81
2498,99.81
2498,99.81
2499,99.74
2499,99.74
2499,99.74
2499,99.74
2499,99.74
2499,99.74
2499,99.81
2499,99.81
2499,99.81
2499,99.81
2499,99.81
2499,99.81
2500,99.51
2500,99.51
2500,99.51
2500,99.51
2500,99.51
2500,99.52
2500,99.58
2500,99.58
2500,99.58
2500,99.58
2500,99.58
2500,99.60
2500,99.76
2501,99.71
2501,99.81
2501,99.81
2501,99.81
2501,99.81
2501,99.81
2501,99.81
2501,99.81
2501,99.81
2501,99.81
2501,99.81
2501,99.81
2502,99.81
2503,99.73
2503,99.73
2503,99.73
2504,99.76
2504,99.76
2504,99.76
2504,99.76
2504,99.76
2504,99.77
2504,99.77
2504,99.77
2504,99.77
2504,99.77
2504,99.77
2504,99.78
2505,99.81
2506,99.59
2506,99.59
2506,99.61
2506,99.61
2506,99.61
2506,99.61
2506,99.81
2506,99.81
2506,99.81
2506,99.81
2506,99.81
2507,99.81
2507,99.81
2507,99.81
2507,99.81
2507,99.81
2507,99.81
2507,99.81
2507,99.81
2507,99.81
2507,99.81
2507,99.81
2507,99.81
2508,99.79
2508,99.79
2508,99.79
2508,99.79
2508,99.79
2508,99.80
2508,99.81
2508,99.81
2508,99.81
2508,99.81
2508,99.81
2508,99.81
2510,99.78
2510,99.80
2510,99.80
2510,99.80
2510,99.80
2510,99.80
2510,99.80
2511,99.78
2511,99.81
2511,99.81
2511,99.81
2511,99.81
2511,99.81
2511,99.81
2512,99.80
2513,99.64
2513,99.64
2513,99.65
2513,99.65
2513,99.65
2513,99.69
2513,99.77
2513,99.77
2513,99.77
2513,99.77
2513,99.77
2513,99.78
2513,99.80
2513,99.80
2513,99.80
2513,99.80
2513,99.80
2513,99.80
2514,99.72
2514,99.72
2514,99.72
2514,99.72
2514,99.72
2514,99.72
2514,99.74
2514,99.79
2514,99.79
2514,99.79
2514,99.79
2514,99.79
2514,99.80
2515,99.18
2515,99.18
2515,99.18
2515,99.18
2515,99.18
2515,99.37
2515,99.75
2515,99.75
2515,99.75
2515,99.75
2515,99.75
2515,99.77
2516,99.77
2516,99.77
2516,99.77
2516,99.77
2516,99.77
2516,99.77
2517,99.81
2517,99.81
2517,99.81
2517,99.81
2517,99.81
2518,99.78
2518,99.78
2518,99.78
2518,99.81
2518,99.81
2518,99.81
2518,99.81
2518,99.81
2518,99.81
2518,99.81
2519,99.81
2519,99.81
2519,99.81
2520,99.77
2522,99.81
2522,99.81
2522,99.81
2522,99.81
2522,99.81
2522,99.81
2522,99.81
2522,99.81
2522,99.81
2522,99.81
2522,99.81
2522,99.81
2523,99.68
2523,99.68
2523,99.68
2523,99.68
2523,99.68
2523,99.69
2524,99.50
2524,99.50
2524,99.50
2524,99.50
2524,99.50
2524,99.55
2524,99.69
2524,99.69
2524,99.69
2524,99.69
2524,99.69
2524,99.81
2525,99.81
2526,99.76
2526,99.81
2526,99.81
2526,99.81
2526,99.81
2526,99.81
2526,99.81
2527,99.76
2527,99.76
2527,99.76
2527,99.76
2527,99.76
2527,99.76
2528,99.69
2528,99.69
2528,99.69
2528,99.69
2528,99.69
2528,99.70
2529,99.71
2529,99.71
2529,99.71
2529,99.76
2529,99.78
2530,99.81
2530,99.81
2531,99.81
2531,99.81
2531,99.81
2531,99.81
2531,99.81
2531,99.81
2531,99.81
2531,99.81
2531,99.81
2531,99.81
2533,99.75
2533,99.79
2533,99.79
2533,99.79
2533,99.79
2533,99.79
2533,99.79
2533,99.80
2533,99.80
2533,99.81
2534,99.79
2534,99.79
2534,99.79
2534,99.79
2534,99.79
2534,99.79
2534,99.81
2534,99.81
2534,99.81
2534,99.81
2534,99.81
2534,99.81
2535,99.79
2535,99.79
2535,99.79
2535,99.79
2535,99.79
2535,99.79
2535,99.81
2535,99.81
2535,99.81
2535,99.81
2535,99.81
2536,99.81
2536,99.81
2536,99.81
2536,99.81
2536,99.81
2536,99.81
2537,99.81
2537,99.81
2537,99.81
2537,99.81
2537,99.81
2537,99.81
2538,99.75
2538,99.75
2538,99.75
2538,99.75
2538,99.81
2538,99.81
2538,99.81
2538,99.81
2538,99.81
2539,99.77
2539,99.77
2539,99.77
2539,99.77
2539,99.77
2539,99.78
2540,99.81
2540,99.81
2540,99.81
2540,99.81
2540,99.81
2541,99.81
2542,99.75
2544,99.71
2544,99.71
2544,99.71
2544,99.71
2544,99.71
2544,99.72
2544,99.79
2544,99.79
2544,99.79
2544,99.79
2544,99.79
2544,99.79
2545,99.68
2545,99.68
2545,99.68
2545,99.68
2545,99.68
2545,99.70
2545,99.75
2545,99.75
2545,99.75
2545,99.75
2545,99.75
2546,99.79
2546,99.79
2546,99.79
2546,99.79
2546,99.79
2546,99.80
2546,99.80
2547,99.79
2548,99.74
2548,99.81
2549,99.69
2549,99.69
2549,99.69
2549,99.69
2549,99.69
2549,99.73
2549,99.78
2549,99.78
2549,99.78
2549,99.79
2549,99.79
2549,99.79
2549,99.79
2549,99.79
2549,99.80
2549,99.81
2549,99.81
2549,99.81
2549,99.81
2549,99.81
2549,99.81
2550,99.59
2550,99.59
2550,99.59
2550,99.59
2550,99.59
2550,99.60
2550,99.80
2550,99.80
2550,99.80
2550,99.80
2550,99.80
2550,99.81
2550,99.81
2550,99.81
2550,99.81
2550,99.81
2550,99.81
2550,99.81
2550,99.81
2550,99.81
2550,99.81
2550,99.81
2552,99.81
2553,99.78
2553,99.78
2553,99.78
2553,99.78
2553,99.79
2553,99.81
2553,99.81
2553,99.81
2553,99.81
2553,99.81
2553,99.81
2553,99.81
2553,99.81
2554,99.79
2554,99.79
2554,99.79
2554,99.79
2554,99.79
2554,99.79
2555,99.74
2555,99.74
2555,99.74
2555,99.74
2555,99.74
2555,99.74
2555,99.74
2555,99.74
2555,99.74
2555,99.74
2555,99.74
2555,99.81
2555,99.81
2555,99.81
2555,99.81
2557,99.78
2557,99.78
2557,99.78
2557,99.78
2557,99.78
2557,99.78
2559,99.79
2559,99.79
2559,99.79
2559,99.79
2559,99.79
2560,99.79
2560,99.79
2560,99.80
2560,99.80
2560,99.81
2560,99.81
2560,99.81
2560,99.81
2560,99.81
2560,99.81
2561,99.81
2561,99.81
2561,99.81
2561,99.81
2561,99.81
2561,99.81
2562,99.70
2562,99.79
2562,99.81
2563,99.79
2563,99.79
2563,99.79
2563,99.79
2563,99.79
2563,99.81
2563,99.81
2563,99.81
2563,99.81
2563,99.81
2563,99.81
2564,99.75
2564,99.75
2564,99.78
2564,99.78
2564,99.78
2564,99.78
2564,99.78
2564,99.80
2564,99.81
2564,99.81
2564,99.81
2564,99.81
2564,99.81
2565,99.81
2567,99.72
2567,99.72
2567,99.72
2567,99.72
2567,99.72
2567,99.76
2567,99.80
2567,99.80
2567,99.80
2567,99.80
2567,99.80
2568,99.59
2568,99.59
2568,99.60
2568,99.60
2568,99.60
2568,99.78
2569,99.78
2569,99.80
2569,99.80
2569,99.80
2570,99.30
2570,99.30
2570,99.30
2570,99.30
2570,99.30
2570,99.34
2570,99.80
2571,99.72
2572,99.75
2572,99.75
2572,99.75
2572,99.75
2572,99.75
2572,99.76
2572,99.80
2572,99.80
2572,99.80
2572,99.80
2572,99.80
2572,99.80
2573,99.78
2573,99.78
2573,99.78
2573,99.78
2573,99.78
2573,99.80
2573,99.80
2573,99.80
2573,99.80
2573,99.80
2573,99.80
2573,99.80
2573,99.80
2573,99.80
2573,99.80
2573,99.80
2573,99.80
2574,99.76
2574,99.76
2574,99.76
2574,99.76
2574,99.76
2575,99.80
2575,99.80
2575,99.80
2575,99.80
2575,99.80
2575,99.80
2577,99.80
2577,99.80
2577,99.80
2577,99.80
2577,99.80
2578,99.66
2578,99.78
2580,99.80
2580,99.80
2580,99.80
2580,99.80
2580,99.80
2580,99.80
2581,99.71
2581,99.71
2581,99.71
2581,99.71
2581,99.71
2581,99.74
2581,99.74
2581,99.74
2581,99.74
2581,99.74
2581,99.74
2582,99.75
2582,99.75
2582,99.75
2582,99.75
2582,99.75
2582,99.76
2582,99.80
2582,99.80
2582,99.80
2582,99.80
2582,99.80
2582,99.80
2582,99.80
2582,99.80
2582,99.80
2582,99.80
2582,99.80
2582,99.80
2583,99.75
2583,99.75
2583,99.80
2583,99.80
2583,99.80
2583,99.80
2583,99.80
2583,99.80
2583,99.80
2583,99.80
2584,99.69
2584,99.69
2584,99.69
2584,99.69
2584,99.69
2584,99.69
2584,99.70
2585,99.77
2587,99.71
2587,99.78
2587,99.78
2587,99.78
2587,99.78
2587,99.78
2587,99.78
2588,99.69
2588,99.69
2588,99.69
2588,99.69
2588,99.70
2588,99.74
2589,99.78
2589,99.80
2589,99.80
2589,99.80
2589,99.80
2589,99.80
2589,99.80
2592,99.78
2592,99.78
2592,99.78
2592,99.78
2592,99.78
2593,99.56
2593,99.56
2593,99.58
2593,99.58
2593,99.58
2593,99.67
2594,99.78
2594,99.78
2596,99.79
2596,99.80
2596,99.80
2596,99.80
2596,99.80
2600,99.71
2600,99.71
2600,99.71
2600,99.71
2600,99.71
2600,99.72
2600,99.73
2600,99.79
2601,99.71
2601,99.71
2601,99.71
2601,99.71
2601,99.71
2601,99.80
2601,99.80
2601,99.80
2601,99.80
2601,99.80
2601,99.80
2601,99.80
2601,99.80
2601,99.80
2601,99.80
2601,99.80
2601,99.80
2602,99.76
2602,99.76
2602,99.76
2602,99.76
2602,99.76
2602,99.77
2602,99.79
2602,99.79
2602,99.79
2602,99.79
2602,99.79
2603,99.78
2603,99.78
2603,99.78
2603,99.78
2603,99.78
2604,99.80
2604,99.80
2604,99.80
2604,99.80
2604,99.80
2604,99.80
2605,99.10
2605,99.10
2605,99.10
2605,99.17
2605,99.26
2605,99.39
2606,99.80
2607,99.72
2607,99.72
2607,99.72
2607,99.72
2607,99.76
2610,99.78
2610,99.78
2610,99.79
2610,99.80
2610,99.80
2610,99.80
2610,99.80
2610,99.80
2611,99.76
2611,99.76
2611,99.76
2611,99.76
2611,99.76
2611,99.79
2611,99.79
2611,99.79
2611,99.79
2611,99.79
2611,99.79
2612,99.74
2612,99.78
2612,99.78
2612,99.78
2612,99.78
2612,99.80
2612,99.80
2612,99.80
2612,99.80
2612,99.80
2612,99.80
2612,99.80
2612,99.80
2612,99.80
2612,99.80
2612,99.80
2612,99.80
2613,99.80
2613,99.80
2613,99.80
2613,99.80
2613,99.80
2613,99.80
2613,99.80
2613,99.80
2613,99.80
2613,99.80
2613,99.80
2613,99.80
2615,99.72
2615,99.72
2615,99.72
2615,99.72
2615,99.72
2615,99.72
2616,99.75
2616,99.75
2616,99.75
2616,99.75
2616,99.75
2616,99.75
2616,99.80
2616,99.80
2616,99.80
2616,99.80
2616,99.80
2616,99.80
2616,99.80
2616,99.80
2616,99.80
2616,99.80
2616,99.80
2616,99.80
2616,99.80
2617,99.76
2617,99.76
2617,99.76
2617,99.76
2617,99.76
2617,99.76
2618,99.78
2618,99.79
2618,99.79
2618,99.79
2618,99.79
2618,99.79
2618,99.79
2619,99.77
2619,99.77
2619,99.77
2619,99.77
2619,99.77
2619,99.80
2619,99.80
2619,99.80
2619,99.80
2619,99.80
2619,99.80
2621,99.68
2621,99.68
2621,99.68
2621,99.68
2621,99.68
2621,99.79
2621,99.79
2621,99.79
2621,99.80
2621,99.80
2621,99.80
2621,99.80
2621,99.80
2621,99.80
2621,99.80
2622,99.69
2622,99.74
2622,99.79
2622,99.79
2622,99.79
2622,99.80
2622,99.80
2622,99.80
2622,99.80
2622,99.80
2622,99.80
2622,99.80
2622,99.80
2623,99.79
2624,99.78
2624,99.78
2624,99.78
2624,99.78
2624,99.78
2625,99.76
2625,99.76
2625,99.76
2625,99.76
2625,99.76
2625,99.76
2625,99.80
2625,99.80
2625,99.80
2625,99.80
2625,99.80
2625,99.80
2626,99.72
2626,99.72
2626,99.72
2626,99.72
2626,99.72
2626,99.75
2626,99.80
2629,99.66
2629,99.66
2629,99.66
2629,99.66
2629,99.66
2629,99.69
2629,99.77
2629,99.77
2629,99.77
2629,99.77
2629,99.77
2630,99.74
2630,99.74
2630,99.74
2630,99.74
2630,99.74
2630,99.75
2630,99.76
2630,99.76
2630,99.76
2630,99.76
2630,99.76
2630,99.80
2632,99.79
2632,99.79
2632,99.79
2632,99.79
2632,99.79
2633,99.80
2634,99.80
2634,99.80
2634,99.80
2634,99.80
2634,99.80
2634,99.80
2635,99.80
2637,99.80
2638,99.78
2638,99.78
2638,99.78
2638,99.78
2638,99.78
2638,99.78
2638,99.79
2638,99.79
2638,99.79
2638,99.79
2638,99.79
2638,99.79
2639,99.79
2639,99.79
2639,99.79
2639,99.79
2639,99.79
2641,99.79
2642,99.46
2642,99.46
2642,99.46
2642,99.47
2642,99.50
2642,99.59
2642,99.77
2642,99.78
2642,99.78
2643,99.78
2643,99.78
2643,99.78
2643,99.78
2643,99.78
2644,99.77
2644,99.77
2644,99.77
2644,99.77
2644,99.77
2644,99.78
2644,99.80
2644,99.80
2644,99.80
2644,99.80
2644,99.80
2644,99.80
2645,99.80
2646,99.64
2646,99.64
2646,99.64
2646,99.64
2646,99.64
2646,99.64
2646,99.69
2647,99.66
2647,99.66
2647,99.66
2647,99.66
2647,99.66
2647,99.71
2647,99.76
2647,99.76
2647,99.76
2647,99.76
2647,99.76
2648,99.73
2648,99.73
2648,99.73
2648,99.73
2648,99.73
2648,99.74
2652,99.77
2652,99.77
2652,99.78
2652,99.78
2652,99.78
2652,99.80
2652,99.80
2652,99.80
2652,99.80
2652,99.80
2652,99.80
2652,99.80
2652,99.80
2652,99.80
2652,99.80
2652,99.80
2652,99.80
2653,99.80
2653,99.80
2653,99.80
2653,99.80
2653,99.80
2653,99.80
2656,99.74
2656,99.80
2656,99.80
2656,99.80
2656,99.80
2656,99.80
2656,99.80
2658,99.79
2660,99.80
2660,99.80
2660,99.80
2660,99.80
2660,99.80
2661,99.69
2661,99.76
2662,99.76
2662,99.76
2662,99.76
2662,99.76
2662,99.76
2662,99.78
2662,99.78
2662,99.78
2662,99.78
2662,99.78
2662,99.79
2663,99.64
2663,99.64
2663,99.64
2663,99.64
2663,99.64
2663,99.66
2663,99.76
2663,99.76
2663,99.76
2663,99.76
2663,99.76
2663,99.77
2663,99.79
2663,99.80
2664,99.76
2664,99.76
2664,99.76
2664,99.76
2664,99.76
2664,99.77
2664,99.77
2664,99.77
2664,99.79
2664,99.79
2664,99.79
2666,99.69
2666,99.69
2666,99.69
2666,99.69
2666,99.69
2666,99.69
2666,99.79
2667,99.77
2667,99.77
2667,99.77
2667,99.77
2667,99.77
2668,99.73
2668,99.73
2668,99.73
2668,99.73
2668,99.73
2668,99.73
2668,99.78
2668,99.78
2668,99.78
2668,99.78
2668,99.78
2668,99.78
2669,99.77
2669,99.77
2669,99.77
2669,99.77
2669,99.77
2669,99.77
2670,99.72
2670,99.77
2670,99.77
2670,99.77
2670,99.77
2670,99.77
2670,99.78
2671,99.80
2671,99.80
2671,99.80
2671,99.80
2671,99.80
2671,99.80
2672,99.72
2674,99.76
2674,99.76
2674,99.76
2674,99.76
2674,99.76
2674,99.77
2675,99.77
2675,99.77
2675,99.77
2675,99.77
2675,99.77
2677,99.70
2677,99.70
2677,99.70
2677,99.70
2677,99.70
2677,99.70
2677,99.80
2678,99.77
2678,99.77
2678,99.77
2679,99.79
2679,99.79
2680,99.71
2680,99.71
2680,99.76
2680,99.76
2680,99.76
2680,99.76
2680,99.76
2680,99.77
2680,99.80
2680,99.80
2680,99.80
2680,99.80
2680,99.80
2680,99.80
2681,99.79
2682,99.72
2682,99.72
2682,99.72
2682,99.72
2682,99.73
2682,99.80
2683,99.77
2683,99.80
2683,99.80
2683,99.80
2683,99.80
2683,99.80
2683,99.80
2684,99.72
2684,99.80
2684,99.80
2684,99.80
2684,99.80
2684,99.80
2684,99.80
2684,99.80
2684,99.80
2684,99.80
2684,99.80
2684,99.80
2685,99.79
2685,99.79
2685,99.79
2685,99.79
2685,99.79
2685,99.80
2685,99.80
2685,99.80
2685,99.80
2685,99.80
2685,99.80
2686,99.79
2686,99.79
2686,99.79
2686,99.79
2686,99.79
2686,99.80
2686,99.80
2686,99.80
2686,99.80
2686,99.80
2686,99.80
2688,99.80
2688,99.80
2688,99.80
2688,99.80
2688,99.80
2688,99.80
2689,99.74
2689,99.74
2689,99.74
2689,99.74
2689,99.74
2689,99.76
2690,99.80
2690,99.80
2690,99.80
2690,99.80
2690,99.80
2690,99.80
2691,99.72
2691,99.72
2692,99.55
2692,99.55
2692,99.55
2692,99.56
2692,99.80
2692,99.80
2692,99.80
2692,99.80
2692,99.80
2692,99.80
2693,99.80
2694,99.78
2695,99.70
2695,99.70
2695,99.70
2695,99.70
2695,99.70
2695,99.70
2695,99.76
2695,99.76
2695,99.76
2695,99.76
2695,99.79
2695,99.80
2695,99.80
2695,99.80
2695,99.80
2695,99.80
2695,99.80
2697,99.69
2697,99.69
2698,99.69
2698,99.69
2698,99.69
2698,99.69
2698,99.69
2698,99.69
2698,99.74
2698,99.74
2698,99.74
2700,99.79
2700,99.79
2700,99.79
2700,99.79
2700,99.79
2700,99.79
2701,99.70
2701,99.70
2701,99.70
2701,99.70
2701,99.70
2701,99.73
2701,99.79
2701,99.79
2701,99.79
2701,99.79
2701,99.79
2701,99.79
2701,99.79
2701,99.79
2701,99.79
2704,99.79
2704,99.79
2704,99.79
2704,99.79
2704,99.79
2704,99.79
2705,99.71
2705,99.71
2705,99.78
2705,99.78
2705,99.78
2705,99.78
2705,99.78
2705,99.78
2705,99.79
2705,99.79
2705,99.79
2705,99.79
2705,99.79
2705,99.79
2707,99.78
2707,99.78
2707,99.78
2707,99.79
2707,99.79
2707,99.79
2707,99.79
2707,99.79
2707,99.79
2708,99.79
2708,99.79
2708,99.79
2708,99.79
2708,99.79
2708,99.79
2708,99.79
2708,99.79
2708,99.79
2708,99.79
2708,99.79
2709,99.76
2709,99.76
2709,99.76
2709,99.76
2709,99.76
2709,99.76
2709,99.76
2709,99.76
2709,99.76
2709,99.76
2709,99.77
2709,99.77
2709,99.79
2709,99.79
2709,99.79
2709,99.79
2709,99.79
2710,99.77
2710,99.77
2710,99.77
2710,99.78
2710,99.78
2711,99.78
2711,99.78
2711,99.79
2711,99.79
2711,99.79
2711,99.79
2711,99.79
2711,99.79
2712,99.78
2712,99.79
2712,99.79
2712,99.79
2712,99.79
2712,99.79
2712,99.79
2712,99.79
2712,99.79
2712,99.79
2712,99.79
2712,99.79
2712,99.79
2712,99.79
2712,99.79
2712,99.79
2712,99.79
2713,99.79
2713,99.79
2713,99.79
2713,99.79
2713,99.79
2714,99.74
2714,99.77
2714,99.79
2714,99.79
2714,99.79
2714,99.79
2714,99.79
2715,99.78
2715,99.79
2715,99.79
2716,99.73
2716,99.77
2716,99.77
2716,99.77
2716,99.79
2716,99.79
2716,99.79
2717,99.71
2717,99.71
2717,99.71
2717,99.71
2717,99.71
2717,99.71
2719,99.71
2719,99.71
2719,99.71
2719,99.71
2719,99.71
2719,99.73
2720,99.76
2721,99.78
2721,99.79
2721,99.79
2721,99.79
2721,99.79
2721,99.79
2721,99.79
2723,99.74
2723,99.74
2723,99.74
2723,99.74
2723,99.74
2723,99.74
2723,99.78
2724,99.72
2724,99.77
2724,99.78
2724,99.78
2724,99.78
2724,99.79
2724,99.79
2724,99.79
2724,99.79
2724,99.79
2724,99.79
2727,99.78
2727,99.78
2727,99.78
2727,99.78
2727,99.78
2727,99.79
2727,99.79
2727,99.79
2727,99.79
2727,99.79
2727,99.79
2728,99.74
2728,99.74
2728,99.74
2728,99.74
2728,99.74
2728,99.77
2728,99.77
2728,99.77
2728,99.77
2728,99.79
2728,99.79
2728,99.79
2728,99.79
2730,99.66
2730,99.66
2730,99.66
2730,99.66
2730,99.66
2730,99.68
2731,99.70
2731,99.70
2731,99.70
2731,99.79
2731,99.79
2732,99.78
2732,99.79
2733,98.83
2733,98.83
2733,98.83
2733,98.83
2733,98.86
2733,98.95
2733,99.67
2733,99.67
2733,99.69
2733,99.69
2733,99.69
2733,99.77
2733,99.77
2733,99.77
2733,99.77
2733,99.78
2733,99.78
2733,99.78
2733,99.78
2733,99.78
2733,99.78
2733,99.79
2734,99.69
2734,99.69
2734,99.69
2734,99.69
2734,99.69
2734,99.75
2734,99.75
2734,99.75
2734,99.75
2736,99.79
2737,99.77
2738,99.76
2738,99.79
2738,99.79
2738,99.79
2738,99.79
2738,99.79
2738,99.79
2739,99.79
2739,99.79
2739,99.79
2739,99.79
2739,99.79
2739,99.79
2739,99.79
2740,99.34
2740,99.34
2740,99.34
2740,99.34
2740,99.34
2740,99.35
2740,99.77
2741,99.64
2742,99.46
2742,99.77
2742,99.77
2742,99.77
2742,99.77
2742,99.77
2742,99.79
2742,99.79
2742,99.79
2742,99.79
2742,99.79
2743,99.78
2743,99.78
2743,99.78
2743,99.79
2743,99.79
2743,99.79
2743,99.79
2743,99.79
2743,99.79
2743,99.79
2747,99.76
2747,99.76
2747,99.76
2747,99.76
2747,99.77
2748,99.77
2748,99.77
2748,99.77
2748,99.77
2748,99.77
2748,99.77
2748,99.77
2748,99.77
2748,99.77
2748,99.77
2748,99.77
2749,99.75
2749,99.75
2749,99.75
2749,99.75
2749,99.75
2751,99.74
2751,99.74
2751,99.74
2751,99.74
2751,99.74
2751,99.79
2751,99.79
2751,99.79
2751,99.79
2751,99.79
2751,99.79
2752,99.78
2753,99.67
2753,99.67
2754,99.78
2754,99.78
2755,99.71
2755,99.71
2755,99.71
2755,99.71
2755,99.71
2755,99.71
2755,99.78
2755,99.79
2755,99.79
2755,99.79
2755,99.79
2755,99.79
2755,99.79
2755,99.79
2756,99.73
2756,99.73
2756,99.78
2758,99.76
2758,99.79
2758,99.79
2758,99.79
2758,99.79
2758,99.79
2758,99.79
2759,99.78
2759,99.78
2759,99.78
2759,99.78
2759,99.78
2762,99.77
2763,99.76
2764,99.72
2764,99.72
2764,99.72
2764,99.73
2764,99.73
2764,99.79
2764,99.79
2764,99.79
2764,99.79
2764,99.79
2764,99.79
2764,99.79
2764,99.79
2764,99.79
2764,99.79
2764,99.79
2764,99.79
2766,99.72
2767,99.79
2767,99.79
2767,99.79
2767,99.79
2767,99.79
2767,99.79
2768,99.46
2769,99.72
2769,99.72
2769,99.72
2769,99.72
2769,99.72
2769,99.72
2769,99.72
2769,99.72
2769,99.72
2769,99.73
2769,99.74
2769,99.74
2770,99.79
2771,99.74
2771,99.79
2772,99.72
2772,99.72
2772,99.72
2772,99.72
2772,99.72
2772,99.72
2772,99.78
2772,99.78
2772,99.78
2773,99.65
2773,99.65
2773,99.65
2773,99.65
2773,99.65
2774,99.68
2774,99.79
2774,99.79
2774,99.79
2774,99.79
2774,99.79
2775,99.78
2775,99.78
2775,99.78
2775,99.78
2775,99.78
2776,99.78
2777,99.79
2777,99.79
2777,99.79
2777,99.79
2777,99.79
2777,99.79
2778,99.76
2778,99.79
2778,99.79
2778,99.79
2778,99.79
2778,99.79
2778,99.79
2780,99.68
2780,99.76
2780,99.76
2780,99.76
2780,99.76
2780,99.76
2781,99.79
2781,99.79
2781,99.79
2781,99.79
2781,99.79
2782,99.75
2782,99.75
2782,99.75
2782,99.75
2782,99.75
2782,99.75
2785,99.63
2785,99.63
2785,99.63
2785,99.64
2785,99.65
2785,99.68
2786,99.69
2786,99.69
2786,99.69
2786,99.69
2786,99.69
2786,99.69
2788,99.79
2788,99.79
2788,99.79
2788,99.79
2788,99.79
2788,99.79
2789,99.78
2789,99.78
2789,99.78
2789,99.78
2789,99.78
2789,99.78
2789,99.79
2789,99.79
2789,99.79
2789,99.79
2789,99.79
2789,99.79
2791,99.77
2791,99.77
2791,99.77
2791,99.77
2791,99.77
2791,99.77
2791,99.79
2791,99.79
2791,99.79
2792,99.78
2792,99.78
2792,99.78
2792,99.78
2792,99.78
2793,99.78
2794,99.79
2794,99.79
2794,99.79
2794,99.79
2794,99.79
2794,99.79
2795,99.58
2795,99.58
2795,99.58
2795,99.58
2795,99.58
2795,99.58
2797,99.75
2797,99.75
2797,99.75
2797,99.75
2797,99.76
2797,99.79
2797,99.79
2797,99.79
2797,99.79
2799,99.79
2799,99.79
2799,99.79
2799,99.79
2799,99.79
2799,99.79
2799,99.79
2800,99.70
2800,99.76
2800,99.76
2800,99.76
2800,99.76
2800,99.76
2801,99.73
2801,99.73
2801,99.73
2801,99.73
2801,99.73
2801,99.79
2801,99.79
2801,99.79
2801,99.79
2801,99.79
2801,99.79
2801,99.79
2802,99.76
2802,99.76
2802,99.76
2802,99.76
2802,99.76
2802,99.76
2803,99.78
2803,99.78
2803,99.78
2803,99.78
2803,99.78
2803,99.79
2803,99.79
2803,99.79
2803,99.79
2803,99.79
2803,99.79
2805,99.55
2805,99.75
2806,99.77
2806,99.77
2806,99.77
2806,99.77
2806,99.77
2806,99.79
2806,99.79
2806,99.79
2806,99.79
2806,99.79
2806,99.79
2806,99.79
2806,99.79
2806,99.79
2806,99.79
2806,99.79
2806,99.79
2807,99.79
2807,99.79
2807,99.79
2808,99.76
2809,99.79
2811,99.74
2811,99.74
2811,99.74
2811,99.74
2811,99.74
2811,99.79
2811,99.79
2811,99.79
2811,99.79
2811,99.79
2811,99.79
2812,99.79
2813,99.79
2814,99.74
2814,99.79
2814,99.79
2814,99.79
2814,99.79
2814,99.79
2814,99.79
2815,99.73
2815,99.73
2815,99.73
2815,99.73
2815,99.73
2815,99.74
2815,99.79
2815,99.79
2815,99.79
2815,99.79
2815,99.79
2815,99.79
2816,99.64
2816,99.64
2816,99.64
2816,99.64
2816,99.64
2816,99.64
2816,99.78
2816,99.78
2817,99.65
2817,99.78
2817,99.78
2817,99.78
2817,99.78
2817,99.78
2817,99.78
2820,99.79
2820,99.79
2821,99.75
2821,99.75
2821,99.75
2821,99.76
2821,99.76
2821,99.78
2821,99.78
2821,99.78
2821,99.78
2821,99.78
2821,99.78
2821,99.78
2823,99.69
2823,99.71
2823,99.73
2823,99.73
2823,99.73
2823,99.73
2823,99.73
2823,99.73
2823,99.73
2824,99.75
2824,99.75
2824,99.75
2824,99.75
2824,99.75
2825,99.79
2825,99.79
2825,99.79
2825,99.79
2825,99.79
2825,99.79
2826,99.71
2826,99.71
2826,99.72
2826,99.72
2826,99.72
2826,99.75
2826,99.75
2826,99.75
2826,99.75
2826,99.75
2826,99.75
2826,99.79
2826,99.79
2826,99.79
2826,99.79
2826,99.79
2826,99.79
2827,99.78
2827,99.78
2827,99.78
2827,99.78
2827,99.78
2827,99.78
2829,99.60
2829,99.60
2829,99.60
2829,99.60
2829,99.60
2829,99.64
2829,99.78
2829,99.78
2829,99.78
2829,99.78
2829,99.78
2830,99.78
2830,99.78
2830,99.78
2830,99.78
2831,99.60
2831,99.67
2831,99.78
2831,99.78
2831,99.78
2831,99.78
2831,99.78
2831,99.78
2832,99.71
2832,99.71
2832,99.71
2832,99.71
2832,99.71
2832,99.71
2832,99.75
2832,99.75
2832,99.75
2832,99.75
2832,99.76
2832,99.76
2832,99.78
2832,99.78
2832,99.78
2832,99.78
2833,99.68
2833,99.68
2833,99.68
2833,99.68
2833,99.68
2833,99.72
2833,99.72
2833,99.72
2833,99.72
2833,99.72
2833,99.72
2833,99.74
2833,99.75
2834,99.67
2834,99.67
2834,99.67
2834,99.67
2834,99.67
2834,99.68
2834,99.74
2835,99.78
2835,99.78
2835,99.78
2835,99.78
2835,99.78
2835,99.78
2835,99.78
2835,99.78
2835,99.78
2835,99.78
2835,99.78
2835,99.78
2836,99.78
2836,99.78
2838,99.78
2839,99.72
2839,99.72
2839,99.72
2839,99.72
2839,99.72
2839,99.78
2839,99.78
2839,99.78
2839,99.78
2839,99.78
2839,99.78
2840,99.73
2840,99.73
2840,99.73
2840,99.73
2840,99.73
2840,99.75
2841,99.69
2842,99.78
2843,99.73
2844,99.78
2844,99.78
2844,99.78
2844,99.78
2844,99.78
2844,99.78
2845,99.76
2845,99.78
2845,99.78
2845,99.78
2845,99.78
2847,99.48
2847,99.48
2847,99.48
2847,99.48
2847,99.48
2847,99.63
2847,99.68
2847,99.68
2847,99.68
2847,99.68
2847,99.68
2847,99.74
2847,99.78
2847,99.78
2847,99.78
2847,99.78
2847,99.78
2847,99.78
2848,99.71
2848,99.76
2848,99.76
2848,99.76
2848,99.78
2848,99.78
2848,99.78
2848,99.78
2848,99.78
2849,99.78
2849,99.78
2849,99.78
2849,99.78
2849,99.78
2849,99.78
2850,99.77
2850,99.77
2850,99.77
2850,99.77
2850,99.77
2850,99.78
2850,99.78
2850,99.78
2850,99.78
2850,99.78
2851,99.78
2851,99.78
2851,99.78
2851,99.78
2851,99.78
2852,99.76
2852,99.76
2852,99.76
2852,99.76
2852,99.76
2853,99.61
2853,99.70
2853,99.78
2853,99.78
2853,99.78
2853,99.78
2853,99.78
2853,99.78
2854,99.76
2854,99.76
2854,99.76
2854,99.78
2854,99.78
2854,99.78
2855,99.78
2855,99.78
2855,99.78
2855,99.78
2855,99.78
2855,99.78
2855,99.78
2855,99.78
2856,99.73
2856,99.78
2856,99.78
2856,99.78
2856,99.78
2856,99.78
2856,99.78
2856,99.78
2856,99.78
2857,99.76
2858,99.66
2858,99.66
2858,99.66
2858,99.66
2858,99.66
2858,99.71
2858,99.76
2858,99.77
2858,99.77
2858,99.77
2858,99.77
2858,99.77
2858,99.77
2859,99.75
2859,99.75
2859,99.75
2859,99.75
2859,99.75
2859,99.78
2860,99.77
2861,99.75
2861,99.75
2861,99.75
2861,99.75
2861,99.75
2861,99.75
2861,99.78
2863,99.69
2865,99.70
2865,99.74
2865,99.74
2865,99.74
2865,99.74
2865,99.74
2865,99.74
2865,99.77
2865,99.77
2865,99.78
2865,99.78
2866,99.77
2867,99.76
2867,99.76
2867,99.77
2867,99.77
2867,99.77
2867,99.77
2867,99.77
2867,99.77
2867,99.77
2867,99.77
2867,99.77
2867,99.78
2867,99.78
2867,99.78
2867,99.78
2867,99.78
2868,99.76
2868,99.76
2868,99.76
2868,99.76
2868,99.76
2868,99.77
2868,99.78
2869,99.78
2869,99.78
2869,99.78
2869,99.78
2869,99.78
2869,99.78
2869,99.78
2870,99.78
2870,99.78
2870,99.78
2870,99.78
2870,99.78
2870,99.78
2870,99.78
2870,99.78
2870,99.78
2870,99.78
2870,99.78
2871,99.74
2871,99.74
2871,99.74
2871,99.74
2871,99.75
2871,99.75
2872,99.76
2872,99.76
2872,99.78
2873,99.65
2873,99.68
2873,99.68
2873,99.69
2873,99.69
2873,99.69
2873,99.69
2873,99.78
2873,99.78
2873,99.78
2873,99.78
2873,99.78
2873,99.78
2874,99.77
2874,99.77
2874,99.77
2874,99.77
2874,99.77
2875,99.76
2875,99.78
2875,99.78
2875,99.78
2875,99.78
2875,99.78
2875,99.78
2875,99.78
2875,99.78
2875,99.78
2875,99.78
2875,99.78
2875,99.78
2875,99.78
2875,99.78
2875,99.78
2875,99.78
2875,99.78
2876,99.75
2876,99.75
2876,99.75
2876,99.75
2876,99.75
2876,99.75
2876,99.76
2876,99.76
2876,99.76
2876,99.76
2876,99.76
2876,99.76
2877,99.75
2877,99.75
2877,99.75
2877,99.75
2877,99.75
2877,99.75
2877,99.78
2877,99.78
2877,99.78
2877,99.78
2877,99.78
2877,99.78
2877,99.78
2877,99.78
2877,99.78
2877,99.78
2877,99.78
2877,99.78
2878,99.73
2878,99.73
2878,99.73
2878,99.73
2878,99.73
2878,99.74
2878,99.74
2878,99.74
2878,99.74
2878,99.74
2878,99.74
2879,99.72
2879,99.72
2879,99.73
2879,99.73
2879,99.74
2880,99.75
2880,99.75
2880,99.76
2880,99.76
2880,99.76
2880,99.76
2880,99.76
2880,99.78
2881,99.68
2881,99.78
2881,99.78
2881,99.78
2881,99.78
2881,99.78
2881,99.78
2882,99.70
2883,99.78
2883,99.78
2884,99.76
2885,99.72
2885,99.72
2885,99.72
2885,99.72
2885,99.72
2885,99.73
2885,99.78
2885,99.78
2885,99.78
2885,99.78
2885,99.78
2885,99.78
2886,99.77
2887,99.76
2887,99.78
2887,99.78
2887,99.78
2887,99.78
2887,99.78
2888,99.74
2888,99.74
2889,99.78
2889,99.78
2889,99.78
2889,99.78
2889,99.78
2889,99.78
2889,99.78
2890,99.76
2890,99.76
2890,99.76
2890,99.76
2890,99.77
2890,99.78
2890,99.78
2890,99.78
2890,99.78
2890,99.78
2890,99.78
2891,99.78
2891,99.78
2891,99.78
2891,99.78
2891,99.78
2891,99.78
2891,99.78
2891,99.78
2891,99.78
2891,99.78
2891,99.78
2891,99.78
2894,99.68
2894,99.75
2894,99.75
2894,99.75
2894,99.75
2894,99.75
2894,99.75
2894,99.76
2894,99.76
2894,99.76
2894,99.76
2895,99.69
2895,99.69
2895,99.69
2895,99.69
2895,99.69
2895,99.70
2895,99.73
2895,99.73
2895,99.73
2895,99.73
2895,99.74
2895,99.75
2895,99.75
2895,99.75
2895,99.75
2895,99.75
2896,99.77
2896,99.78
2898,99.75
2899,99.75
2899,99.75
2899,99.75
2899,99.75
2899,99.75
2899,99.75
2900,99.74
2900,99.74
2900,99.75
2900,99.75
2900,99.75
2900,99.78
2900,99.78
2900,99.78
2900,99.78
2900,99.78
2901,99.75
2901,99.75
2901,99.75
2901,99.75
2901,99.75
2901,99.75
2901,99.76
2901,99.76
2901,99.78
2901,99.78
2901,99.78
2901,99.78
2901,99.78
2901,99.78
2902,99.78
2902,99.78
2902,99.78
2902,99.78
2902,99.78
2902,99.78
2904,99.78
2904,99.78
2904,99.78
2904,99.78
2904,99.78
2904,99.78
2907,99.64
2907,99.64
2907,99.64
2907,99.64
2907,99.64
2907,99.67
2907,99.67
2907,99.67
2907,99.67
2907,99.67
2907,99.67
2907,99.75
2907,99.78
2907,99.78
2907,99.78
2907,99.78
2907,99.78
2908,99.73
2908,99.78
2908,99.78
2908,99.78
2908,99.78
2908,99.78
2908,99.78
2909,99.78
2909,99.78
2909,99.78
2909,99.78
2909,99.78
2909,99.78
2911,99.66
2911,99.66
2911,99.66
2911,99.66
2911,99.66
2911,99.68
2911,99.69
2911,99.70
2911,99.70
2911,99.70
2911,99.70
2911,99.70
2911,99.70
2911,99.70
2912,99.74
2912,99.74
2912,99.74
2912,99.74
2912,99.74
2912,99.77
2912,99.77
2912,99.77
2912,99.78
2913,99.73
2913,99.78
2913,99.78
2913,99.78
2913,99.78
2913,99.78
2915,99.70
2915,99.70
2915,99.72
2915,99.72
2915,99.72
2915,99.78
2915,99.78
2916,99.77
2916,99.77
2916,99.77
2916,99.77
2916,99.77
2916,99.77
2917,99.77
2917,99.77
2917,99.77
2917,99.77
2917,99.77
2917,99.77
2917,99.77
2917,99.77
2917,99.77
2917,99.77
2917,99.77
2918,99.78
2918,99.78
2918,99.78
2918,99.78
2918,99.78
2918,99.78
2921,99.78
2921,99.78
2921,99.78
2921,99.78
2921,99.78
2921,99.78
2922,99.49
2922,99.49
2922,99.49
2922,99.49
2922,99.49
2922,99.52
2922,99.78
2923,99.77
2923,99.77
2923,99.77
2923,99.77
2923,99.77
2923,99.78
2923,99.78
2924,99.76
2924,99.76
2924,99.76
2924,99.76
2924,99.76
2924,99.77
2925,99.77
2925,99.78
2925,99.78
2925,99.78
2925,99.78
2925,99.78
2926,99.73
2926,99.76
2926,99.76
2926,99.76
2926,99.76
2926,99.76
2926,99.78
2928,99.78
2929,99.78
2929,99.78
2929,99.78
2929,99.78
2929,99.78
2929,99.78
2930,99.74
2932,99.69
2932,99.77
2933,99.77
2933,99.78
2933,99.78
2933,99.78
2933,99.78
2933,99.78
2933,99.78
2933,99.78
2934,99.77
2934,99.77
2934,99.77
2934,99.77
2934,99.77
2934,99.78
2934,99.78
2934,99.78
2934,99.78
2934,99.78
2934,99.78
2936,99.72
2936,99.72
2936,99.74
2936,99.74
2936,99.74
2936,99.74
2936,99.78
2936,99.78
2936,99.78
2936,99.78
2936,99.78
2936,99.78
2937,99.55
2937,99.55
2937,99.55
2937,99.56
2937,99.56
2937,99.57
2938,99.77
2938,99.77
2938,99.77
2938,99.77
2938,99.77
2938,99.77
2938,99.78
2941,99.74
2941,99.74
2941,99.74
2941,99.74
2941,99.74
2941,99.78
2941,99.78
2941,99.78
2941,99.78
2941,99.78
2941,99.78
2942,99.76
2942,99.76
2942,99.76
2942,99.76
2942,99.77
2942,99.77
2942,99.77
2942,99.77
2942,99.77
2942,99.78
2942,99.78
2942,99.78
2943,99.78
2943,99.78
2943,99.78
2943,99.78
2943,99.78
2943,99.78
2944,99.75
2944,99.75
2944,99.75
2944,99.75
2944,99.75
2944,99.75
2945,99.78
2945,99.78
2945,99.78
2945,99.78
2945,99.78
2948,99.78
2948,99.78
2948,99.78
2949,99.75
2950,99.77
2950,99.77
2950,99.77
2950,99.77
2950,99.77
2950,99.77
2950,99.78
2950,99.78
2950,99.78
2950,99.78
2950,99.78
2950,99.78
2952,99.75
2952,99.75
2952,99.75
2952,99.75
2952,99.75
2952,99.75
2952,99.75
2952,99.75
2952,99.75
2952,99.75
2952,99.75
2954,99.70
2954,99.70
2954,99.70
2954,99.70
2954,99.70
2957,99.70
2957,99.70
2957,99.70
2957,99.70
2957,99.70
2957,99.70
2957,99.70
2957,99.70
2957,99.70
2957,99.70
2957,99.70
2957,99.72
2957,99.72
2957,99.72
2957,99.72
2957,99.72
2957,99.72
2957,99.75
2957,99.75
2957,99.75
2957,99.75
2958,99.76
2958,99.77
2958,99.77
2958,99.77
2958,99.77
2958,99.77
2959,99.58
2959,99.78
2959,99.78
2959,99.78
2959,99.78
2959,99.78
2959,99.78
2960,99.65
2960,99.65
2960,99.65
2960,99.65
2960,99.65
2960,99.67
2960,99.77
2960,99.77
2960,99.77
2960,99.77
2960,99.77
2961,99.77
2961,99.77
2961,99.77
2961,99.77
2961,99.77
2961,99.77
2961,99.77
2961,99.77
2961,99.77
2961,99.77
2961,99.77
2962,99.70
2962,99.70
2962,99.70
2962,99.70
2962,99.70
2962,99.70
2962,99.70
2962,99.70
2962,99.70
2962,99.72
2962,99.72
2962,99.77
2962,99.77
2962,99.77
2962,99.77
2962,99.77
2963,99.72
2964,99.75
2964,99.75
2964,99.77
2964,99.77
2964,99.77
2964,99.77
2964,99.77
2964,99.77
2965,99.70
2965,99.70
2965,99.70
2965,99.70
2965,99.70
2965,99.71
2965,99.76
2965,99.77
2965,99.77
2965,99.77
2965,99.77
2965,99.77
2965,99.77
2966,99.77
2966,99.77
2966,99.77
2966,99.77
2966,99.77
2966,99.77
2966,99.77
2966,99.77
2966,99.77
2966,99.77
2966,99.77
2966,99.77
2966,99.77
2969,99.77
2971,99.76
2971,99.77
2971,99.77
2971,99.77
2971,99.77
2971,99.77
2971,99.77
2972,99.74
2972,99.76
2972,99.77
2972,99.77
2972,99.77
2972,99.77
2972,99.77
2972,99.77
2972,99.77
2972,99.77
2972,99.77
2972,99.77
2972,99.77
2972,99.77
2972,99.77
2972,99.77
2972,99.77
2973,99.75
2973,99.75
2973,99.75
2973,99.77
2974,99.76
2976,99.67
2976,99.67
2976,99.67
2976,99.67
2976,99.67
2976,99.69
2976,99.69
2976,99.69
2976,99.69
2976,99.69
2976,99.70
2976,99.73
2976,99.77
2976,99.77
2977,99.69
2977,99.69
2977,99.69
2977,99.69
2977,99.72
2978,99.76
2978,99.77
2978,99.77
2978,99.77
2978,99.77
2978,99.77
2978,99.77
2978,99.77
2979,99.65
2979,99.65
2979,99.66
2979,99.66
2979,99.66
2979,99.77
2979,99.77
2979,99.77
2979,99.77
2979,99.77
2979,99.77
2979,99.77
2980,99.53
2980,99.75
2980,99.75
2980,99.75
2980,99.75
2980,99.75
2980,99.77
2980,99.77
2980,99.77
2980,99.77
2980,99.77
2980,99.77
2982,99.20
2982,99.77
2982,99.77
2982,99.77
2982,99.77
2982,99.77
2982,99.77
2983,99.77
2984,99.77
2984,99.77
2984,99.77
2984,99.77
2984,99.77
2985,99.65
2985,99.77
2986,99.57
2986,99.57
2986,99.57
2986,99.57
2986,99.58
2986,99.60
2986,99.75
2986,99.75
2986,99.75
2986,99.75
2986,99.75
2987,99.53
2987,99.53
2987,99.53
2987,99.53
2987,99.55
2987,99.57
2987,99.75
2987,99.75
2987,99.75
2987,99.75
2987,99.75
2987,99.75
2988,99.77
2988,99.77
2988,99.77
2988,99.77
2988,99.77
2988,99.77
2989,99.73
2989,99.77
2989,99.77
2989,99.77
2989,99.77
2989,99.77
2989,99.77
2990,99.76
2992,99.76
2992,99.77
2992,99.77
2992,99.77
2992,99.77
2992,99.77
2992,99.77
2993,99.73
2993,99.73
2993,99.76
2993,99.76
2993,99.76
2993,99.76
2993,99.77
2993,99.77
2994,99.77
2994,99.77
2994,99.77
2994,99.77
2994,99.77
2994,99.77
2994,99.77
2995,99.72
2995,99.72
2995,99.72
2995,99.72
2995,99.73
2995,99.77
2996,99.77
2996,99.77
2996,99.77
2996,99.77
2996,99.77
2996,99.77
2996,99.77
2996,99.77
2996,99.77
2996,99.77
2996,99.77
2998,99.36
2998,99.36
2998,99.36
2998,99.36
2998,99.36
2998,99.39
2998,99.76
2998,99.76
2998,99.76
2998,99.76
2998,99.76
2998,99.76
2998,99.76
2998,99.77
2999,99.72
3000,99.72
3000,99.75
3000,99.75
3000,99.75
3000,99.75
3000,99.75
3000,99.77
3000,99.77
3000,99.77
3000,99.77
3000,99.77
3000,99.77
3001,99.76
3001,99.76
3001,99.77
3001,99.77
3001,99.77
3002,99.77
3003,99.76
3003,99.76
3003,99.76
3003,99.76
3003,99.76
3003,99.76
3004,99.76
3004,99.76
3004,99.76
3004,99.76
3004,99.76
3005,99.69
3005,99.69
3005,99.69
3005,99.77
3005,99.77
3005,99.77
3005,99.77
3005,99.77
3005,99.77
3006,99.74
3006,99.74
3006,99.74
3006,99.74
3006,99.74
3006,99.74
3007,99.67
3007,99.77
3008,99.72
3008,99.72
3008,99.75
3008,99.75
3008,99.75
3008,99.75
3008,99.77
3008,99.77
3008,99.77
3008,99.77
3008,99.77
3008,99.77
3010,99.67
3010,99.76
3010,99.76
3010,99.77
3011,99.70
3011,99.70
3011,99.71
3011,99.71
3011,99.71
3011,99.71
3011,99.71
3011,99.71
3011,99.71
3011,99.71
3011,99.71
3011,99.77
3011,99.77
3011,99.77
3011,99.77
3011,99.77
3011,99.77
3011,99.77
3011,99.77
3011,99.77
3012,99.63
3012,99.71
3012,99.71
3012,99.77
3012,99.77
3012,99.77
3012,99.77
3012,99.77
3013,99.57
3013,99.57
3013,99.57
3013,99.57
3013,99.57
3013,99.58
3013,99.77
3013,99.77
3014,99.65
3014,99.65
3014,99.65
3014,99.65
3015,99.76
3015,99.76
3015,99.77
3016,99.71
3016,99.71
3016,99.71
3016,99.71
3016,99.71
3016,99.75
3016,99.75
3016,99.75
3017,99.76
3017,99.77
3018,99.74
3018,99.74
3018,99.74
3018,99.74
3018,99.75
3018,99.77
3018,99.77
3018,99.77
3018,99.77
3018,99.77
3018,99.77
3018,99.77
3019,99.59
3019,99.59
3019,99.61
3019,99.61
3019,99.61
3019,99.62
3019,99.62
3019,99.62
3019,99.62
3019,99.62
3019,99.64
3020,99.72
3020,99.72
3020,99.72
3020,99.72
3020,99.72
3020,99.72
3022,99.76
3022,99.77
3023,99.77
3023,99.77
3023,99.77
3023,99.77
3023,99.77
3023,99.77
3024,99.73
3024,99.73
3024,99.73
3024,99.73
3024,99.73
3024,99.75
3024,99.75
3024,99.75
3024,99.75
3024,99.75
3024,99.75
3025,99.69
3025,99.69
3025,99.69
3025,99.69
3025,99.69
3025,99.69
3025,99.77
3025,99.77
3026,99.77
3026,99.77
3026,99.77
3026,99.77
3026,99.77
3027,99.61
3027,99.61
3027,99.61
3027,99.61
3027,99.63
3027,99.64
3027,99.76
3027,99.77
3027,99.77
3027,99.77
3027,99.77
3028,99.74
3028,99.77
3028,99.77
3028,99.77
3028,99.77
3028,99.77
3029,99.74
3029,99.74
3029,99.74
3029,99.74
3029,99.74
3029,99.74
3030,99.68
3030,99.68
3030,99.68
3030,99.68
3030,99.68
3030,99.68
3030,99.75
3030,99.75
3030,99.75
3030,99.75
3030,99.76
3030,99.76
3030,99.76
3030,99.76
3030,99.76
3031,99.68
3031,99.77
3031,99.77
3031,99.77
3031,99.77
3031,99.77
3031,99.77
3033,99.45
3034,99.77
3035,99.77
3035,99.77
3035,99.77
3035,99.77
3035,99.77
3036,99.74
3036,99.74
3036,99.74
3036,99.74
3036,99.74
3036,99.75
3037,99.76
3037,99.77
3037,99.77
3037,99.77
3037,99.77
3037,99.77
3037,99.77
3038,99.74
3038,99.74
3038,99.74
3038,99.74
3038,99.74
3038,99.76
3039,99.73
3039,99.76
3039,99.77
3039,99.77
3039,99.77
3039,99.77
3039,99.77
3039,99.77
3040,99.76
3040,99.76
3040,99.76
3040,99.76
3041,99.70
3041,99.70
3041,99.70
3041,99.70
3041,99.70
3041,99.70
3041,99.74
3041,99.74
3041,99.74
3041,99.74
3041,99.74
3042,99.74
3042,99.74
3042,99.75
3042,99.75
3042,99.75
3043,99.75
3046,99.75
3047,99.74
3048,99.46
3048,99.46
3048,99.46
3048,99.46
3048,99.46
3050,99.71
3050,99.76
3053,99.67
3053,99.70
3053,99.70
3053,99.70
3053,99.70
3053,99.76
3053,99.76
3053,99.77
3054,99.58
3054,99.58
3054,99.59
3054,99.60
3054,99.60
3054,99.65
3058,99.72
3058,99.74
3058,99.74
3058,99.74
3058,99.74
3058,99.75
3058,99.77
3058,99.77
3058,99.77
3058,99.77
3058,99.77
3058,99.77
3059,99.67
3059,99.67
3060,99.33
3060,99.33
3060,99.33
3060,99.33
3060,99.33
3060,99.39
3060,99.74
3060,99.74
3060,99.74
3060,99.74
3060,99.74
3061,99.76
3061,99.76
3061,99.76
3061,99.76
3061,99.76
3061,99.76
3062,99.65
3062,99.65
3062,99.65
3062,99.65
3062,99.65
3062,99.65
3062,99.66
3062,99.66
3062,99.66
3062,99.66
3062,99.66
3062,99.66
3063,99.76
3063,99.76
3063,99.76
3063,99.76
3063,99.76
3063,99.76
3064,99.69
3064,99.69
3064,99.69
3064,99.69
3064,99.70
3064,99.73
3065,99.70
3065,99.70
3065,99.70
3065,99.70
3065,99.70
3065,99.71
3065,99.76
3067,99.56
3067,99.65
3070,99.65
3070,99.65
3070,99.65
3070,99.66
3070,99.66
3070,99.67
3070,99.77
3070,99.77
3070,99.77
3070,99.77
3070,99.77
3070,99.77
3072,99.71
3072,99.71
3072,99.71
3072,99.71
3072,99.71
3072,99.71
3073,99.63
3073,99.73
3073,99.73
3073,99.73
3073,99.73
3073,99.73
3073,99.74
3073,99.74
3073,99.74
3073,99.74
3073,99.74
3073,99.75
3074,99.76
3074,99.76
3074,99.76
3074,99.76
3074,99.76
3074,99.77
3074,99.77
3074,99.77
3074,99.77
3074,99.77
3074,99.77
3075,99.76
3075,99.76
3076,99.72
3076,99.72
3076,99.72
3076,99.72
3076,99.72
3076,99.74
3076,99.74
3076,99.74
3076,99.74
3076,99.74
3076,99.76
3077,99.64
3077,99.64
3077,99.65
3077,99.65
3077,99.65
3077,99.65
3077,99.77
3077,99.77
3077,99.77
3077,99.77
3077,99.77
3078,99.77
3078,99.77
3078,99.77
3078,99.77
3078,99.77
3078,99.77
3078,99.77
3079,99.74
3079,99.77
3079,99.77
3079,99.77
3079,99.77
3079,99.77
3079,99.77
3079,99.77
3079,99.77
3079,99.77
3079,99.77
3079,99.77
3080,99.57
3080,99.57
3080,99.57
3080,99.57
3080,99.57
3080,99.59
3080,99.74
3080,99.74
3080,99.74
3080,99.74
3080,99.74
3080,99.74
3081,99.77
3081,99.77
3081,99.77
3081,99.77
3081,99.77
3081,99.77
3082,99.62
3082,99.76
3082,99.76
3082,99.76
3082,99.76
3082,99.76
3082,99.76
3082,99.77
3082,99.77
3082,99.77
3082,99.77
3082,99.77
3082,99.77
3083,99.73
3083,99.73
3083,99.73
3083,99.73
3083,99.73
3083,99.75
3084,99.74
3084,99.74
3084,99.74
3084,99.74
3084,99.74
3085,99.63
3085,99.63
3085,99.65
3085,99.65
3085,99.66
3085,99.68
3085,99.69
3085,99.69
3085,99.69
3085,99.69
3085,99.69
3085,99.70
3086,99.77
3086,99.77
3086,99.77
3086,99.77
3086,99.77
3086,99.77
3087,99.77
3087,99.77
3087,99.77
3087,99.77
3088,99.69
3088,99.69
3088,99.69
3088,99.69
3088,99.69
3088,99.71
3088,99.74
3088,99.74
3088,99.74
3088,99.74
3088,99.76
3088,99.76
3088,99.76
3088,99.76
3088,99.76
3090,99.35
3090,99.35
3090,99.35
3090,99.36
3090,99.37
3090,99.72
3090,99.72
3090,99.72
3090,99.72
3090,99.72
3090,99.72
3090,99.76
3090,99.76
3090,99.76
3090,99.76
3090,99.76
3091,99.67
3091,99.67
3091,99.67
3091,99.67
3091,99.68
3092,99.39
3092,99.76
3092,99.76
3092,99.76
3092,99.76
3092,99.76
3092,99.76
3093,99.67
3093,99.67
3093,99.68
3093,99.68
3093,99.68
3093,99.69
3093,99.69
3093,99.69
3093,99.69
3093,99.69
3093,99.69
3094,99.60
3094,99.60
3094,99.60
3094,99.60
3094,99.60
3094,99.65
3095,99.71
3095,99.71
3095,99.71
3095,99.71
3095,99.71
3095,99.72
3095,99.75
3096,99.76
3096,99.76
3096,99.76
3096,99.76
3096,99.76
3096,99.76
3097,99.42
3097,99.42
3097,99.42
3097,99.42
3097,99.43
3098,99.76
3099,99.76
3099,99.76
3099,99.76
3099,99.76
3099,99.76
3099,99.76
3100,99.76
3100,99.76
3100,99.76
3100,99.76
3100,99.76
3100,99.76
3101,99.76
3101,99.76
3101,99.76
3101,99.76
3101,99.76
3101,99.76
3104,99.75
3104,99.76
3104,99.76
3104,99.76
3104,99.76
3104,99.76
3106,99.40
3106,99.40
3106,99.40
3106,99.40
3106,99.40
3106,99.42
3106,99.76
3107,99.68
3107,99.68
3107,99.68
3107,99.68
3108,99.58
3108,99.58
3108,99.58
3109,99.74
3109,99.74
3109,99.74
3109,99.75
3109,99.75
3109,99.75
3111,99.69
3111,99.69
3111,99.69
3111,99.69
3111,99.69
3111,99.69
3111,99.71
3113,99.68
3113,99.68
3113,99.68
3113,99.68
3113,99.68
3113,99.68
3115,99.76
3115,99.76
3115,99.76
3115,99.76
3115,99.76
3116,99.68
3116,99.68
3116,99.68
3116,99.68
3116,99.75
3116,99.75
3116,99.75
3116,99.75
3116,99.75
3116,99.76
3116,99.76
3116,99.76
3116,99.76
3116,99.76
3116,99.76
3116,99.76
3119,99.76
3119,99.76
3119,99.76
3119,99.76
3119,99.76
3119,99.76
3119,99.76
3119,99.76
3120,99.76
3120,99.76
3120,99.76
3120,99.76
3120,99.76
3120,99.76
3120,99.76
3120,99.76
3120,99.76
3122,99.70
3122,99.70
3122,99.71
3122,99.71
3122,99.71
3122,99.71
3122,99.73
3122,99.73
3122,99.73
3122,99.73
3122,99.73
3123,99.76
3123,99.76
3123,99.76
3123,99.76
3123,99.76
3123,99.76
3123,99.76
3126,99.57
3126,99.57
3126,99.57
3126,99.63
3126,99.63
3126,99.67
3128,99.76
3128,99.76
3129,99.74
3129,99.74
3129,99.74
3129,99.74
3131,99.76
3131,99.76
3131,99.76
3131,99.76
3131,99.76
3131,99.76
3132,99.71
3132,99.76
3132,99.76
3132,99.76
3132,99.76
3132,99.76
3133,99.46
3133,99.46
3133,99.46
3133,99.46
3133,99.46
3133,99.72
3133,99.72
3133,99.72
3133,99.72
3133,99.74
3133,99.76
3133,99.76
3133,99.76
3133,99.76
3133,99.76
3133,99.76
3134,99.60
3134,99.60
3134,99.60
3134,99.60
3134,99.60
3134,99.62
3134,99.76
3134,99.76
3134,99.76
3134,99.76
3134,99.76
3134,99.76
3134,99.76
3135,99.75
3135,99.75
3135,99.75
3135,99.75
3135,99.75
3135,99.75
3135,99.75
3135,99.75
3135,99.76
3135,99.76
3135,99.76
3135,99.76
3137,99.67
3137,99.76
3138,99.66
3138,99.66
3138,99.66
3138,99.66
3138,99.66
3138,99.74
3138,99.74
3138,99.74
3138,99.74
3139,99.53
3139,99.76
3139,99.76
3139,99.76
3139,99.76
3139,99.76
3139,99.76
3139,99.76
3140,99.73
3140,99.73
3140,99.73
3140,99.73
3140,99.74
3140,99.74
3140,99.74
3140,99.74
3140,99.74
3140,99.74
3140,99.74
3140,99.75
3140,99.75
3140,99.75
3140,99.75
3140,99.75
3140,99.75
3141,99.59
3141,99.59
3141,99.59
3141,99.59
3141,99.62
3141,99.66
3142,99.75
3142,99.75
3142,99.75
3142,99.75
3142,99.76
3142,99.76
3142,99.76
3142,99.76
3142,99.76
3142,99.76
3142,99.76
3143,98.28
3143,99.64
3143,99.64
3143,99.64
3143,99.64
3143,99.64
3143,99.64
3143,99.74
3143,99.74
3143,99.74
3143,99.74
3143,99.74
3145,99.67
3145,99.67
3145,99.67
3145,99.67
3145,99.67
3145,99.68
3146,99.61
3147,99.62
3147,99.62
3147,99.63
3147,99.63
3147,99.63
3147,99.63
3147,99.76
3147,99.76
3147,99.76
3147,99.76
3147,99.76
3147,99.76
3147,99.76
3148,99.76
3149,99.76
3149,99.76
3149,99.76
3149,99.76
3149,99.76
3149,99.76
3149,99.76
3151,99.75
3151,99.76
3151,99.76
3151,99.76
3151,99.76
3151,99.76
3151,99.76
3151,99.76
3152,99.74
3152,99.74
3153,99.75
3153,99.75
3153,99.75
3154,99.65
3154,99.65
3154,99.65
3154,99.65
3154,99.65
3154,99.74
3154,99.76
3154,99.76
3154,99.76
3154,99.76
3154,99.76
3154,99.76
3154,99.76
3155,99.32
3155,99.76
3155,99.76
3155,99.76
3155,99.76
3155,99.76
3155,99.76
3156,99.65
3156,99.65
3156,99.65
3156,99.65
3156,99.65
3156,99.67
3156,99.74
3156,99.74
3156,99.74
3156,99.74
3156,99.74
3156,99.74
3156,99.75
3157,99.72
3157,99.72
3157,99.72
3157,99.72
3157,99.72
3157,99.73
3157,99.76
3157,99.76
3157,99.76
3157,99.76
3157,99.76
3157,99.76
3160,99.76
3160,99.76
3160,99.76
3160,99.76
3161,99.69
3162,99.58
3162,99.58
3162,99.58
3162,99.58
3162,99.59
3162,99.63
3163,99.72
3163,99.72
3163,99.72
3163,99.72
3163,99.72
3163,99.74
3163,99.74
3163,99.74
3163,99.74
3163,99.76
3163,99.76
3164,99.70
3164,99.76
3164,99.76
3164,99.76
3164,99.76
3164,99.76
3164,99.76
3165,99.76
3165,99.76
3165,99.76
3165,99.76
3165,99.76
3165,99.76
3165,99.76
3165,99.76
3165,99.76
3165,99.76
3165,99.76
3165,99.76
3166,99.73
3166,99.73
3166,99.73
3166,99.73
3166,99.73
3166,99.75
3166,99.75
3166,99.75
3166,99.75
3166,99.75
3166,99.75
3167,99.63
3167,99.63
3167,99.64
3168,99.72
3168,99.72
3168,99.72
3168,99.72
3168,99.72
3168,99.72
3169,99.76
3169,99.76
3169,99.76
3169,99.76
3169,99.76
3169,99.76
3171,99.76
3171,99.76
3171,99.76
3171,99.76
3171,99.76
3171,99.76
3172,99.73
3172,99.76
3172,99.76
3172,99.76
3172,99.76
3172,99.76
3172,99.76
3173,99.76
3173,99.76
3173,99.76
3173,99.76
3173,99.76
3173,99.76
3173,99.76
3173,99.76
3173,99.76
3173,99.76
3173,99.76
3173,99.76
3175,99.75
3175,99.75
3175,99.75
3175,99.75
3175,99.75
3175,99.76
3175,99.76
3175,99.76
3175,99.76
3175,99.76
3176,99.75
3176,99.75
3176,99.75
3176,99.75
3177,99.76
3177,99.76
3177,99.76
3177,99.76
3177,99.76
3177,99.76
3178,99.76
3179,99.43
3179,99.69
3181,99.69
3181,99.69
3181,99.69
3181,99.70
3181,99.71
3181,99.71
3181,99.71
3181,99.71
3181,99.71
3181,99.74
3181,99.75
3181,99.76
3181,99.76
3181,99.76
3181,99.76
3181,99.76
3181,99.76
3182,99.70
3182,99.70
3182,99.70
3182,99.70
3182,99.70
3182,99.70
3182,99.76
3182,99.76
3182,99.76
3182,99.76
3182,99.76
3182,99.76
3183,99.76
3183,99.76
3183,99.76
3183,99.76
3183,99.76
3183,99.76
3185,99.76
3185,99.76
3185,99.76
3185,99.76
3185,99.76
3185,99.76
3185,99.76
3185,99.76
3185,99.76
3185,99.76
3185,99.76
3185,99.76
3185,99.76
3185,99.76
3185,99.76
3185,99.76
3185,99.76
3187,99.44
3187,99.44
3187,99.44
3187,99.45
3187,99.46
3187,99.76
3187,99.76
3187,99.76
3187,99.76
3187,99.76
3187,99.76
3188,99.74
3188,99.76
3188,99.76
3188,99.76
3188,99.76
3188,99.76
3188,99.76
3188,99.76
3189,99.71
3189,99.71
3189,99.71
3189,99.71
3189,99.71
3189,99.72
3189,99.76
3191,99.68
3191,99.68
3191,99.68
3192,99.76
3192,99.76
3192,99.76
3192,99.76
3192,99.76
3193,99.74
3193,99.76
3193,99.76
3193,99.76
3193,99.76
3193,99.76
3193,99.76
3194,99.65
3194,99.65
3194,99.65
3196,99.75
3196,99.75
3196,99.75
3196,99.75
3196,99.75
3196,99.75
3196,99.75
3196,99.75
3196,99.75
3197,99.74
3197,99.74
3197,99.74
3198,99.57
3198,99.58
3198,99.58
3198,99.58
3198,99.58
3198,99.58
3200,99.72
3200,99.76
3200,99.76
3200,99.76
3200,99.76
3200,99.76
3200,99.76
3203,99.52
3203,99.52
3203,99.52
3203,99.52
3203,99.52
3203,99.56
3203,99.76
3204,99.62
3205,99.76
3205,99.76
3205,99.76
3205,99.76
3205,99.76
3205,99.76
3207,99.68
3207,99.68
3207,99.68
3207,99.68
3207,99.68
3207,99.72
3207,99.72
3207,99.72
3207,99.72
3207,99.72
3207,99.72
3207,99.75
3208,99.71
3208,99.75
3208,99.75
3208,99.75
3208,99.75
3208,99.75
3210,99.63
3210,99.63
3210,99.63
3210,99.63
3210,99.67
3210,99.68
3210,99.75
3210,99.75
3210,99.75
3210,99.75
3210,99.76
3210,99.76
3210,99.76
3210,99.76
3210,99.76
3210,99.76
3211,99.76
3211,99.76
3211,99.76
3211,99.76
3211,99.76
3211,99.76
3211,99.76
3211,99.76
3211,99.76
3211,99.76
3211,99.76
3211,99.76
3211,99.76
3212,99.76
3212,99.76
3212,99.76
3212,99.76
3212,99.76
3212,99.76
3212,99.76
3213,99.72
3213,99.76
3213,99.76
3213,99.76
3213,99.76
3213,99.76
3213,99.76
3213,99.76
3213,99.76
3214,99.70
3214,99.70
3214,99.70
3214,99.70
3214,99.70
3214,99.73
3214,99.76
3214,99.76
3214,99.76
3215,99.74
3215,99.74
3215,99.74
3215,99.76
3216,99.76
3216,99.76
3216,99.76
3216,99.76
3216,99.76
3216,99.76
3217,99.76
3217,99.76
3217,99.76
3217,99.76
3217,99.76
3217,99.76
3219,99.69
3219,99.69
3219,99.69
3219,99.69
3219,99.69
3219,99.69
3219,99.74
3219,99.75
3220,99.75
3220,99.75
3220,99.75
3220,99.75
3220,99.75
3220,99.76
3220,99.76
3220,99.76
3220,99.76
3220,99.76
3220,99.76
3222,99.70
3222,99.70
3222,99.71
3222,99.71
3222,99.71
3224,99.71
3224,99.71
3224,99.71
3224,99.71
3224,99.71
3224,99.74
3224,99.74
3224,99.74
3224,99.74
3224,99.74
3225,99.75
3225,99.75
3227,99.47
3227,99.47
3227,99.47
3227,99.47
3227,99.47
3227,99.49
3228,99.73
3228,99.73
3228,99.74
3228,99.75
3228,99.75
3228,99.75
3228,99.75
3228,99.75
3228,99.75
3228,99.75
3229,99.55
3229,99.55
3229,99.55
3229,99.55
3229,99.58
3229,99.64
3229,99.64
3229,99.64
3229,99.64
3229,99.64
3229,99.64
3229,99.65
3229,99.72
3229,99.72
3229,99.72
3229,99.72
3229,99.72
3229,99.73
3229,99.75
3229,99.75
3229,99.75
3229,99.75
3229,99.75
3229,99.75
3229,99.75
3229,99.75
3229,99.75
3230,99.72
3230,99.72
3230,99.72
3230,99.72
3230,99.72
3230,99.73
3230,99.75
3230,99.75
3230,99.75
3230,99.75
3230,99.75
3230,99.75
3230,99.75
3230,99.75
3230,99.75
3230,99.75
3230,99.75
3230,99.75
3234,99.75
3234,99.75
3234,99.75
3234,99.75
3234,99.75
3234,99.75
3234,99.75
3234,99.75
3234,99.75
3234,99.75
3235,99.71
3236,99.75
3237,99.74
3237,99.74
3238,99.64
3238,99.64
3238,99.64
3238,99.64
3238,99.65
3238,99.75
3238,99.75
3238,99.75
3238,99.75
3238,99.75
3238,99.75
3239,99.57
3239,99.63
3240,99.75
3240,99.75
3240,99.75
3240,99.75
3240,99.75
3240,99.75
3241,99.72
3241,99.72
3241,99.72
3241,99.72
3241,99.72
3241,99.72
3242,99.72
3242,99.72
3242,99.72
3242,99.72
3242,99.72
3243,99.65
3243,99.70
3243,99.72
3243,99.72
3243,99.72
3243,99.72
3243,99.72
3245,99.74
3245,99.74
3245,99.74
3245,99.74
3245,99.74
3245,99.75
3246,99.71
3246,99.75
3246,99.75
3246,99.75
3246,99.75
3246,99.75
3246,99.75
3249,99.75
3249,99.75
3249,99.75
3249,99.75
3249,99.75
3249,99.75
3252,99.43
3252,99.43
3252,99.43
3252,99.43
3252,99.43
3252,99.43
3252,99.75
3252,99.75
3252,99.75
3252,99.75
3252,99.75
3254,99.74
3255,99.74
3255,99.74
3255,99.74
3255,99.74
3255,99.74
3255,99.74
3255,99.75
3255,99.75
3255,99.75
3255,99.75
3255,99.75
3255,99.75
3255,99.75
3255,99.75
3256,99.75
3256,99.75
3256,99.75
3256,99.75
3256,99.75
3256,99.75
3257,99.72
3257,99.72
3257,99.72
3257,99.72
3257,99.72
3257,99.75
3257,99.75
3257,99.75
3257,99.75
3257,99.75
3257,99.75
3257,99.75
3257,99.75
3257,99.75
3257,99.75
3258,99.72
3258,99.72
3258,99.72
3258,99.72
3258,99.72
3258,99.74
3258,99.75
3259,99.50
3259,99.50
3259,99.57
3259,99.57
3259,99.57
3259,99.75
3259,99.75
3259,99.75
3259,99.75
3259,99.75
3259,99.75
3261,99.75
3261,99.75
3261,99.75
3261,99.75
3262,99.73
3263,99.75
3263,99.75
3263,99.75
3263,99.75
3263,99.75
3263,99.75
3264,99.71
3264,99.75
3264,99.75
3264,99.75
3264,99.75
3264,99.75
3264,99.75
3265,99.75
3267,99.73
3267,99.73
3268,99.24
3268,99.24
3268,99.27
3268,99.27
3268,99.27
3268,99.27
3269,99.70
3269,99.70
3269,99.70
3269,99.70
3269,99.70
3269,99.70
3269,99.70
3269,99.70
3269,99.70
3269,99.70
3271,99.72
3271,99.72
3271,99.72
3271,99.72
3271,99.72
3271,99.74
3271,99.75
3271,99.75
3271,99.75
3271,99.75
3271,99.75
3271,99.75
3274,99.71
3275,99.73
3275,99.73
3275,99.73
3275,99.73
3275,99.73
3275,99.73
3275,99.75
3275,99.75
3275,99.75
3275,99.75
3275,99.75
3275,99.75
3276,99.75
3276,99.75
3276,99.75
3276,99.75
3276,99.75
3276,99.75
3277,99.72
3277,99.72
3277,99.72
3277,99.75
3277,99.75
3278,99.61
3278,99.61
3278,99.61
3278,99.61
3278,99.61
3278,99.62
3278,99.75
3278,99.75
3278,99.75
3278,99.75
3279,99.75
3279,99.75
3279,99.75
3280,99.73
3280,99.73
3280,99.74
3280,99.75
3280,99.75
3281,99.66
3281,99.66
3281,99.67
3281,99.67
3281,99.67
3281,99.68
3281,99.68
3281,99.68
3281,99.68
3281,99.68
3281,99.68
3281,99.74
3281,99.74
3281,99.74
3281,99.74
3281,99.74
3281,99.74
3282,99.71
3282,99.75
3282,99.75
3282,99.75
3282,99.75
3282,99.75
3282,99.75
3282,99.75
3282,99.75
3282,99.75
3282,99.75
3282,99.75
3283,99.65
3283,99.65
3283,99.65
3283,99.65
3283,99.65
3285,99.75
3286,99.66
3286,99.66
3286,99.66
3286,99.66
3286,99.66
3286,99.72
3286,99.72
3286,99.75
3286,99.75
3286,99.75
3286,99.75
3286,99.75
3286,99.75
3287,99.64
3287,99.64
3287,99.64
3287,99.64
3287,99.64
3287,99.67
3288,99.30
3288,99.72
3290,99.72
3290,99.72
3290,99.72
3290,99.72
3290,99.72
3291,99.75
3292,99.75
3292,99.75
3292,99.75
3292,99.75
3292,99.75
3293,99.63
3293,99.75
3294,99.75
3295,99.73
3295,99.73
3295,99.73
3295,99.73
3295,99.73
3295,99.73
3296,99.75
3296,99.75
3296,99.75
3296,99.75
3296,99.75
3296,99.75
3298,99.74
3298,99.75
3299,99.67
3299,99.67
3300,99.62
3301,99.71
3301,99.71
3301,99.71
3301,99.71
3301,99.71
3301,99.75
3301,99.75
3301,99.75
3301,99.75
3301,99.75
3301,99.75
3301,99.75
3301,99.75
3301,99.75
3301,99.75
3301,99.75
3302,99.72
3302,99.72
3302,99.72
3302,99.72
3302,99.72
3302,99.75
3303,99.70
3303,99.70
3303,99.70
3303,99.70
3303,99.70
3303,99.72
3305,99.66
3305,99.66
3305,99.66
3305,99.66
3305,99.66
3305,99.74
3305,99.74
3305,99.74
3305,99.74
3305,99.74
3305,99.74
3305,99.74
3305,99.75
3305,99.75
3305,99.75
3305,99.75
3305,99.75
3306,99.75
3306,99.75
3306,99.75
3306,99.75
3306,99.75
3310,99.71
3310,99.71
3310,99.71
3310,99.71
3310,99.72
3310,99.75
3310,99.75
3310,99.75
3310,99.75
3310,99.75
3310,99.75
3311,99.75
3311,99.75
3311,99.75
3311,99.75
3311,99.75
3312,99.53
3312,99.53
3312,99.54
3312,99.55
3312,99.57
3312,99.62
3312,99.68
3312,99.68
3312,99.68
3312,99.69
3312,99.69
3312,99.69
3312,99.73
3312,99.73
3312,99.73
3313,99.67
3313,99.75
3313,99.75
3313,99.75
3313,99.75
3313,99.75
3318,99.44
3318,99.70
3319,99.75
3320,99.75
3320,99.75
3320,99.75
3320,99.75
3320,99.75
3320,99.75
3320,99.75
3320,99.75
3320,99.75
3320,99.75
3322,99.75
3322,99.75
3322,99.75
3322,99.75
3322,99.75
3324,99.64
3325,99.64
3325,99.64
3325,99.64
3325,99.64
3325,99.64
3325,99.69
3325,99.73
3326,99.70
3326,99.70
3326,99.70
3326,99.70
3326,99.70
3326,99.75
3326,99.75
3326,99.75
3326,99.75
3326,99.75
3328,99.74
3329,99.74
3329,99.74
3329,99.74
3329,99.74
3329,99.74
3329,99.75
3330,99.69
3330,99.69
3330,99.69
3330,99.69
3330,99.71
3330,99.71
3330,99.71
3330,99.71
3330,99.71
3331,99.75
3331,99.75
3331,99.75
3331,99.75
3331,99.75
3331,99.75
3331,99.75
3332,99.66
3332,99.66
3332,99.67
3332,99.67
3332,99.67
3332,99.67
3332,99.68
3332,99.68
3332,99.68
3332,99.68
3332,99.68
3332,99.70
3332,99.75
3332,99.75
3332,99.75
3332,99.75
3332,99.75
3332,99.75
3333,99.69
3335,99.75
3335,99.75
3335,99.75
3335,99.75
3335,99.75
3335,99.75
3336,99.73
3336,99.75
3337,99.63
3337,99.63
3337,99.63
3337,99.63
3337,99.63
3338,99.68
3338,99.68
3338,99.68
3338,99.68
3338,99.68
3339,99.68
3340,99.75
3340,99.75
3340,99.75
3340,99.75
3340,99.75
3340,99.75
3341,99.62
3341,99.62
3341,99.62
3341,99.62
3341,99.62
3342,99.72
3342,99.72
3342,99.72
3342,99.72
3342,99.72
3342,99.72
3342,99.75
3343,99.69
3343,99.69
3343,99.72
3343,99.72
3343,99.72
3343,99.72
3343,99.72
3343,99.75
3343,99.75
3343,99.75
3343,99.75
3343,99.75
3343,99.75
3343,99.75
3343,99.75
3343,99.75
3344,99.71
3344,99.71
3344,99.71
3344,99.71
3344,99.75
3344,99.75
3345,99.45
3345,99.45
3345,99.45
3345,99.45
3345,99.46
3345,99.53
3345,99.75
3346,99.72
3346,99.72
3346,99.72
3346,99.72
3346,99.72
3347,99.68
3347,99.68
3347,99.68
3347,99.68
3347,99.68
3348,99.65
3348,99.65
3348,99.65
3348,99.65
3348,99.65
3348,99.69
3348,99.74
3348,99.74
3348,99.74
3348,99.74
3348,99.74
3348,99.74
3349,99.71
3349,99.71
3349,99.71
3349,99.71
3349,99.71
3349,99.74
3349,99.74
3349,99.75
3350,99.73
3351,99.74
3351,99.74
3352,99.67
3352,99.67
3352,99.67
3352,99.67
3352,99.67
3352,99.71
3352,99.71
3352,99.71
3352,99.71
3352,99.71
3352,99.71
3353,99.75
3353,99.75
3353,99.75
3353,99.75
3353,99.75
3353,99.75
3355,99.62
3355,99.62
3355,99.62
3355,99.62
3355,99.62
3355,99.62
3355,99.71
3355,99.71
3356,99.65
3357,99.73
3357,99.73
3357,99.73
3357,99.73
3357,99.73
3357,99.73
3357,99.74
3357,99.74
3357,99.74
3357,99.74
3357,99.74
3357,99.74
3359,99.69
3360,99.74
3360,99.74
3360,99.74
3361,99.71
3361,99.71
3361,99.71
3361,99.71
3361,99.71
3361,99.71
3361,99.74
3362,99.70
3362,99.70
3362,99.70
3362,99.70
3362,99.70
3364,99.66
3364,99.74
3365,99.71
3365,99.71
3365,99.71
3365,99.71
3365,99.71
3365,99.71
3366,99.73
3366,99.73
3366,99.73
3366,99.73
3366,99.73
3366,99.74
3367,99.70
3367,99.70
3367,99.70
3367,99.70
3367,99.70
3367,99.70
3367,99.72
3368,99.72
3368,99.72
3368,99.72
3368,99.73
3368,99.73
3368,99.73
3368,99.74
3368,99.74
3368,99.74
3368,99.74
3368,99.74
3368,99.74
3368,99.74
3368,99.74
3368,99.74
3368,99.74
3370,99.71
3370,99.71
3370,99.71
3370,99.71
3370,99.71
3370,99.71
3370,99.74
3370,99.74
3370,99.74
3370,99.74
3370,99.74
3370,99.74
3371,99.72
3371,99.72
3371,99.72
3371,99.72
3371,99.72
3371,99.73
3371,99.74
3371,99.74
3371,99.74
3371,99.74
3371,99.74
3371,99.74
3371,99.74
3372,99.74
3372,99.74
3372,99.74
3372,99.74
3372,99.74
3372,99.74
3373,99.63
3373,99.63
3373,99.74
3373,99.74
3373,99.74
3373,99.74
3374,99.56
3374,99.56
3374,99.56
3374,99.56
3374,99.57
3374,99.72
3374,99.72
3374,99.72
3374,99.72
3374,99.74
3375,99.63
3375,99.74
3375,99.74
3375,99.74
3375,99.74
3375,99.74
3375,99.74
3377,99.65
3377,99.65
3377,99.65
3377,99.65
3377,99.65
3377,99.66
3378,99.70
3378,99.70
3378,99.70
3378,99.70
3378,99.70
3378,99.70
3378,99.74
3378,99.74
3378,99.74
3378,99.74
3378,99.74
3378,99.74
3378,99.74
3379,99.71
3379,99.74
3379,99.74
3379,99.74
3379,99.74
3379,99.74
3379,99.74
3379,99.74
3380,99.74
3381,99.74
3381,99.74
3382,99.73
3383,99.70
3386,99.74
3387,99.53
3387,99.66
3387,99.70
3387,99.71
3388,99.54
3388,99.54
3388,99.54
3388,99.54
3388,99.54
3388,99.56
3388,99.69
3388,99.69
3388,99.73
3388,99.74
3388,99.74
3388,99.74
3388,99.74
3388,99.74
3388,99.74
3389,99.65
3389,99.65
3389,99.65
3389,99.65
3389,99.65
3389,99.65
3389,99.65
3389,99.65
3389,99.65
3389,99.65
3389,99.66
3389,99.67
3389,99.68
3389,99.74
3389,99.74
3389,99.74
3389,99.74
3389,99.74
3389,99.74
3390,99.64
3390,99.73
3390,99.73
3390,99.73
3390,99.73
3390,99.73
3390,99.74
3390,99.74
3390,99.74
3390,99.74
3390,99.74
3390,99.74
3391,99.74
3392,99.74
3392,99.74
3392,99.74
3392,99.74
3392,99.74
3392,99.74
3394,99.70
3394,99.70
3394,99.70
3394,99.70
3394,99.72
3394,99.72
3394,99.72
3394,99.72
3394,99.72
3394,99.72
3394,99.73
3395,99.70
3395,99.71
3395,99.71
3395,99.71
3395,99.71
3395,99.71
3395,99.71
3396,99.68
3396,99.68
3396,99.68
3396,99.68
3396,99.68
3396,99.69
3396,99.69
3397,99.74
3398,99.71
3398,99.74
3398,99.74
3399,99.73
3399,99.74
3399,99.74
3399,99.74
3399,99.74
3399,99.74
3400,99.67
3400,99.67
3400,99.67
3400,99.67
3400,99.67
3400,99.69
3400,99.69
3400,99.69
3400,99.69
3400,99.69
3400,99.69
3400,99.69
3400,99.69
3400,99.69
3400,99.70
3400,99.71
3401,99.71
3401,99.71
3401,99.71
3401,99.71
3401,99.71
3401,99.71
3402,99.72
3402,99.73
3403,99.30
3403,99.30
3403,99.30
3403,99.30
3403,99.32
3403,99.39
3404,99.72
3404,99.72
3404,99.72
3404,99.72
3404,99.72
3404,99.72
3405,99.73
3405,99.73
3405,99.73
3405,99.73
3405,99.73
3405,99.74
3406,99.74
3406,99.74
3407,99.56
3407,99.74
3407,99.74
3407,99.74
3407,99.74
3407,99.74
3407,99.74
3410,99.66
3410,99.66
3410,99.66
3410,99.66
3410,99.66
3410,99.67
3411,99.74
3411,99.74
3411,99.74
3411,99.74
3411,99.74
3411,99.74
3414,99.67
3414,99.67
3414,99.67
3414,99.67
3414,99.67
3414,99.69
3415,99.59
3415,99.59
3415,99.59
3415,99.59
3415,99.59
3415,99.59
3415,99.67
3416,99.50
3416,99.74
3417,99.70
3417,99.70
3417,99.70
3417,99.70
3417,99.70
3417,99.74
3419,99.68
3419,99.68
3419,99.68
3419,99.74
3419,99.74
3419,99.74
3419,99.74
3419,99.74
3419,99.74
3421,99.70
3421,99.70
3421,99.70
3421,99.70
3422,99.71
3422,99.73
3423,99.60
3423,99.60
3423,99.63
3423,99.69
3424,99.72
3424,99.72
3424,99.72
3424,99.72
3424,99.72
3424,99.73
3424,99.73
3424,99.73
3424,99.74
3424,99.74
3424,99.74
3424,99.74
3425,99.74
3425,99.74
3425,99.74
3425,99.74
3425,99.74
3425,99.74
3425,99.74
3427,99.72
3427,99.72
3427,99.72
3427,99.73
3427,99.73
3428,99.65
3428,99.65
3428,99.65
3428,99.65
3428,99.65
3428,99.65
3428,99.71
3428,99.71
3428,99.71
3428,99.71
3428,99.71
3430,99.74
3432,98.61
3432,98.61
3432,98.61
3432,98.63
3432,98.63
3432,98.74
3432,99.74
3432,99.74
3432,99.74
3432,99.74
3432,99.74
3432,99.74
3435,99.69
3435,99.69
3435,99.69
3435,99.69
3435,99.69
3435,99.74
3437,99.68
3437,99.69
3438,99.64
3438,99.64
3438,99.64
3438,99.64
3438,99.64
3438,99.66
3439,99.74
3439,99.74
3439,99.74
3439,99.74
3439,99.74
3440,99.71
3441,99.30
3441,99.30
3441,99.30
3441,99.30
3441,99.30
3441,99.30
3441,99.73
3441,99.73
3441,99.73
3441,99.73
3441,99.73
3442,99.70
3442,99.70
3442,99.70
3442,99.70
3442,99.70
3442,99.71
3442,99.71
3442,99.74
3442,99.74
3442,99.74
3442,99.74
3443,99.67
3443,99.67
3443,99.67
3443,99.71
3444,99.66
3445,99.70
3445,99.70
3445,99.70
3445,99.70
3445,99.70
3446,99.74
3446,99.74
3446,99.74
3446,99.74
3446,99.74
3446,99.74
3446,99.74
3446,99.74
3446,99.74
3446,99.74
3446,99.74
3446,99.74
3448,99.73
3448,99.73
3448,99.74
3449,99.71
3449,99.71
3449,99.71
3449,99.71
3449,99.71
3449,99.71
3449,99.73
3449,99.73
3449,99.73
3449,99.73
3449,99.73
3449,99.73
3449,99.73
3449,99.73
3449,99.73
3449,99.73
3450,99.72
3450,99.72
3450,99.72
3450,99.72
3450,99.72
3450,99.72
3452,99.70
3454,99.38
3454,99.58
3454,99.58
3454,99.58
3454,99.58
3454,99.60
3454,99.63
3454,99.72
3454,99.72
3454,99.72
3454,99.72
3454,99.72
3455,99.74
3456,99.73
3456,99.73
3456,99.73
3456,99.73
3456,99.73
3456,99.73
3456,99.73
3457,99.62
3457,99.73
3457,99.73
3457,99.74
3457,99.74
3457,99.74
3457,99.74
3457,99.74
3457,99.74
3458,99.69
3458,99.74
3458,99.74
3458,99.74
3458,99.74
3458,99.74
3459,99.65
3459,99.65
3459,99.65
3459,99.65
3459,99.74
3459,99.74
3459,99.74
3459,99.74
3459,99.74
3459,99.74
3460,99.74
3461,99.65
3461,99.67
3461,99.67
3461,99.67
3461,99.67
3462,99.66
3462,99.66
3462,99.66
3462,99.66
3462,99.66
3462,99.66
3463,99.74
3463,99.74
3463,99.74
3463,99.74
3463,99.74
3464,99.72
3464,99.72
3464,99.72
3464,99.72
3464,99.72
3464,99.72
3465,99.67
3465,99.67
3465,99.68
3465,99.69
3465,99.69
3465,99.69
3466,99.71
3467,99.68
3467,99.68
3467,99.68
3467,99.68
3467,99.68
3467,99.70
3468,99.57
3468,99.57
3468,99.57
3468,99.57
3468,99.57
3469,99.65
3469,99.65
3469,99.65
3469,99.65
3469,99.65
3469,99.68
3469,99.68
3469,99.68
3469,99.68
3469,99.68
3469,99.70
3470,99.69
3470,99.69
3470,99.69
3470,99.69
3470,99.69
3470,99.69
3471,99.70
3471,99.70
3471,99.70
3471,99.70
3471,99.70
3473,99.71
3474,99.64
3474,99.70
3474,99.74
3474,99.74
3474,99.74
3474,99.74
3474,99.74
3475,99.71
3475,99.71
3475,99.71
3475,99.74
3475,99.74
3475,99.74
3475,99.74
3475,99.74
3477,99.72
3477,99.72
3478,99.64
3478,99.64
3478,99.65
3478,99.65
3478,99.65
3478,99.66
3478,99.66
3478,99.67
3478,99.67
3478,99.67
3478,99.67
3478,99.68
3478,99.68
3478,99.68
3478,99.68
3478,99.74
3478,99.74
3478,99.74
3478,99.74
3478,99.74
3478,99.74
3480,99.74
3480,99.74
3480,99.74
3480,99.74
3480,99.74
3480,99.74
3481,99.60
3481,99.60
3481,99.60
3481,99.60
3481,99.61
3481,99.62
3481,99.73
3481,99.73
3482,99.69
3482,99.69
3482,99.69
3482,99.69
3482,99.69
3482,99.70
3482,99.74
3482,99.74
3482,99.74
3482,99.74
3482,99.74
3482,99.74
3482,99.74
3483,99.72
3483,99.72
3483,99.72
3484,99.68
3484,99.68
3484,99.68
3484,99.68
3484,99.68
3484,99.69
3484,99.69
3484,99.69
3484,99.69
3484,99.69
3484,99.74
3484,99.74
3484,99.74
3484,99.74
3484,99.74
3484,99.74
3484,99.74
3485,99.53
3485,99.53
3485,99.53
3485,99.53
3485,99.53
3485,99.54
3485,99.74
3485,99.74
3485,99.74
3487,99.71
3487,99.71
3487,99.71
3487,99.71
3487,99.71
3488,99.63
3488,99.67
3488,99.73
3489,99.73
3489,99.73
3489,99.73
3489,99.73
3489,99.73
3489,99.73
3489,99.73
3489,99.73
3489,99.73
3489,99.73
3489,99.73
3489,99.73
3490,99.72
3492,99.61
3492,99.61
3492,99.61
3492,99.61
3492,99.61
3492,99.64
3492,99.64
3492,99.64
3492,99.65
3492,99.65
3492,99.65
3492,99.73
3492,99.73
3492,99.73
3492,99.73
3493,99.70
3493,99.71
3493,99.71
3493,99.71
3493,99.71
3493,99.71
3493,99.71
3494,99.69
3495,99.70
3495,99.73
3495,99.73
3495,99.73
3495,99.73
3495,99.73
3495,99.73
3496,99.73
3496,99.73
3496,99.73
3496,99.73
3496,99.73
3496,99.73
3497,99.64
3498,99.68
3499,99.72
3499,99.72
3499,99.72
3499,99.72
3499,99.72
3499,99.73
3499,99.73
3499,99.73
3499,99.73
3499,99.73
3499,99.73
3499,99.73
3499,99.73
3499,99.73
3499,99.73
3499,99.73
3500,99.71
3500,99.71
3500,99.73
3500,99.73
3500,99.73
3502,99.73
3502,99.73
3502,99.73
3502,99.73
3502,99.73
3502,99.73
3503,99.56
3503,99.73
3503,99.73
3503,99.73
3503,99.73
3503,99.73
3503,99.73
3504,99.73
3504,99.73
3504,99.73
3504,99.73
3504,99.73
3504,99.73
3505,99.71
3505,99.71
3505,99.71
3505,99.71
3505,99.71
3505,99.71
3505,99.73
3505,99.73
3509,99.72
3509,99.72
3509,99.72
3509,99.72
3509,99.72
3511,99.73
3511,99.73
3511,99.73
3511,99.73
3511,99.73
3511,99.73
3511,99.73
3513,99.70
3513,99.70
3513,99.70
3513,99.70
3513,99.71
3513,99.71
3513,99.71
3513,99.71
3513,99.71
3513,99.71
3514,99.69
3514,99.69
3514,99.69
3514,99.69
3514,99.69
3514,99.69
3514,99.73
3516,99.57
3516,99.73
3516,99.73
3516,99.73
3516,99.73
3516,99.73
3516,99.73
3517,99.71
3517,99.73
3519,99.66
3519,99.66
3519,99.66
3519,99.66
3519,99.66
3519,99.69
3520,99.73
3520,99.73
3520,99.73
3520,99.73
3520,99.73
3520,99.73
3521,99.67
3521,99.67
3521,99.67
3521,99.67
3521,99.67
3521,99.69
3521,99.72
3522,99.40
3522,99.40
3522,99.40
3522,99.40
3522,99.43
3523,99.71
3523,99.71
3523,99.71
3523,99.71
3523,99.71
3523,99.73
3523,99.73
3523,99.73
3523,99.73
3523,99.73
3523,99.73
3523,99.73
3523,99.73
3523,99.73
3523,99.73
3523,99.73
3523,99.73
3523,99.73
3523,99.73
3523,99.73
3523,99.73
3523,99.73
3524,99.71
3524,99.73
3524,99.73
3524,99.73
3524,99.73
3524,99.73
3524,99.73
3525,99.67
3525,99.73
3525,99.73
3525,99.73
3525,99.73
3525,99.73
3525,99.73
3526,99.71
3526,99.73
3526,99.73
3526,99.73
3526,99.73
3526,99.73
3526,99.73
3527,99.66
3527,99.73
3527,99.73
3527,99.73
3528,99.64
3529,99.64
3529,99.64
3529,99.64
3529,99.64
3529,99.64
3529,99.67
3529,99.67
3529,99.73
3529,99.73
3529,99.73
3529,99.73
3530,99.73
3530,99.73
3531,99.69
3531,99.69
3531,99.72
3531,99.72
3531,99.72
3531,99.72
3531,99.72
3531,99.73
3531,99.73
3531,99.73
3531,99.73
3531,99.73
3531,99.73
3532,99.73
3532,99.73
3532,99.73
3532,99.73
3532,99.73
3534,99.73
3535,99.66
3535,99.66
3535,99.67
3535,99.67
3535,99.67
3535,99.71
3535,99.71
3535,99.71
3535,99.71
3535,99.71
3536,99.65
3536,99.72
3536,99.72
3536,99.72
3536,99.72
3536,99.72
3536,99.73
3537,99.72
3537,99.73
3537,99.73
3537,99.73
3537,99.73
3537,99.73
3537,99.73
3537,99.73
3538,99.73
3538,99.73
3538,99.73
3538,99.73
3540,99.73
3540,99.73
3540,99.73
3540,99.73
3540,99.73
3541,99.72
3541,99.72
3541,99.72
3542,99.73
3542,99.73
3542,99.73
3542,99.73
3542,99.73
3542,99.73
3542,99.73
3542,99.73
3542,99.73
3542,99.73
3542,99.73
3543,99.71
3544,99.72
3544,99.72
3544,99.72
3544,99.72
3544,99.72
3544,99.73
3544,99.73
3544,99.73
3544,99.73
3544,99.73
3544,99.73
3545,99.73
3545,99.73
3545,99.73
3545,99.73
3545,99.73
3546,99.73
3546,99.73
3546,99.73
3546,99.73
3546,99.73
3547,99.66
3547,99.66
3547,99.66
3547,99.66
3547,99.66
3547,99.67
3547,99.67
3547,99.67
3550,99.73
3551,99.57
3551,99.57
3551,99.57
3551,99.57
3551,99.57
3551,99.70
3552,99.72
3553,99.71
3554,99.65
3554,99.65
3554,99.65
3554,99.65
3554,99.66
3556,99.69
3556,99.70
3556,99.70
3557,99.67
3557,99.67
3557,99.67
3557,99.67
3557,99.67
3557,99.68
3558,99.73
3558,99.73
3558,99.73
3558,99.73
3558,99.73
3558,99.73
3559,99.50
3559,99.50
3559,99.50
3559,99.50
3559,99.50
3559,99.50
3559,99.73
3559,99.73
3559,99.73
3559,99.73
3559,99.73
3559,99.73
3561,99.73
3561,99.73
3563,99.32
3563,99.32
3563,99.32
3563,99.32
3563,99.32
3563,99.32
3563,99.68
3564,99.70
3564,99.73
3564,99.73
3564,99.73
3564,99.73
3564,99.73
3564,99.73
3566,99.62
3566,99.62
3566,99.62
3566,99.62
3566,99.62
3566,99.69
3566,99.69
3566,99.69
3566,99.70
3566,99.70
3566,99.70
3566,99.70
3566,99.70
3567,99.66
3570,99.59
3570,99.59
3570,99.59
3570,99.59
3570,99.59
3570,99.60
3572,99.68
3572,99.73
3572,99.73
3572,99.73
3572,99.73
3572,99.73
3572,99.73
3573,99.70
3574,99.72
3574,99.73
3574,99.73
3574,99.73
3574,99.73
3574,99.73
3575,99.73
3575,99.73
3575,99.73
3575,99.73
3575,99.73
3575,99.73
3576,99.73
3576,99.73
3576,99.73
3576,99.73
3576,99.73
3576,99.73
3579,99.36
3579,99.36
3579,99.36
3579,99.45
3579,99.45
3579,99.45
3579,99.73
3579,99.73
3579,99.73
3579,99.73
3579,99.73
3579,99.73
3580,99.73
3580,99.73
3580,99.73
3580,99.73
3580,99.73
3580,99.73
3581,99.67
3581,99.73
3582,99.73
3582,99.73
3582,99.73
3582,99.73
3582,99.73
3582,99.73
3584,99.67
3584,99.67
3584,99.67
3584,99.67
3584,99.67
3584,99.68
3584,99.73
3584,99.73
3584,99.73
3584,99.73
3584,99.73
3584,99.73
3586,99.73
3586,99.73
3586,99.73
3586,99.73
3586,99.73
3586,99.73
3587,99.73
3587,99.73
3587,99.73
3587,99.73
3587,99.73
3587,99.73
3587,99.73
3587,99.73
3587,99.73
3587,99.73
3587,99.73
3588,99.10
3588,99.10
3588,99.10
3588,99.10
3588,99.11
3588,99.15
3588,99.47
3588,99.47
3588,99.47
3588,99.47
3588,99.47
3588,99.47
3588,99.69
3588,99.69
3588,99.69
3588,99.69
3588,99.69
3589,99.62
3589,99.62
3589,99.62
3589,99.62
3589,99.62
3589,99.62
3590,99.73
3590,99.73
3590,99.73
3590,99.73
3590,99.73
3590,99.73
3591,99.46
3594,99.68
3594,99.68
3594,99.68
3594,99.68
3594,99.68
3594,99.68
3594,99.73
3594,99.73
3594,99.73
3594,99.73
3594,99.73
3594,99.73
3596,99.70
3596,99.70
3596,99.70
3596,99.70
3596,99.70
3596,99.73
3596,99.73
3596,99.73
3596,99.73
3596,99.73
3596,99.73
3597,99.42
3597,99.42
3597,99.42
3597,99.42
3597,99.42
3597,99.52
3597,99.64
3597,99.64
3597,99.64
3597,99.64
3597,99.64
3597,99.64
3597,99.72
3599,99.63
3599,99.68
3599,99.68
3599,99.68
3599,99.68
3599,99.68
3599,99.69
3600,99.73
3600,99.73
3600,99.73
3600,99.73
3600,99.73
3600,99.73
3600,99.73
3601,99.65
3601,99.71
3601,99.71
3601,99.71
3601,99.71
3601,99.71
3602,99.31
3602,99.31
3602,99.31
3602,99.32
3602,99.32
3602,99.39
3602,99.67
3606,99.67
3606,99.67
3606,99.67
3606,99.72
3606,99.72
3606,99.72
3606,99.72
3606,99.72
3606,99.72
3607,99.73
3607,99.73
3607,99.73
3607,99.73
3607,99.73
3607,99.73
3607,99.73
3607,99.73
3607,99.73
3607,99.73
3607,99.73
3608,99.70
3608,99.73
3608,99.73
3608,99.73
3608,99.73
3608,99.73
3608,99.73
3609,99.69
3609,99.69
3609,99.69
3609,99.69
3609,99.69
3609,99.69
3610,99.62
3610,99.62
3610,99.62
3610,99.62
3610,99.62
3610,99.62
3610,99.65
3610,99.73
3610,99.73
3610,99.73
3610,99.73
3610,99.73
3610,99.73
3611,96.68
3611,97.16
3611,97.46
3611,97.46
3611,98.81
3614,99.73
3616,99.66
3617,99.70
3617,99.71
3617,99.71
3617,99.71
3617,99.71
3617,99.71
3618,99.72
3619,99.58
3619,99.58
3619,99.70
3619,99.72
3619,99.72
3619,99.72
3619,99.72
3621,99.67
3621,99.67
3621,99.67
3621,99.67
3621,99.67
3622,99.72
3623,99.72
3623,99.72
3623,99.72
3623,99.72
3623,99.72
3623,99.72
3623,99.72
3623,99.72
3623,99.72
3623,99.72
3623,99.72
3623,99.72
3624,99.72
3624,99.72
3624,99.72
3624,99.72
3624,99.72
3624,99.72
3625,99.42
3625,99.62
3625,99.63
3625,99.64
3625,99.65
3626,99.67
3626,99.72
3626,99.72
3626,99.72
3626,99.72
3626,99.72
3626,99.72
3627,99.63
3627,99.63
3627,99.63
3627,99.63
3627,99.63
3627,99.64
3627,99.68
3628,99.64
3628,99.64
3628,99.65
3628,99.65
3628,99.65
3629,99.70
3629,99.70
3629,99.70
3629,99.70
3629,99.70
3630,99.45
3630,99.55
3630,99.55
3630,99.55
3630,99.55
3630,99.55
3630,99.55
3630,99.68
3631,99.64
3631,99.64
3631,99.64
3631,99.64
3631,99.64
3631,99.65
3632,99.72
3634,99.72
3635,99.65
3636,99.72
3636,99.72
3636,99.72
3636,99.72
3636,99.72
3636,99.72
3637,99.72
3637,99.72
3638,99.70
3639,99.72
3639,99.72
3639,99.72
3639,99.72
3640,99.72
3640,99.72
3640,99.72
3640,99.72
3640,99.72
3642,99.67
3642,99.67
3642,99.67
3642,99.67
3642,99.67
3642,99.72
3642,99.72
3642,99.72
3642,99.72
3642,99.72
3642,99.72
3642,99.72
3642,99.72
3642,99.72
3642,99.72
3642,99.72
3642,99.72
3643,99.49
3643,99.49
3643,99.49
3643,99.49
3643,99.49
3643,99.54
3643,99.72
3643,99.72
3643,99.72
3643,99.72
3643,99.72
3643,99.72
3644,99.72
3645,99.52
3645,99.52
3645,99.52
3645,99.53
3645,99.53
3645,99.53
3645,99.64
3645,99.64
3645,99.64
3645,99.64
3645,99.64
3645,99.70
3645,99.70
3645,99.72
3645,99.72
3645,99.72
3645,99.72
3645,99.72
3646,99.61
3646,99.61
3646,99.61
3646,99.61
3646,99.61
3646,99.67
3646,99.72
3647,99.72
3647,99.72
3647,99.72
3647,99.72
3647,99.72
3647,99.72
3648,99.64
3648,99.64
3648,99.64
3648,99.64
3648,99.64
3648,99.64
3648,99.69
3648,99.69
3648,99.69
3648,99.69
3649,99.66
3649,99.69
3651,99.62
3651,99.62
3651,99.62
3651,99.70
3652,99.72
3652,99.72
3652,99.72
3652,99.72
3652,99.72
3652,99.72
3654,99.42
3654,99.42
3654,99.42
3654,99.42
3654,99.43
3654,99.43
3654,99.63
3655,99.65
3655,99.66
3655,99.69
3655,99.71
3655,99.72
3655,99.72
3655,99.72
3655,99.72
3655,99.72
3656,99.68
3656,99.68
3656,99.68
3656,99.68
3656,99.68
3656,99.68
3656,99.72
3656,99.72
3656,99.72
3656,99.72
3656,99.72
3656,99.72
3657,99.41
3657,99.41
3657,99.42
3657,99.69
3658,99.64
3658,99.64
3658,99.64
3658,99.64
3658,99.65
3658,99.66
3660,99.30
3660,99.30
3660,99.30
3660,99.31
3660,99.31
3660,99.31
3661,99.31
3661,99.31
3661,99.32
3661,99.32
3661,99.33
3662,99.70
3663,99.68
3665,99.70
3665,99.70
3665,99.70
3665,99.70
3666,99.66
3667,99.71
3668,99.69
3668,99.69
3668,99.69
3668,99.69
3668,99.69
3669,99.54
3669,99.54
3669,99.56
3669,99.60
3669,99.67
3669,99.67
3669,99.67
3669,99.67
3669,99.67
3669,99.72
3669,99.72
3669,99.72
3669,99.72
3669,99.72
3669,99.72
3669,99.72
3669,99.72
3670,99.32
3670,99.68
3670,99.68
3670,99.68
3670,99.68
3670,99.68
3670,99.69
3670,99.69
3670,99.72
3670,99.72
3670,99.72
3670,99.72
3670,99.72
3670,99.72
3671,99.72
3671,99.72
3671,99.72
3671,99.72
3671,99.72
3671,99.72
3673,99.64
3673,99.72
3673,99.72
3673,99.72
3673,99.72
3673,99.72
3673,99.72
3674,99.71
3674,99.71
3674,99.71
3674,99.71
3674,99.71
3674,99.72
3674,99.72
3674,99.72
3674,99.72
3674,99.72
3676,99.65
3676,99.65
3676,99.65
3676,99.65
3676,99.72
3677,99.32
3677,99.32
3677,99.32
3677,99.32
3677,99.32
3677,99.46
3677,99.71
3677,99.71
3677,99.71
3677,99.71
3677,99.71
3678,99.65
3678,99.65
3678,99.65
3678,99.65
3678,99.65
3678,99.72
3678,99.72
3678,99.72
3678,99.72
3678,99.72
3678,99.72
3679,99.61
3679,99.61
3679,99.61
3679,99.61
3679,99.61
3679,99.62
3680,99.57
3680,99.57
3680,99.57
3680,99.57
3680,99.57
3680,99.72
3680,99.72
3680,99.72
3680,99.72
3680,99.72
3680,99.72
3681,99.56
3681,99.56
3681,99.56
3681,99.56
3681,99.56
3681,99.56
3681,99.69
3681,99.69
3681,99.69
3681,99.69
3681,99.69
3682,99.67
3682,99.72
3683,99.67
3683,99.67
3683,99.67
3683,99.67
3683,99.67
3684,98.45
3684,98.45
3684,98.45
3684,98.45
3684,98.45
3684,98.45
3685,99.72
3685,99.72
3685,99.72
3685,99.72
3685,99.72
3685,99.72
3686,99.70
3686,99.71
3686,99.72
3686,99.72
3686,99.72
3686,99.72
3686,99.72
3687,99.69
3687,99.71
3687,99.71
3687,99.71
3687,99.71
3687,99.71
3687,99.72
3688,99.70
3688,99.72
3688,99.72
3688,99.72
3688,99.72
3688,99.72
3688,99.72
3688,99.72
3688,99.72
3688,99.72
3688,99.72
3688,99.72
3688,99.72
3688,99.72
3689,99.72
3689,99.72
3689,99.72
3689,99.72
3689,99.72
3689,99.72
3690,99.72
3690,99.72
3690,99.72
3690,99.72
3690,99.72
3691,99.57
3692,99.63
3692,99.63
3692,99.68
3692,99.68
3692,99.68
3692,99.69
3693,99.72
3695,99.37
3695,99.71
3695,99.71
3695,99.71
3695,99.71
3695,99.71
3695,99.71
3696,99.68
3696,99.72
3696,99.72
3696,99.72
3696,99.72
3696,99.72
3696,99.72
3697,99.58
3697,99.58
3697,99.58
3697,99.58
3697,99.58
3698,99.72
3698,99.72
3698,99.72
3698,99.72
3698,99.72
3698,99.72
3699,99.66
3699,99.66
3699,99.66
3699,99.66
3699,99.66
3699,99.67
3699,99.72
3699,99.72
3699,99.72
3699,99.72
3699,99.72
3699,99.72
3700,99.70
3700,99.70
3700,99.70
3700,99.70
3700,99.70
3701,99.72
3702,99.72
3703,99.72
3704,99.58
3704,99.67
3705,99.72
3705,99.72
3705,99.72
3705,99.72
3706,99.66
3706,99.66
3706,99.66
3706,99.66
3706,99.66
3706,99.72
3706,99.72
3707,99.72
3707,99.72
3707,99.72
3708,99.66
3708,99.66
3708,99.67
3708,99.67
3708,99.68
3708,99.68
3709,99.72
3709,99.72
3709,99.72
3709,99.72
3710,99.71
3710,99.72
3710,99.72
3710,99.72
3710,99.72
3710,99.72
3712,99.62
3712,99.62
3712,99.62
3712,99.63
3712,99.66
3712,99.72
3712,99.72
3712,99.72
3712,99.72
3712,99.72
3712,99.72
3713,99.72
3713,99.72
3713,99.72
3713,99.72
3713,99.72
3713,99.72
3714,99.61
3714,99.61
3714,99.62
3714,99.62
3714,99.64
3715,99.71
3715,99.72
3715,99.72
3715,99.72
3715,99.72
3715,99.72
3716,99.72
3717,99.70
3717,99.70
3717,99.70
3717,99.70
3717,99.72
3718,99.65
3718,99.65
3718,99.65
3718,99.65
3718,99.65
3718,99.65
3718,99.67
3718,99.72
3718,99.72
3718,99.72
3718,99.72
3718,99.72
3718,99.72
3719,99.59
3719,99.59
3719,99.59
3719,99.59
3719,99.59
3719,99.59
3720,99.25
3720,99.70
3720,99.70
3720,99.70
3720,99.70
3720,99.70
3721,99.72
3721,99.72
3721,99.72
3721,99.72
3721,99.72
3721,99.72
3723,99.72
3723,99.72
3723,99.72
3723,99.72
3723,99.72
3723,99.72
3723,99.72
3723,99.72
3723,99.72
3723,99.72
3723,99.72
3724,99.27
3724,99.27
3724,99.27
3724,99.27
3724,99.27
3726,99.41
3729,99.71
3729,99.71
3729,99.71
3729,99.71
3729,99.71
3729,99.71
3731,99.70
3733,99.20
3733,99.20
3733,99.20
3733,99.24
3733,99.26
3733,99.30
3734,99.70
3736,99.68
3736,99.68
3736,99.68
3736,99.68
3736,99.68
3738,99.66
3738,99.72
3738,99.72
3738,99.72
3738,99.72
3738,99.72
3738,99.72
3739,99.63
3739,99.63
3739,99.63
3739,99.63
3739,99.63
3739,99.68
3739,99.72
3739,99.72
3739,99.72
3739,99.72
3739,99.72
3739,99.72
3740,99.65
3740,99.65
3740,99.65
3740,99.65
3740,99.65
3740,99.66
3740,99.66
3741,99.65
3741,99.67
3742,99.44
3742,99.63
3742,99.63
3742,99.63
3742,99.63
3742,99.70
3742,99.70
3742,99.70
3742,99.70
3742,99.70
3742,99.70
3742,99.72
3743,99.69
3743,99.71
3743,99.71
3743,99.71
3743,99.71
3743,99.71
3744,99.65
3744,99.65
3744,99.65
3744,99.65
3744,99.65
3744,99.65
3745,99.68
3745,99.69
3745,99.69
3745,99.70
3747,99.64
3747,99.64
3747,99.64
3747,99.64
3747,99.64
3747,99.65
3747,99.65
3747,99.65
3747,99.65
3747,99.66
3747,99.66
3747,99.66
3747,99.72
3748,99.72
3748,99.72
3748,99.72
3748,99.72
3748,99.72
3749,99.65
3749,99.65
3749,99.65
3749,99.65
3749,99.65
3749,99.70
3749,99.70
3749,99.70
3749,99.70
3749,99.71
3753,99.71
3754,99.65
3754,99.65
3757,99.63
3757,99.63
3757,99.63
3757,99.63
3757,99.63
3757,99.71
3757,99.71
3757,99.71
3757,99.71
3757,99.71
3758,99.71
3758,99.71
3758,99.71
3758,99.71
3758,99.71
3758,99.71
3759,99.61
3759,99.61
3759,99.61
3759,99.64
3759,99.64
3759,99.65
3759,99.66
3759,99.66
3759,99.66
3759,99.66
3759,99.66
3759,99.67
3759,99.71
3759,99.71
3759,99.71
3759,99.71
3759,99.71
3759,99.71
3760,99.57
3760,99.57
3760,99.57
3760,99.61
3760,99.61
3761,99.66
3761,99.66
3761,99.66
3761,99.66
3761,99.66
3761,99.66
3763,99.70
3764,99.71
3764,99.71
3764,99.71
3764,99.71
3764,99.71
3764,99.71
3765,99.45
3765,99.63
3766,99.63
3766,99.63
3766,99.63
3766,99.63
3766,99.63
3766,99.63
3766,99.71
3766,99.71
3766,99.71
3766,99.71
3766,99.71
3766,99.71
3766,99.71
3766,99.71
3766,99.71
3766,99.71
3766,99.71
3766,99.71
3767,99.51
3768,99.66
3768,99.66
3768,99.66
3768,99.66
3768,99.66
3768,99.68
3768,99.71
3768,99.71
3768,99.71
3768,99.71
3768,99.71
3768,99.71
3769,99.63
3769,99.63
3769,99.64
3769,99.64
3770,99.67
3770,99.67
3770,99.71
3770,99.71
3770,99.71
3770,99.71
3770,99.71
3770,99.71
3770,99.71
3770,99.71
3770,99.71
3770,99.71
3770,99.71
3770,99.71
3771,99.62
3771,99.62
3771,99.62
3771,99.62
3771,99.62
3772,99.63
3772,99.63
3772,99.67
3772,99.67
3772,99.67
3772,99.67
3772,99.67
3773,99.63
3773,99.66
3773,99.66
3773,99.66
3773,99.67
3773,99.69
3773,99.69
3773,99.69
3773,99.69
3773,99.70
3775,99.66
3775,99.70
3775,99.71
3775,99.71
3775,99.71
3775,99.71
3775,99.71
3775,99.71
3776,99.71
3776,99.71
3776,99.71
3776,99.71
3776,99.71
3777,99.38
3778,99.69
3778,99.69
3778,99.69
3778,99.69
3778,99.69
3778,99.71
3778,99.71
3778,99.71
3778,99.71
3778,99.71
3778,99.71
3778,99.71
3778,99.71
3778,99.71
3778,99.71
3778,99.71
3778,99.71
3778,99.71
3780,99.71
3780,99.71
3780,99.71
3780,99.71
3780,99.71
3780,99.71
3780,99.71
3780,99.71
3780,99.71
3780,99.71
3780,99.71
3782,99.66
3782,99.66
3782,99.71
3782,99.71
3782,99.71
3782,99.71
3782,99.71
3782,99.71
3785,99.62
3785,99.62
3785,99.62
3785,99.62
3785,99.62
3785,99.71
3785,99.71
3785,99.71
3785,99.71
3785,99.71
3785,99.71
3787,99.67
3787,99.67
3787,99.67
3787,99.67
3787,99.67
3787,99.67
3789,99.71
3789,99.71
3789,99.71
3789,99.71
3789,99.71
3789,99.71
3790,99.67
3790,99.67
3790,99.67
3790,99.69
3792,99.71
3792,99.71
3792,99.71
3792,99.71
3792,99.71
3792,99.71
3793,99.63
3793,99.63
3793,99.63
3793,99.63
3793,99.63
3793,99.65
3793,99.71
3793,99.71
3793,99.71
3793,99.71
3793,99.71
3794,99.71
3795,99.33
3795,99.69
3795,99.71
3795,99.71
3796,99.60
3796,99.60
3796,99.60
3796,99.65
3796,99.65
3796,99.65
3796,99.65
3796,99.66
3796,99.66
3796,99.71
3796,99.71
3796,99.71
3796,99.71
3796,99.71
3796,99.71
3797,99.66
3797,99.66
3798,99.62
3799,99.71
3799,99.71
3799,99.71
3799,99.71
3799,99.71
3799,99.71
3803,99.71
3803,99.71
3803,99.71
3803,99.71
3803,99.71
3803,99.71
3803,99.71
3803,99.71
3803,99.71
3803,99.71
3805,99.48
3805,99.48
3805,99.50
3805,99.50
3805,99.50
3805,99.54
3805,99.54
3805,99.54
3805,99.54
3805,99.54
3805,99.62
3806,99.71
3806,99.71
3806,99.71
3806,99.71
3806,99.71
3806,99.71
3807,99.66
3807,99.66
3807,99.70
3807,99.70
3807,99.70
3807,99.70
3807,99.70
3807,99.71
3808,99.66
3808,99.71
3808,99.71
3808,99.71
3808,99.71
3808,99.71
3809,99.71
3809,99.71
3809,99.71
3809,99.71
3809,99.71
3809,99.71
3810,99.68
3810,99.68
3810,99.68
3810,99.68
3810,99.68
3810,99.71
3810,99.71
3810,99.71
3810,99.71
3810,99.71
3810,99.71
3811,99.62
3811,99.62
3811,99.62
3811,99.62
3811,99.62
3811,99.65
3812,99.53
3812,99.71
3812,99.71
3812,99.71
3812,99.71
3812,99.71
3814,99.61
3814,99.61
3814,99.61
3814,99.61
3814,99.61
3814,99.68
3815,99.67
3816,99.67
3816,99.67
3816,99.67
3816,99.67
3816,99.68
3817,99.24
3817,99.24
3817,99.24
3817,99.24
3817,99.24
3817,99.26
3817,99.71
3817,99.71
3817,99.71
3817,99.71
3817,99.71
3817,99.71
3817,99.71
3818,99.66
3819,99.69
3819,99.69
3819,99.69
3819,99.69
3819,99.69
3819,99.69
3820,99.49
3820,99.49
3820,99.49
3820,99.49
3820,99.49
3820,99.49
3820,99.67
3820,99.67
3820,99.67
3820,99.67
3820,99.67
3823,99.69
3823,99.69
3823,99.69
3824,99.64
3824,99.64
3824,99.64
3824,99.64
3824,99.64
3824,99.64
3824,99.64
3824,99.64
3824,99.64
3824,99.65
3824,99.67
3824,99.71
3824,99.71
3824,99.71
3824,99.71
3824,99.71
3824,99.71
3825,99.67
3825,99.67
3825,99.67
3825,99.67
3825,99.67
3825,99.67
3825,99.70
3825,99.70
3825,99.70
3825,99.70
3825,99.70
3825,99.70
3826,99.71
3826,99.71
3826,99.71
3826,99.71
3826,99.71
3826,99.71
3827,99.16
3827,99.16
3827,99.16
3827,99.16
3827,99.16
3827,99.20
3827,99.61
3827,99.61
3827,99.61
3827,99.61
3827,99.61
3827,99.63
3827,99.71
3827,99.71
3827,99.71
3827,99.71
3827,99.71
3827,99.71
3828,99.64
3828,99.70
3828,99.71
3828,99.71
3828,99.71
3828,99.71
3828,99.71
3828,99.71
3829,99.61
3829,99.61
3829,99.61
3829,99.61
3829,99.61
3829,99.66
3829,99.66
3829,99.66
3829,99.66
3829,99.66
3829,99.71
3830,99.68
3831,99.56
3831,99.56
3831,99.56
3831,99.56
3831,99.56
3832,99.71
3833,99.66
3833,99.66
3833,99.66
3833,99.66
3833,99.66
3835,99.71
3835,99.71
3835,99.71
3835,99.71
3835,99.71
3835,99.71
3837,99.71
3837,99.71
3837,99.71
3837,99.71
3837,99.71
3837,99.71
3838,99.71
3838,99.71
3838,99.71
3838,99.71
3838,99.71
3839,99.68
3839,99.68
3839,99.68
3839,99.68
3839,99.68
3841,99.68
3843,99.66
3843,99.66
3843,99.66
3843,99.66
3843,99.66
3843,99.66
3844,99.60
3844,99.60
3844,99.60
3844,99.61
3845,99.71
3846,99.70
3846,99.70
3846,99.70
3846,99.70
3846,99.70
3846,99.70
3846,99.71
3846,99.71
3846,99.71
3846,99.71
3846,99.71
3846,99.71
3847,99.71
3847,99.71
3847,99.71
3847,99.71
3847,99.71
3847,99.71
3847,99.71
3852,99.38
3852,99.38
3852,99.38
3852,99.38
3852,99.38
3852,99.38
3854,99.65
3854,99.65
3854,99.65
3854,99.65
3854,99.65
3855,99.69
3855,99.69
3855,99.69
3855,99.69
3855,99.69
3855,99.69
3855,99.71
3855,99.71
3855,99.71
3855,99.71
3855,99.71
3856,99.58
3856,99.58
3856,99.58
3856,99.58
3856,99.58
3856,99.64
3856,99.70
3856,99.70
3856,99.70
3856,99.70
3856,99.70
3856,99.71
3856,99.71
3856,99.71
3856,99.71
3856,99.71
3857,99.71
3857,99.71
3857,99.71
3857,99.71
3857,99.71
3857,99.71
3858,99.69
3858,99.71
3859,99.71
3859,99.71
3859,99.71
3859,99.71
3859,99.71
3859,99.71
3860,99.67
3860,99.67
3860,99.67
3860,99.67
3860,99.67
3860,99.67
3860,99.69
3860,99.69
3861,99.65
3861,99.65
3862,99.66
3862,99.68
3863,99.62
3863,99.62
3863,99.62
3863,99.62
3863,99.63
3863,99.64
3863,99.66
3863,99.67
3864,99.68
3864,99.68
3864,99.68
3864,99.68
3864,99.71
3864,99.71
3864,99.71
3864,99.71
3864,99.71
3865,99.71
3865,99.71
3865,99.71
3865,99.71
3865,99.71
3865,99.71
3865,99.71
3865,99.71
3865,99.71
3865,99.71
3865,99.71
3866,99.71
3866,99.71
3866,99.71
3866,99.71
3866,99.71
3866,99.71
3866,99.71
3866,99.71
3866,99.71
3866,99.71
3866,99.71
3866,99.71
3867,99.52
3867,99.52
3867,99.52
3867,99.52
3867,99.52
3867,99.52
3868,99.55
3869,99.71
3870,99.66
3871,99.68
3871,99.71
3872,99.62
3872,99.62
3872,99.62
3872,99.62
3872,99.62
3872,99.69
3872,99.71
3872,99.71
3872,99.71
3872,99.71
3872,99.71
3872,99.71
3872,99.71
3873,99.58
3873,99.58
3873,99.58
3873,99.58
3873,99.58
3873,99.58
3873,99.66
3873,99.66
3873,99.66
3873,99.66
3873,99.67
3873,99.67
3873,99.69
3873,99.69
3873,99.69
3873,99.69
3873,99.69
3873,99.70
3874,99.66
3874,99.66
3874,99.66
3874,99.66
3874,99.66
3874,99.71
3874,99.71
3874,99.71
3874,99.71
3874,99.71
3874,99.71
3874,99.71
3874,99.71
3874,99.71
3874,99.71
3874,99.71
3875,99.66
3875,99.66
3875,99.66
3875,99.66
3875,99.71
3875,99.71
3875,99.71
3875,99.71
3876,99.58
3876,99.58
3876,99.58
3876,99.58
3876,99.58
3876,99.60
3876,99.71
3876,99.71
3876,99.71
3876,99.71
3876,99.71
3876,99.71
3877,99.64
3877,99.64
3877,99.64
3877,99.64
3877,99.64
3877,99.68
3877,99.71
3877,99.71
3877,99.71
3877,99.71
3877,99.71
3877,99.71
3878,99.70
3878,99.70
3878,99.70
3878,99.70
3878,99.70
3879,99.71
3879,99.71
3879,99.71
3879,99.71
3879,99.71
3881,99.69
3881,99.70
3881,99.70
3881,99.70
3881,99.70
3881,99.70
3881,99.70
3882,99.70
3882,99.70
3882,99.70
3882,99.70
3882,99.70
3882,99.70
3882,99.70
3883,99.70
3883,99.70
3883,99.70
3883,99.70
3883,99.70
3883,99.70
3884,99.70
3885,99.56
3885,99.70
3885,99.70
3885,99.70
3885,99.70
3885,99.70
3885,99.70
3887,99.68
3887,99.68
3888,99.68
3889,99.65
3889,99.65
3889,99.66
3889,99.66
3889,99.66
3889,99.70
3889,99.70
3889,99.70
3889,99.70
3889,99.70
3890,99.66
3890,99.70
3890,99.70
3890,99.70
3890,99.70
3890,99.70
3890,99.70
3891,99.70
3892,99.69
3893,99.63
3893,99.63
3893,99.63
3893,99.63
3893,99.63
3894,99.70
3894,99.70
3894,99.70
3894,99.70
3894,99.70
3894,99.70
3895,99.58
3896,99.70
3896,99.70
3898,99.30
3898,99.69
3898,99.69
3898,99.69
3898,99.69
3898,99.69
3898,99.70
3898,99.70
3898,99.70
3898,99.70
3898,99.70
3898,99.70
3898,99.70
3898,99.70
3898,99.70
3898,99.70
3898,99.70
3899,99.59
3899,99.59
3899,99.59
3899,99.59
3899,99.61
3900,99.67
3900,99.67
3900,99.68
3900,99.68
3900,99.68
3900,99.68
3900,99.68
3900,99.70
3901,99.63
3901,99.67
3901,99.70
3901,99.70
3901,99.70
3901,99.70
3902,99.70
3902,99.70
3902,99.70
3902,99.70
3902,99.70
3902,99.70
3902,99.70
3903,99.64
3904,99.58
3904,99.62
3904,99.62
3904,99.64
3904,99.64
3904,99.65
3904,99.69
3906,99.70
3906,99.70
3906,99.70
3906,99.70
3906,99.70
3907,99.70
3907,99.70
3908,99.70
3908,99.70
3908,99.70
3909,99.62
3909,99.62
3909,99.62
3909,99.62
3909,99.62
3909,99.69
3909,99.69
3909,99.69
3910,99.63
3910,99.63
3910,99.63
3910,99.63
3910,99.63
3910,99.63
3910,99.65
3910,99.65
3912,99.70
3912,99.70
3912,99.70
3913,99.70
3913,99.70
3913,99.70
3913,99.70
3913,99.70
3913,99.70
3915,98.09
3918,99.70
3918,99.70
3918,99.70
3918,99.70
3918,99.70
3918,99.70
3921,99.68
3921,99.68
3921,99.68
3921,99.68
3921,99.68
3921,99.70
3921,99.70
3921,99.70
3921,99.70
3921,99.70
3921,99.70
3923,99.65
3923,99.65
3923,99.65
3923,99.65
3923,99.66
3926,99.70
3926,99.70
3926,99.70
3926,99.70
3926,99.70
3926,99.70
3927,99.68
3927,99.68
3927,99.68
3927,99.68
3927,99.68
3927,99.68
3928,99.70
3928,99.70
3928,99.70
3928,99.70
3928,99.70
3928,99.70
3928,99.70
3929,99.70
3929,99.70
3929,99.70
3929,99.70
3929,99.70
3929,99.70
3930,99.68
3930,99.68
3930,99.68
3930,99.68
3930,99.68
3930,99.68
3931,99.64
3931,99.64
3931,99.64
3931,99.64
3931,99.64
3931,99.69
3931,99.69
3931,99.69
3931,99.69
3931,99.69
3931,99.69
3932,99.70
3932,99.70
3932,99.70
3932,99.70
3934,99.70
3934,99.70
3934,99.70
3934,99.70
3934,99.70
3934,99.70
3935,99.54
3935,99.54
3935,99.54
3935,99.54
3935,99.54
3935,99.57
3935,99.63
3935,99.63
3935,99.63
3935,99.63
3935,99.63
3935,99.70
3936,99.63
3936,99.70
3936,99.70
3936,99.70
3936,99.70
3936,99.70
3936,99.70
3936,99.70
3937,99.64
3937,99.64
3937,99.64
3937,99.64
3937,99.64
3937,99.65
3937,99.68
3937,99.68
3937,99.68
3937,99.68
3937,99.68
3939,99.58
3939,99.68
3939,99.70
3939,99.70
3939,99.70
3939,99.70
3939,99.70
3939,99.70
3940,99.55
3940,99.55
3940,99.57
3940,99.57
3940,99.57
3940,99.57
3940,99.70
3940,99.70
3940,99.70
3940,99.70
3940,99.70
3940,99.70
3941,99.58
3941,99.58
3941,99.58
3941,99.58
3941,99.58
3941,99.70
3941,99.70
3942,99.66
3942,99.66
3942,99.66
3942,99.66
3942,99.66
3942,99.66
3942,99.67
3942,99.67
3942,99.67
3942,99.67
3942,99.67
3942,99.70
3942,99.70
3942,99.70
3942,99.70
3942,99.70
3943,99.64
3943,99.64
3943,99.64
3943,99.65
3943,99.65
3944,99.69
3944,99.69
3944,99.70
3944,99.70
3944,99.70
3944,99.70
3944,99.70
3945,99.21
3945,99.21
3945,99.21
3945,99.21
3945,99.21
3945,99.26
3945,99.64
3945,99.70
3945,99.70
3945,99.70
3945,99.70
3945,99.70
3945,99.70
3945,99.70
3945,99.70
3945,99.70
3945,99.70
3946,99.61
3946,99.64
3947,99.64
3947,99.64
3947,99.64
3947,99.64
3947,99.64
3949,99.68
3950,99.68
3952,99.70
3953,99.42
3953,99.42
3953,99.42
3953,99.42
3953,99.42
3953,99.47
3954,99.70
3954,99.70
3954,99.70
3954,99.70
3954,99.70
3954,99.70
3955,99.46
3955,99.55
3955,99.55
3955,99.55
3955,99.55
3955,99.55
3955,99.55
3955,99.67
3955,99.67
3955,99.67
3955,99.67
3955,99.67
3955,99.67
3956,99.64
3956,99.65
3956,99.65
3956,99.65
3956,99.65
3956,99.65
3956,99.65
3956,99.70
3957,99.64
3957,99.64
3957,99.64
3957,99.64
3957,99.64
3958,99.68
3958,99.70
3959,99.65
3959,99.65
3959,99.65
3959,99.65
3959,99.65
3959,99.70
3959,99.70
3959,99.70
3959,99.70
3959,99.70
3959,99.70
3960,99.33
3960,99.33
3960,99.33
3960,99.33
3960,99.33
3960,99.41
3960,99.70
3961,99.59
3961,99.70
3961,99.70
3961,99.70
3961,99.70
3961,99.70
3961,99.70
3963,99.54
3963,99.54
3963,99.54
3963,99.54
3963,99.55
3964,99.70
3964,99.70
3965,99.70
3965,99.70
3965,99.70
3965,99.70
3965,99.70
3965,99.70
3965,99.70
3965,99.70
3965,99.70
3965,99.70
3966,99.70
3967,99.66
3967,99.66
3967,99.66
3967,99.66
3967,99.66
3968,99.70
3968,99.70
3968,99.70
3968,99.70
3968,99.70
3969,99.66
3969,99.66
3969,99.66
3969,99.66
3969,99.66
3969,99.67
3971,99.69
3971,99.70
3971,99.70
3971,99.70
3971,99.70
3971,99.70
3971,99.70
3972,99.70
3972,99.70
3972,99.70
3972,99.70
3972,99.70
3972,99.70
3974,99.58
3974,99.58
3974,99.58
3974,99.58
3974,99.58
3974,99.58
3975,99.70
3975,99.70
3975,99.70
3975,99.70
3975,99.70
3975,99.70
3976,99.12
3976,99.12
3976,99.12
3976,99.12
3976,99.12
3976,99.12
3976,99.66
3976,99.66
3976,99.66
3976,99.66
3976,99.66
3976,99.67
3976,99.70
3976,99.70
3976,99.70
3976,99.70
3976,99.70
3976,99.70
3977,99.65
3978,99.70
3979,99.70
3980,99.70
3980,99.70
3980,99.70
3980,99.70
3980,99.70
3980,99.70
3981,99.69
3981,99.69
3981,99.69
3981,99.69
3981,99.69
3981,99.70
3982,99.67
3983,99.66
3983,99.70
3983,99.70
3983,99.70
3983,99.70
3983,99.70
3984,99.69
3984,99.69
3984,99.69
3984,99.69
3984,99.69
3984,99.69
3985,99.66
3985,99.66
3985,99.66
3985,99.66
3985,99.66
3985,99.68
3985,99.68
3985,99.68
3985,99.68
3985,99.68
3985,99.68
3985,99.70
3985,99.70
3985,99.70
3985,99.70
3985,99.70
3985,99.70
3986,99.70
3986,99.70
3986,99.70
3986,99.70
3986,99.70
3986,99.70
3987,99.70
3987,99.70
3987,99.70
3987,99.70
3987,99.70
3987,99.70
3987,99.70
3987,99.70
3987,99.70
3987,99.70
3992,99.66
3993,99.64
3993,99.64
3993,99.64
3993,99.64
3994,99.70
3994,99.70
3994,99.70
3994,99.70
3994,99.70
3996,99.70
3996,99.70
3996,99.70
3996,99.70
3996,99.70
3996,99.70
3997,99.64
3997,99.68
3997,99.69
3997,99.69
3997,99.69
3997,99.69
3997,99.69
3997,99.70
3997,99.70
3997,99.70
3997,99.70
3997,99.70
3999,99.69
3999,99.70
3999,99.70
3999,99.70
3999,99.70
3999,99.70
3999,99.70
3999,99.70
3999,99.70
3999,99.70
3999,99.70
3999,99.70
4000,99.66
4000,99.66
4000,99.66
4000,99.66
4000,99.66
4000,99.70
4000,99.70
4000,99.70
4000,99.70
4000,99.70
4000,99.70
4001,99.70
4001,99.70
4001,99.70
4001,99.70
4001,99.70
4001,99.70
4002,99.62
4002,99.62
4002,99.62
4002,99.62
4002,99.62
4002,99.65
4002,99.68
4002,99.70
4002,99.70
4002,99.70
4002,99.70
4002,99.70
4002,99.70
4003,99.52
4003,99.52
4003,99.52
4003,99.52
4003,99.53
4003,99.61
4004,99.68
4004,99.68
4004,99.68
4004,99.68
4004,99.68
4004,99.69
4005,99.65
4005,99.65
4005,99.66
4005,99.66
4005,99.66
4006,99.34
4006,99.34
4006,99.34
4006,99.35
4006,99.39
4006,99.42
4006,99.70
4006,99.70
4006,99.70
4006,99.70
4006,99.70
4006,99.70
4007,99.60
4010,99.63
4010,99.66
4010,99.69
4010,99.69
4010,99.69
4010,99.69
4010,99.69
4011,99.70
4011,99.70
4011,99.70
4011,99.70
4011,99.70
4011,99.70
4012,99.68
4012,99.68
4012,99.68
4012,99.68
4012,99.68
4013,99.69
4014,99.62
4014,99.67
4014,99.69
4014,99.69
4014,99.69
4014,99.69
4014,99.69
4014,99.69
4014,99.69
4014,99.69
4014,99.69
4014,99.69
4015,99.66
4015,99.66
4015,99.66
4015,99.66
4015,99.66
4016,99.66
4016,99.66
4016,99.66
4016,99.66
4016,99.66
4017,99.65
4017,99.65
4017,99.65
4017,99.65
4017,99.65
4017,99.65
4017,99.66
4018,99.29
4018,99.29
4018,99.29
4018,99.29
4018,99.31
4019,99.69
4019,99.69
4019,99.69
4019,99.69
4019,99.69
4019,99.69
4019,99.69
4021,99.65
4021,99.66
4021,99.66
4021,99.66
4021,99.66
4021,99.66
4021,99.66
4023,99.65
4023,99.65
4023,99.65
4023,99.65
4023,99.65
4023,99.66
4025,99.69
4025,99.69
4025,99.69
4025,99.69
4025,99.69
4025,99.69
4026,99.66
4026,99.67
4027,99.69
4027,99.69
4027,99.69
4027,99.69
4027,99.69
4027,99.69
4028,99.68
4029,99.69
4031,99.64
4032,99.69
4032,99.69
4032,99.69
4032,99.69
4032,99.69
4033,99.69
4033,99.69
4033,99.69
4033,99.69
4034,99.69
4034,99.69
4034,99.69
4034,99.69
4034,99.69
4034,99.69
4035,99.65
4036,99.46
4036,99.46
4036,99.46
4036,99.46
4036,99.46
4038,99.62
4038,99.62
4038,99.62
4038,99.62
4038,99.62
4038,99.62
4040,99.67
4040,99.67
4040,99.67
4040,99.67
4040,99.67
4041,99.69
4042,99.61
4042,99.61
4042,99.69
4042,99.69
4042,99.69
4042,99.69
4042,99.69
4042,99.69
4044,99.53
4044,99.53
4044,99.53
4044,99.55
4044,99.62
4044,99.62
4044,99.62
4044,99.62
4044,99.62
4044,99.65
4044,99.65
4044,99.65
4044,99.65
4044,99.66
4044,99.69
4044,99.69
4044,99.69
4044,99.69
4046,99.69
4046,99.69
4046,99.69
4046,99.69
4046,99.69
4046,99.69
4046,99.69
4047,99.63
4047,99.63
4047,99.63
4047,99.63
4047,99.63
4047,99.67
4047,99.67
4047,99.67
4047,99.67
4047,99.67
4047,99.69
4048,99.68
4049,99.69
4050,99.53
4050,99.53
4050,99.53
4050,99.53
4050,99.53
4050,99.56
4050,99.69
4050,99.69
4050,99.69
4050,99.69
4050,99.69
4050,99.69
4052,99.60
4052,99.61
4052,99.69
4052,99.69
4052,99.69
4052,99.69
4052,99.69
4052,99.69
4053,99.68
4053,99.69
4053,99.69
4053,99.69
4053,99.69
4053,99.69
4053,99.69
4054,99.62
4054,99.64
4054,99.64
4054,99.64
4054,99.64
4054,99.64
4054,99.66
4054,99.66
4054,99.66
4054,99.66
4054,99.69
4054,99.69
4054,99.69
4054,99.69
4054,99.69
4055,99.60
4055,99.60
4055,99.60
4055,99.60
4055,99.60
4055,99.60
4055,99.62
4057,98.96
4057,99.61
4057,99.61
4057,99.61
4057,99.61
4057,99.61
4057,99.63
4059,99.69
4059,99.69
4059,99.69
4059,99.69
4059,99.69
4060,99.69
4060,99.69
4060,99.69
4060,99.69
4060,99.69
4060,99.69
4063,99.60
4065,99.69
4065,99.69
4065,99.69
4065,99.69
4065,99.69
4065,99.69
4066,99.69
4066,99.69
4066,99.69
4066,99.69
4066,99.69
4066,99.69
4066,99.69
4068,99.51
4068,99.68
4069,99.63
4069,99.63
4069,99.63
4069,99.63
4069,99.63
4069,99.63
4070,99.65
4070,99.65
4070,99.65
4070,99.65
4070,99.65
4070,99.65
4070,99.69
4070,99.69
4070,99.69
4070,99.69
4070,99.69
4070,99.69
4071,99.69
4071,99.69
4071,99.69
4071,99.69
4071,99.69
4071,99.69
4072,99.64
4072,99.64
4072,99.64
4072,99.64
4072,99.64
4072,99.67
4072,99.68
4072,99.68
4072,99.68
4072,99.68
4072,99.68
4073,99.69
4073,99.69
4073,99.69
4073,99.69
4073,99.69
4073,99.69
4074,99.61
4074,99.61
4074,99.61
4074,99.61
4074,99.61
4074,99.61
4074,99.65
4074,99.65
4074,99.65
4074,99.65
4074,99.65
4074,99.68
4075,99.51
4075,99.51
4075,99.51
4075,99.51
4075,99.51
4075,99.51
4076,99.64
4076,99.64
4076,99.64
4076,99.64
4076,99.64
4076,99.69
4076,99.69
4076,99.69
4076,99.69
4076,99.69
4076,99.69
4077,99.66
4077,99.66
4077,99.66
4077,99.66
4077,99.66
4077,99.66
4077,99.69
4077,99.69
4077,99.69
4077,99.69
4077,99.69
4077,99.69
4078,99.69
4078,99.69
4078,99.69
4078,99.69
4078,99.69
4078,99.69
4079,99.63
4079,99.63
4079,99.63
4079,99.63
4079,99.63
4080,99.69
4080,99.69
4080,99.69
4080,99.69
4080,99.69
4080,99.69
4081,99.64
4081,99.69
4081,99.69
4081,99.69
4081,99.69
4081,99.69
4082,99.44
4082,99.51
4082,99.51
4082,99.51
4082,99.51
4082,99.51
4082,99.51
4083,99.58
4083,99.63
4083,99.69
4084,99.64
4086,99.65
4087,99.53
4087,99.53
4087,99.53
4087,99.55
4087,99.55
4087,99.56
4087,99.57
4087,99.57
4087,99.57
4087,99.57
4087,99.57
4087,99.62
4087,99.69
4087,99.69
4087,99.69
4087,99.69
4087,99.69
4087,99.69
4088,99.68
4088,99.69
4088,99.69
4088,99.69
4088,99.69
4088,99.69
4089,99.67
4089,99.67
4089,99.68
4089,99.68
4089,99.68
4090,99.62
4090,99.62
4090,99.62
4090,99.62
4090,99.62
4090,99.69
4090,99.69
4090,99.69
4090,99.69
4092,99.64
4092,99.66
4093,99.68
4094,99.62
4094,99.62
4094,99.62
4094,99.62
4094,99.62
4094,99.62
4094,99.64
4094,99.69
4094,99.69
4095,99.69
4095,99.69
4095,99.69
4095,99.69
4095,99.69
4095,99.69
4096,99.54
4096,99.57
4096,99.65
4096,99.65
4096,99.65
4096,99.65
4096,99.65
4096,99.65
4096,99.68
4096,99.68
4098,99.66
4098,99.66
4098,99.66
4098,99.66
4098,99.66
4099,99.54
4099,99.69
4099,99.69
4099,99.69
4099,99.69
4099,99.69
4100,99.65
4103,99.68
4103,99.68
4104,99.59
4104,99.59
4104,99.59
4104,99.59
4104,99.59
4104,99.67
4106,99.23
4106,99.23
4106,99.23
4106,99.23
4106,99.23
4106,99.26
4106,99.65
4106,99.68
4106,99.69
4107,99.68
4107,99.68
4107,99.68
4107,99.68
4107,99.68
4107,99.68
4108,99.51
4108,99.51
4108,99.51
4108,99.52
4108,99.55
4108,99.65
4108,99.65
4108,99.65
4108,99.65
4109,99.68
4111,99.58
4111,99.58
4111,99.58
4111,99.58
4111,99.58
4112,99.68
4112,99.69
4112,99.69
4112,99.69
4112,99.69
4112,99.69
4112,99.69
4114,99.69
4114,99.69
4114,99.69
4114,99.69
4114,99.69
4114,99.69
4114,99.69
4114,99.69
4114,99.69
4114,99.69
4117,99.69
4117,99.69
4117,99.69
4117,99.69
4117,99.69
4117,99.69
4118,99.69
4118,99.69
4118,99.69
4118,99.69
4119,99.39
4119,99.63
4119,99.69
4122,99.67
4122,99.67
4122,99.67
4122,99.69
4122,99.69
4122,99.69
4122,99.69
4122,99.69
4123,99.69
4124,99.63
4124,99.67
4124,99.67
4124,99.67
4124,99.69
4124,99.69
4124,99.69
4124,99.69
4124,99.69
4125,99.59
4125,99.59
4125,99.61
4125,99.61
4125,99.61
4126,99.50
4126,99.50
4126,99.50
4126,99.50
4126,99.50
4127,99.55
4127,99.55
4127,99.55
4127,99.55
4127,99.55
4127,99.64
4127,99.64
4127,99.65
4127,99.65
4127,99.65
4127,99.65
4127,99.65
4127,99.65
4127,99.65
4127,99.65
4127,99.65
4128,99.61
4128,99.64
4128,99.64
4128,99.64
4128,99.64
4128,99.64
4128,99.65
4130,99.46
4130,99.58
4131,99.52
4131,99.52
4131,99.53
4131,99.53
4131,99.62
4132,99.67
4132,99.67
4132,99.67
4132,99.67
4132,99.67
4132,99.69
4132,99.69
4132,99.69
4132,99.69
4132,99.69
4132,99.69
4133,99.69
4133,99.69
4134,99.61
4136,99.64
4136,99.64
4136,99.64
4136,99.64
4136,99.64
4136,99.64
4136,99.69
4136,99.69
4136,99.69
4136,99.69
4136,99.69
4137,99.23
4137,99.23
4137,99.23
4137,99.23
4137,99.29
4137,99.65
4137,99.65
4137,99.65
4137,99.65
4137,99.65
4137,99.67
4137,99.69
4137,99.69
4137,99.69
4137,99.69
4137,99.69
4138,99.65
4138,99.65
4138,99.65
4138,99.65
4138,99.65
4139,99.50
4139,99.50
4139,99.51
4139,99.51
4139,99.52
4139,99.52
4139,99.60
4139,99.60
4139,99.60
4139,99.60
4139,99.60
4139,99.62
4139,99.69
4139,99.69
4139,99.69
4139,99.69
4139,99.69
4140,98.79
4141,99.69
4141,99.69
4141,99.69
4141,99.69
4141,99.69
4141,99.69
4142,99.68
4142,99.68
4142,99.68
4142,99.68
4142,99.68
4142,99.69
4142,99.69
4142,99.69
4142,99.69
4142,99.69
4142,99.69
4143,99.65
4143,99.65
4143,99.65
4143,99.65
4143,99.65
4145,99.68
4147,99.61
4147,99.61
4147,99.61
4147,99.61
4147,99.61
4147,99.68
4147,99.68
4147,99.68
4147,99.68
4147,99.68
4147,99.68
4148,99.57
4148,99.57
4148,99.61
4148,99.61
4148,99.61
4148,99.62
4149,99.67
4149,99.68
4149,99.68
4149,99.68
4149,99.68
4149,99.68
4150,99.57
4150,99.57
4150,99.57
4150,99.57
4150,99.57
4150,99.57
4150,99.60
4150,99.60
4150,99.60
4150,99.60
4150,99.60
4150,99.64
4150,99.64
4150,99.64
4150,99.65
4150,99.65
4151,99.67
4151,99.67
4151,99.67
4151,99.67
4151,99.67
4153,99.63
4153,99.63
4153,99.64
4153,99.64
4153,99.65
4153,99.66
4156,99.63
4156,99.65
4156,99.65
4156,99.65
4156,99.65
4156,99.65
4156,99.65
4157,99.68
4157,99.68
4157,99.68
4157,99.68
4157,99.68
4157,99.68
4158,99.55
4158,99.60
4158,99.68
4159,99.60
4159,99.60
4159,99.60
4160,99.63
4160,99.63
4160,99.63
4160,99.63
4160,99.63
4160,99.65
4162,99.68
4162,99.68
4162,99.68
4162,99.68
4162,99.68
4163,99.68
4163,99.68
4163,99.68
4163,99.68
4163,99.68
4163,99.68
4163,99.68
4163,99.68
4163,99.68
4163,99.68
4164,99.59
4164,99.59
4164,99.59
4164,99.59
4164,99.59
4164,99.68
4164,99.68
4164,99.68
4164,99.68
4164,99.68
4164,99.68
4165,99.63
4165,99.63
4165,99.63
4165,99.63
4165,99.63
4165,99.68
4165,99.68
4165,99.68
4165,99.68
4165,99.68
4165,99.68
4166,99.66
4167,99.54
4167,99.57
4169,99.68
4169,99.68
4169,99.68
4169,99.68
4169,99.68
4169,99.68
4170,99.60
4170,99.60
4170,99.60
4170,99.60
4170,99.60
4174,99.55
4174,99.55
4174,99.55
4174,99.55
4174,99.56
4174,99.57
4174,99.57
4174,99.57
4174,99.57
4174,99.57
4174,99.62
4174,99.65
4174,99.65
4174,99.65
4174,99.65
4174,99.65
4174,99.65
4176,99.57
4176,99.57
4176,99.57
4176,99.66
4176,99.66
4178,99.61
4178,99.61
4178,99.61
4178,99.61
4178,99.61
4178,99.62
4179,99.65
4179,99.68
4181,99.63
4181,99.63
4182,99.64
4182,99.68
4186,99.68
4186,99.68
4186,99.68
4187,99.66
4187,99.66
4187,99.66
4187,99.66
4187,99.66
4187,99.66
4187,99.68
4190,99.67
4191,99.68
4191,99.68
4191,99.68
4191,99.68
4191,99.68
4192,99.62
4192,99.66
4193,99.50
4193,99.66
4193,99.66
4193,99.66
4193,99.66
4193,99.66
4193,99.66
4193,99.68
4193,99.68
4193,99.68
4193,99.68
4193,99.68
4193,99.68
4194,99.09
4194,99.09
4194,99.09
4194,99.09
4194,99.09
4194,99.45
4194,99.65
4195,99.65
4195,99.65
4195,99.66
4195,99.66
4195,99.66
4196,99.63
4196,99.63
4196,99.63
4196,99.64
4196,99.68
4196,99.68
4196,99.68
4196,99.68
4197,99.57
4197,99.61
4197,99.61
4197,99.63
4197,99.63
4197,99.63
4197,99.63
4197,99.63
4197,99.64
4197,99.66
4197,99.66
4197,99.66
4197,99.67
4199,99.66
4200,99.67
4200,99.67
4200,99.67
4200,99.67
4201,99.66
4202,99.68
4203,99.62
4203,99.62
4203,99.62
4203,99.62
4203,99.63
4203,99.67
4203,99.67
4203,99.67
4203,99.67
4203,99.67
4205,99.68
4206,99.35
4206,99.60
4206,99.62
4206,99.62
4206,99.62
4206,99.62
4206,99.62
4206,99.68
4206,99.68
4206,99.68
4206,99.68
4206,99.68
4206,99.68
4207,99.64
4208,99.64
4209,99.31
4209,99.31
4209,99.31
4209,99.31
4209,99.31
4209,99.31
4210,99.58
4210,99.64
4210,99.64
4210,99.64
4210,99.64
4210,99.64
4217,99.64
4217,99.64
4217,99.64
4218,99.62
4218,99.62
4218,99.65
4218,99.65
4218,99.65
4218,99.65
4218,99.65
4218,99.65
4218,99.65
4218,99.65
4219,99.68
4219,99.68
4219,99.68
4219,99.68
4219,99.68
4219,99.68
4221,99.43
4221,99.43
4221,99.44
4221,99.44
4221,99.45
4222,99.65
4225,99.64
4225,99.68
4225,99.68
4225,99.68
4225,99.68
4225,99.68
4226,99.65
4226,99.65
4226,99.65
4226,99.65
4226,99.65
4226,99.68
4227,99.64
4229,99.67
4229,99.67
4229,99.68
4229,99.68
4229,99.68
4229,99.68
4229,99.68
4229,99.68
4229,99.68
4229,99.68
4229,99.68
4230,99.66
4230,99.66
4230,99.66
4230,99.66
4230,99.66
4230,99.66
4233,99.65
4233,99.65
4233,99.65
4233,99.65
4233,99.65
4233,99.65
4234,99.55
4234,99.55
4234,99.57
4234,99.57
4234,99.57
4234,99.57
4234,99.57
4234,99.57
4234,99.57
4234,99.57
4234,99.68
4235,99.43
4235,99.43
4235,99.43
4235,99.43
4235,99.43
4236,99.65
4236,99.65
4236,99.65
4236,99.65
4237,99.64
4237,99.64
4237,99.65
4237,99.65
4237,99.65
4238,99.66
4238,99.68
4238,99.68
4238,99.68
4238,99.68
4238,99.68
4238,99.68
4239,99.64
4239,99.64
4239,99.64
4239,99.64
4239,99.64
4239,99.64
4239,99.64
4239,99.68
4240,99.53
4240,99.68
4240,99.68
4240,99.68
4240,99.68
4240,99.68
4241,99.45
4241,99.57
4241,99.57
4241,99.58
4241,99.65
4242,99.59
4242,99.66
4242,99.66
4242,99.68
4242,99.68
4242,99.68
4242,99.68
4242,99.68
4244,99.39
4244,99.39
4244,99.39
4244,99.39
4244,99.39
4244,99.49
4244,99.67
4244,99.67
4244,99.67
4244,99.67
4244,99.67
4244,99.68
4244,99.68
4244,99.68
4244,99.68
4244,99.68
4244,99.68
4245,99.54
4245,99.54
4245,99.54
4245,99.54
4245,99.58
4245,99.68
4246,99.61
4246,99.61
4246,99.61
4246,99.61
4246,99.61
4248,99.39
4248,99.39
4248,99.39
4248,99.39
4248,99.41
4248,99.41
4248,99.68
4248,99.68
4248,99.68
4248,99.68
4248,99.68
4248,99.68
4248,99.68
4248,99.68
4248,99.68
4248,99.68
4248,99.68
4248,99.68
4249,99.59
4249,99.68
4249,99.68
4249,99.68
4249,99.68
4249,99.68
4249,99.68
4250,99.68
4251,99.65
4252,99.59
4252,99.59
4252,99.59
4252,99.59
4252,99.61
4252,99.66
4255,99.68
4255,99.68
4255,99.68
4256,99.55
4256,99.55
4256,99.56
4256,99.63
4256,99.68
4256,99.68
4256,99.68
4256,99.68
4261,99.67
4261,99.68
4261,99.68
4261,99.68
4261,99.68
4261,99.68
4261,99.68
4261,99.68
4261,99.68
4261,99.68
4261,99.68
4262,99.62
4262,99.65
4262,99.65
4262,99.65
4262,99.65
4262,99.65
4263,99.57
4263,99.57
4263,99.57
4263,99.57
4263,99.58
4265,99.58
4265,99.58
4265,99.58
4265,99.58
4265,99.58
4265,99.58
4265,99.64
4265,99.64
4265,99.68
4265,99.68
4265,99.68
4267,99.67
4268,99.68
4268,99.68
4268,99.68
4268,99.68
4268,99.68
4268,99.68
4269,99.64
4269,99.64
4269,99.64
4269,99.64
4270,99.66
4271,99.46
4271,99.46
4271,99.46
4271,99.46
4271,99.46
4271,99.47
4271,99.58
4271,99.58
4271,99.58
4271,99.58
4271,99.58
4271,99.58
4272,99.63
4272,99.63
4272,99.63
4272,99.63
4272,99.63
4272,99.64
4272,99.64
4272,99.64
4272,99.64
4272,99.64
4272,99.68
4272,99.68
4273,99.40
4273,99.40
4273,99.40
4273,99.40
4273,99.40
4273,99.62
4273,99.62
4273,99.62
4273,99.62
4273,99.65
4273,99.65
4273,99.65
4273,99.65
4273,99.68
4273,99.68
4273,99.68
4273,99.68
4273,99.68
4273,99.68
4273,99.68
4273,99.68
4273,99.68
4273,99.68
4273,99.68
4273,99.68
4273,99.68
4273,99.68
4273,99.68
4273,99.68
4275,99.59
4275,99.63
4276,99.67
4276,99.67
4276,99.67
4276,99.67
4277,99.65
4277,99.65
4279,99.67
4279,99.67
4279,99.67
4279,99.67
4279,99.67
4280,99.56
4280,99.56
4280,99.56
4280,99.56
4280,99.56
4280,99.56
4280,99.67
4281,99.67
4281,99.67
4281,99.67
4281,99.67
4281,99.67
4281,99.67
4283,99.61
4284,99.53
4284,99.53
4284,99.53
4284,99.53
4284,99.53
4285,99.58
4285,99.58
4285,99.58
4285,99.58
4285,99.60
4285,99.60
4285,99.60
4285,99.61
4285,99.62
4286,99.66
4286,99.66
4287,99.67
4287,99.67
4287,99.67
4287,99.67
4287,99.67
4287,99.67
4288,99.65
4288,99.67
4289,99.60
4289,99.60
4289,99.61
4289,99.61
4289,99.61
4289,99.61
4290,99.19
4293,99.64
4293,99.66
4293,99.67
4293,99.67
4293,99.67
4293,99.67
4293,99.67
4294,99.67
4294,99.67
4294,99.67
4294,99.67
4294,99.67
4294,99.67
4294,99.67
4295,99.67
4295,99.67
4295,99.67
4295,99.67
4295,99.67
4297,99.67
4297,99.67
4297,99.67
4297,99.67
4297,99.67
4297,99.67
4297,99.67
4298,99.54
4298,99.54
4298,99.54
4298,99.54
4298,99.54
4298,99.54
4299,99.31
4299,99.31
4299,99.31
4299,99.31
4299,99.31
4299,99.39
4299,99.65
4301,99.66
4301,99.67
4301,99.67
4301,99.67
4301,99.67
4301,99.67
4301,99.67
4303,99.64
4303,99.64
4303,99.64
4303,99.64
4303,99.64
4303,99.65
4303,99.67
4303,99.67
4303,99.67
4303,99.67
4306,99.67
4306,99.67
4307,99.67
4307,99.67
4307,99.67
4307,99.67
4307,99.67
4307,99.67
4307,99.67
4309,99.67
4311,99.67
4311,99.67
4311,99.67
4311,99.67
4311,99.67
4311,99.67
4312,99.51
4312,99.51
4312,99.51
4312,99.51
4312,99.51
4312,99.59
4312,99.61
4314,99.63
4314,99.63
4314,99.67
4315,99.60
4315,99.60
4315,99.60
4315,99.60
4315,99.60
4317,99.63
4318,99.64
4319,99.65
4319,99.67
4319,99.67
4319,99.67
4319,99.67
4319,99.67
4319,99.67
4320,99.65
4320,99.65
4320,99.65
4320,99.65
4320,99.65
4320,99.67
4320,99.67
4320,99.67
4320,99.67
4320,99.67
4320,99.67
4321,99.63
4322,99.66
4323,99.60
4323,99.60
4326,99.67
4326,99.67
4326,99.67
4326,99.67
4326,99.67
4326,99.67
4326,99.67
4326,99.67
4326,99.67
4326,99.67
4326,99.67
4326,99.67
4327,99.59
4327,99.59
4327,99.59
4327,99.59
4327,99.59
4327,99.59
4328,99.67
4330,99.67
4330,99.67
4330,99.67
4330,99.67
4330,99.67
4331,99.65
4333,99.49
4333,99.49
4333,99.50
4333,99.50
4333,99.50
4333,99.50
4333,99.64
4333,99.64
4333,99.65
4333,99.65
4333,99.65
4333,99.67
4336,99.66
4336,99.66
4336,99.66
4336,99.66
4336,99.66
4338,99.67
4338,99.67
4338,99.67
4338,99.67
4338,99.67
4338,99.67
4338,99.67
4338,99.67
4338,99.67
4338,99.67
4340,99.67
4340,99.67
4340,99.67
4340,99.67
4340,99.67
4341,99.56
4341,99.56
4341,99.56
4341,99.56
4341,99.56
4341,99.56
4343,99.44
4343,99.44
4343,99.44
4343,99.44
4343,99.45
4343,99.54
4343,99.67
4343,99.67
4343,99.67
4343,99.67
4343,99.67
4343,99.67
4344,99.61
4344,99.61
4344,99.64
4344,99.64
4344,99.64
4344,99.64
4344,99.64
4344,99.67
4344,99.67
4344,99.67
4344,99.67
4344,99.67
4345,99.63
4345,99.63
4345,99.63
4345,99.63
4345,99.63
4345,99.63
4346,99.65
4347,99.64
4347,99.64
4347,99.64
4347,99.64
4347,99.64
4348,99.53
4348,99.53
4348,99.53
4348,99.53
4348,99.54
4348,99.67
4348,99.67
4348,99.67
4348,99.67
4348,99.67
4350,99.64
4350,99.64
4350,99.64
4350,99.65
4350,99.65
4350,99.65
4350,99.65
4350,99.65
4350,99.65
4352,99.58
4352,99.58
4352,99.58
4352,99.58
4352,99.58
4352,99.62
4352,99.62
4352,99.62
4352,99.62
4352,99.62
4353,99.58
4353,99.58
4353,99.58
4353,99.58
4353,99.59
4354,99.64
4356,99.63
4356,99.63
4356,99.63
4356,99.63
4356,99.63
4356,99.67
4356,99.67
4356,99.67
4356,99.67
4356,99.67
4356,99.67
4357,99.53
4357,99.53
4357,99.53
4357,99.53
4357,99.53
4358,99.65
4359,99.59
4359,99.59
4359,99.59
4359,99.59
4359,99.59
4359,99.67
4359,99.67
4359,99.67
4359,99.67
4359,99.67
4359,99.67
4359,99.67
4359,99.67
4359,99.67
4359,99.67
4360,99.62
4360,99.62
4360,99.62
4360,99.62
4360,99.64
4360,99.64
4360,99.64
4360,99.64
4360,99.64
4360,99.64
4360,99.65
4360,99.65
4360,99.65
4360,99.65
4360,99.65
4360,99.67
4360,99.67
4360,99.67
4360,99.67
4360,99.67
4360,99.67
4361,99.63
4363,99.60
4363,99.60
4363,99.60
4363,99.60
4363,99.60
4363,99.61
4364,99.64
4364,99.64
4364,99.64
4364,99.64
4364,99.64
4365,99.56
4366,99.63
4366,99.67
4366,99.67
4366,99.67
4366,99.67
4366,99.67
4366,99.67
4367,99.66
4367,99.66
4367,99.66
4367,99.66
4367,99.66
4367,99.66
4368,99.67
4368,99.67
4368,99.67
4370,99.63
4370,99.63
4370,99.63
4370,99.63
4373,98.98
4375,99.62
4375,99.65
4377,99.59
4377,99.59
4377,99.59
4377,99.59
4377,99.63
4377,99.67
4378,99.62
4378,99.62
4378,99.62
4378,99.62
4378,99.62
4378,99.62
4379,99.61
4379,99.63
4379,99.63
4379,99.63
4379,99.63
4379,99.63
4379,99.63
4379,99.67
4379,99.67
4379,99.67
4379,99.67
4379,99.67
4379,99.67
4380,99.63
4380,99.65
4380,99.65
4380,99.65
4382,99.63
4382,99.63
4382,99.63
4382,99.63
4382,99.63
4383,99.67
4383,99.67
4383,99.67
4383,99.67
4383,99.67
4385,99.58
4385,99.62
4385,99.64
4385,99.65
4386,99.61
4386,99.61
4386,99.61
4386,99.61
4386,99.62
4386,99.64
4386,99.67
4386,99.67
4386,99.67
4386,99.67
4386,99.67
4386,99.67
4386,99.67
4386,99.67
4386,99.67
4389,99.63
4389,99.67
4391,99.58
4392,99.66
4392,99.66
4392,99.66
4392,99.66
4392,99.66
4392,99.66
4393,99.63
4393,99.63
4393,99.63
4393,99.63
4393,99.63
4393,99.67
4394,99.50
4394,99.50
4394,99.50
4395,99.60
4395,99.60
4395,99.60
4395,99.60
4395,99.60
4396,99.46
4396,99.46
4396,99.46
4396,99.46
4396,99.46
4396,99.49
4397,99.50
4398,99.66
4398,99.66
4398,99.66
4398,99.66
4398,99.66
4401,99.54
4401,99.58
4401,99.58
4401,99.58
4401,99.58
4401,99.58
4402,99.60
4402,99.60
4402,99.61
4402,99.61
4402,99.61
4402,99.62
4403,99.64
4404,99.67
4404,99.67
4404,99.67
4404,99.67
4404,99.67
4404,99.67
4406,99.60
4406,99.64
4406,99.64
4406,99.64
4406,99.64
4406,99.64
4406,99.64
4407,99.64
4409,99.50
4409,99.50
4409,99.51
4409,99.51
4409,99.51
4409,99.52
4409,99.57
4410,99.64
4410,99.64
4410,99.64
4410,99.64
4410,99.64
4410,99.66
4410,99.66
4410,99.66
4410,99.66
4410,99.66
4410,99.66
4411,99.49
4411,99.49
4411,99.49
4411,99.63
4412,99.63
4414,99.66
4414,99.66
4414,99.66
4414,99.66
4414,99.66
4414,99.66
4414,99.66
4414,99.66
4414,99.66
4414,99.66
4415,99.49
4415,99.49
4415,99.49
4415,99.49
4415,99.49
4415,99.63
4415,99.63
4415,99.63
4415,99.63
4415,99.63
4416,99.65
4416,99.65
4416,99.65
4416,99.65
4416,99.66
4416,99.66
4416,99.66
4416,99.66
4416,99.66
4416,99.66
4418,99.59
4418,99.59
4418,99.59
4418,99.59
4418,99.59
4418,99.66
4418,99.66
4418,99.66
4418,99.66
4419,99.66
4419,99.66
4422,99.65
4422,99.65
4423,99.55
4423,99.64
4424,99.66
4424,99.66
4427,99.66
4429,99.61
4429,99.61
4429,99.61
4429,99.61
4429,99.61
4430,99.66
4431,99.66
4432,99.47
4432,99.47
4432,99.47
4432,99.47
4432,99.47
4432,99.47
4432,99.53
4432,99.58
4432,99.58
4432,99.59
4432,99.59
4432,99.59
4432,99.59
4433,99.66
4433,99.66
4433,99.66
4433,99.66
4433,99.66
4433,99.66
4434,99.58
4434,99.64
4437,99.66
4437,99.66
4437,99.66
4437,99.66
4437,99.66
4437,99.66
4438,99.63
4438,99.63
4438,99.63
4438,99.63
4438,99.63
4439,99.38
4439,99.38
4439,99.38
4439,99.38
4439,99.41
4439,99.45
4439,99.65
4441,99.65
4441,99.65
4441,99.65
4441,99.65
4441,99.65
4441,99.65
4442,99.54
4442,99.54
4442,99.54
4442,99.54
4442,99.55
4442,99.56
4442,99.66
4442,99.66
4442,99.66
4442,99.66
4442,99.66
4442,99.66
4443,99.52
4443,99.52
4443,99.52
4443,99.52
4443,99.52
4444,99.66
4444,99.66
4444,99.66
4444,99.66
4444,99.66
4444,99.66
4449,99.08
4449,99.08
4449,99.08
4449,99.08
4449,99.08
4449,99.08
4449,99.66
4449,99.66
4449,99.66
4449,99.66
4449,99.66
4449,99.66
4450,99.58
4450,99.58
4450,99.58
4450,99.63
4451,99.61
4452,99.54
4452,99.54
4452,99.54
4452,99.54
4452,99.54
4452,99.55
4453,99.66
4453,99.66
4453,99.66
4453,99.66
4453,99.66
4453,99.66
4455,99.55
4455,99.66
4455,99.66
4455,99.66
4455,99.66
4455,99.66
4455,99.66
4456,99.59
4456,99.59
4456,99.59
4456,99.59
4456,99.59
4456,99.62
4457,99.49
4457,99.49
4457,99.49
4457,99.49
4457,99.49
4457,99.49
4457,99.66
4457,99.66
4457,99.66
4457,99.66
4457,99.66
4457,99.66
4459,99.61
4459,99.63
4459,99.63
4459,99.63
4459,99.63
4459,99.63
4460,99.59
4462,99.50
4462,99.50
4462,99.50
4462,99.50
4462,99.50
4462,99.51
4462,99.61
4462,99.61
4462,99.61
4462,99.61
4462,99.61
4462,99.64
4464,99.51
4464,99.65
4466,99.58
4466,99.58
4466,99.59
4466,99.59
4466,99.59
4466,99.59
4466,99.59
4466,99.59
4466,99.62
4466,99.62
4466,99.62
4466,99.63
4466,99.63
4467,99.63
4468,99.51
4468,99.51
4468,99.52
4468,99.52
4468,99.52
4468,99.53
4468,99.53
4468,99.55
4468,99.64
4468,99.64
4468,99.64
4468,99.64
4468,99.64
4468,99.64
4468,99.66
4468,99.66
4468,99.66
4468,99.66
4468,99.66
4469,99.60
4469,99.65
4471,99.61
4474,99.48
4474,99.48
4474,99.48
4474,99.48
4474,99.48
4474,99.53
4475,99.61
4475,99.61
4475,99.62
4475,99.62
4475,99.62
4476,99.61
4476,99.61
4476,99.61
4476,99.61
4476,99.61
4476,99.66
4476,99.66
4476,99.66
4476,99.66
4477,99.54
4477,99.62
4477,99.63
4477,99.63
4477,99.63
4477,99.63
4478,99.58
4478,99.58
4478,99.58
4478,99.58
4478,99.58
4480,99.43
4480,99.43
4480,99.43
4480,99.43
4480,99.43
4480,99.46
4480,99.58
4480,99.58
4480,99.58
4480,99.58
4480,99.59
4480,99.60
4480,99.64
4480,99.64
4480,99.64
4480,99.64
4480,99.64
4481,99.61
4481,99.61
4481,99.62
4481,99.66
4481,99.66
4481,99.66
4481,99.66
4481,99.66
4482,99.54
4482,99.54
4482,99.54
4482,99.54
4482,99.54
4482,99.58
4482,99.64
4483,99.45
4484,99.60
4484,99.60
4484,99.60
4484,99.60
4484,99.60
4485,99.51
4485,99.66
4485,99.66
4485,99.66
4485,99.66
4485,99.66
4487,99.65
4487,99.65
4487,99.65
4489,99.37
4489,99.37
4489,99.38
4489,99.38
4489,99.38
4489,99.39
4489,99.66
4489,99.66
4489,99.66
4489,99.66
4489,99.66
4489,99.66
4490,99.45
4490,99.45
4490,99.47
4490,99.54
4490,99.54
4490,99.64
4490,99.64
4490,99.64
4490,99.66
4492,99.43
4492,99.43
4492,99.43
4492,99.43
4492,99.43
4493,99.56
4493,99.56
4493,99.58
4493,99.58
4493,99.58
4494,99.65
4494,99.66
4494,99.66
4494,99.66
4494,99.66
4494,99.66
4494,99.66
4495,99.66
4495,99.66
4495,99.66
4495,99.66
4495,99.66
4495,99.66
4496,99.66
4496,99.66
4496,99.66
4496,99.66
4496,99.66
4498,99.54
4498,99.54
4498,99.54
4498,99.54
4501,99.64
4501,99.64
4501,99.64
4503,99.61
4503,99.61
4503,99.61
4503,99.61
4503,99.61
4503,99.61
4503,99.66
4503,99.66
4503,99.66
4503,99.66
4503,99.66
4503,99.66
4504,99.62
4504,99.62
4504,99.62
4505,99.61
4505,99.66
4505,99.66
4505,99.66
4505,99.66
4505,99.66
4505,99.66
4506,99.47
4506,99.47
4506,99.48
4506,99.48
4506,99.48
4506,99.49
4509,99.64
4509,99.64
4509,99.64
4509,99.64
4509,99.66
4509,99.66
4509,99.66
4509,99.66
4509,99.66
4509,99.66
4510,99.60
4510,99.60
4510,99.60
4510,99.60
4510,99.61
4510,99.62
4510,99.62
4510,99.62
4510,99.62
4510,99.62
4511,99.66
4511,99.66
4512,99.58
4512,99.58
4512,99.58
4512,99.58
4512,99.58
4512,99.58
4512,99.63
4513,99.63
4513,99.63
4513,99.63
4515,99.56
4515,99.56
4515,99.57
4515,99.57
4515,99.57
4515,99.59
4515,99.66
4515,99.66
4515,99.66
4515,99.66
4515,99.66
4515,99.66
4516,99.54
4516,99.54
4516,99.54
4516,99.54
4516,99.54
4516,99.54
4516,99.63
4518,99.58
4518,99.59
4518,99.59
4518,99.59
4518,99.59
4519,99.63
4522,99.65
4522,99.65
4522,99.65
4522,99.65
4522,99.65
4522,99.65
4523,99.59
4523,99.59
4523,99.59
4523,99.59
4523,99.59
4523,99.61
4523,99.62
4523,99.62
4523,99.64
4523,99.65
4523,99.66
4523,99.66
4523,99.66
4523,99.66
4524,99.61
4525,99.60
4526,99.44
4527,99.61
4527,99.61
4527,99.61
4527,99.62
4527,99.62
4528,99.62
4528,99.62
4528,99.62
4528,99.62
4528,99.62
4528,99.62
4528,99.66
4528,99.66
4528,99.66
4528,99.66
4528,99.66
4530,99.56
4530,99.56
4530,99.56
4530,99.56
4530,99.56
4530,99.56
4530,99.60
4530,99.60
4530,99.60
4530,99.60
4530,99.60
4530,99.64
4530,99.65
4533,99.62
4533,99.62
4533,99.62
4533,99.62
4533,99.62
4533,99.64
4533,99.64
4535,99.58
4535,99.58
4535,99.58
4535,99.58
4535,99.58
4535,99.58
4537,99.65
4540,99.65
4540,99.65
4540,99.65
4540,99.65
4540,99.65
4542,99.65
4542,99.65
4542,99.65
4542,99.65
4542,99.65
4542,99.65
4543,99.65
4543,99.65
4545,99.65
4546,99.60
4546,99.60
4546,99.63
4546,99.63
4546,99.65
4546,99.65
4546,99.65
4546,99.65
4546,99.65
4546,99.65
4551,99.62
4552,99.60
4552,99.60
4552,99.61
4552,99.61
4552,99.65
4553,99.60
4553,99.61
4553,99.61
4553,99.62
4553,99.62
4553,99.62
4553,99.65
4553,99.65
4553,99.65
4553,99.65
4553,99.65
4554,99.61
4554,99.61
4554,99.61
4554,99.61
4554,99.61
4555,99.43
4555,99.43
4555,99.43
4555,99.43
4555,99.43
4555,99.43
4556,99.65
4556,99.65
4556,99.65
4556,99.65
4556,99.65
4556,99.65
4556,99.65
4556,99.65
4558,99.65
4558,99.65
4558,99.65
4558,99.65
4558,99.65
4559,99.64
4559,99.64
4560,99.59
4560,99.59
4560,99.60
4563,99.62
4563,99.62
4563,99.62
4563,99.62
4563,99.62
4564,99.65
4564,99.65
4564,99.65
4564,99.65
4564,99.65
4564,99.65
4566,99.49
4566,99.49
4566,99.49
4566,99.49
4566,99.49
4566,99.61
4566,99.61
4566,99.62
4569,99.46
4569,99.46
4569,99.48
4569,99.48
4569,99.49
4569,99.52
4569,99.52
4569,99.52
4569,99.52
4569,99.52
4569,99.56
4571,99.63
4571,99.64
4571,99.64
4571,99.64
4571,99.64
4571,99.64
4571,99.65
4573,99.61
4575,99.60
4575,99.65
4575,99.65
4575,99.65
4575,99.65
4575,99.65
4576,99.62
4576,99.64
4578,99.62
4578,99.62
4579,99.43
4580,99.60
4582,99.59
4582,99.59
4583,99.65
4584,99.63
4585,99.55
4585,99.55
4585,99.55
4585,99.55
4585,99.55
4585,99.61
4585,99.63
4585,99.63
4585,99.63
4585,99.63
4585,99.63
4585,99.65
4587,99.16
4587,99.16
4587,99.16
4587,99.16
4587,99.16
4587,99.45
4587,99.65
4587,99.65
4587,99.65
4587,99.65
4587,99.65
4588,99.59
4588,99.65
4589,99.60
4589,99.60
4589,99.60
4589,99.60
4589,99.60
4591,99.56
4591,99.56
4591,99.56
4591,99.56
4591,99.56
4591,99.61
4591,99.61
4591,99.61
4591,99.61
4591,99.61
4591,99.61
4591,99.62
4591,99.63
4593,99.54
4593,99.54
4593,99.54
4593,99.55
4593,99.55
4593,99.56
4593,99.65
4593,99.65
4593,99.65
4594,99.54
4594,99.54
4594,99.54
4594,99.54
4594,99.55
4594,99.56
4594,99.56
4594,99.56
4594,99.59
4594,99.59
4594,99.59
4594,99.62
4594,99.63
4595,99.64
4596,99.57
4596,99.57
4596,99.64
4596,99.64
4596,99.64
4596,99.64
4596,99.64
4598,99.56
4598,99.59
4598,99.59
4598,99.59
4598,99.59
4598,99.59
4598,99.59
4601,99.62
4603,99.28
4603,99.60
4603,99.60
4603,99.60
4603,99.60
4604,99.61
4604,99.61
4604,99.61
4604,99.61
4604,99.61
4604,99.63
4604,99.63
4604,99.63
4604,99.63
4604,99.63
4604,99.63
4605,99.59
4606,99.62
4606,99.63
4607,99.48
4607,99.48
4607,99.48
4607,99.48
4607,99.48
4607,99.50
4607,99.65
4609,99.61
4609,99.65
4609,99.65
4609,99.65
4609,99.65
4609,99.65
4609,99.65
4610,99.64
4610,99.64
4610,99.64
4610,99.64
4610,99.64
4610,99.64
4610,99.65
4611,99.57
4611,99.57
4611,99.57
4611,99.57
4612,99.62
4612,99.62
4612,99.65
4613,99.48
4613,99.48
4613,99.48
4613,99.48
4613,99.48
4613,99.51
4613,99.65
4613,99.65
4613,99.65
4613,99.65
4613,99.65
4614,99.65
4614,99.65
4616,99.62
4617,99.58
4617,99.58
4617,99.58
4617,99.58
4617,99.58
4617,99.62
4618,99.48
4618,99.48
4618,99.65
4618,99.65
4618,99.65
4618,99.65
4618,99.65
4619,99.61
4619,99.61
4620,99.61
4620,99.61
4620,99.61
4620,99.61
4620,99.63
4621,99.61
4621,99.61
4621,99.61
4621,99.61
4621,99.65
4622,99.56
4622,99.56
4622,99.56
4622,99.56
4622,99.56
4622,99.63
4622,99.63
4625,99.50
4625,99.50
4625,99.50
4625,99.50
4625,99.50
4625,99.58
4626,99.61
4626,99.61
4626,99.61
4626,99.61
4627,99.62
4627,99.62
4627,99.62
4628,99.57
4628,99.57
4628,99.57
4628,99.57
4628,99.57
4628,99.57
4628,99.57
4628,99.58
4628,99.58
4628,99.58
4628,99.58
4628,99.58
4628,99.63
4629,99.59
4629,99.61
4630,99.65
4630,99.65
4630,99.65
4630,99.65
4630,99.65
4631,99.51
4631,99.51
4631,99.51
4631,99.51
4631,99.51
4631,99.54
4631,99.65
4631,99.65
4632,99.60
4632,99.60
4632,99.60
4632,99.60
4632,99.60
4633,99.60
4633,99.60
4633,99.60
4633,99.61
4634,99.56
4634,99.56
4634,99.56
4634,99.56
4634,99.56
4634,99.56
4634,99.62
4634,99.62
4634,99.62
4634,99.62
4634,99.62
4634,99.62
4635,99.59
4635,99.59
4635,99.59
4635,99.59
4635,99.59
4635,99.59
4635,99.65
4635,99.65
4635,99.65
4635,99.65
4635,99.65
4635,99.65
4636,99.61
4636,99.61
4636,99.61
4636,99.65
4636,99.65
4636,99.65
4636,99.65
4637,99.58
4637,99.64
4637,99.65
4637,99.65
4637,99.65
4637,99.65
4637,99.65
4642,99.54
4642,99.63
4643,99.57
4643,99.57
4643,99.57
4643,99.57
4643,99.57
4644,99.51
4644,99.51
4644,99.54
4644,99.54
4644,99.54
4644,99.54
4645,99.58
4645,99.58
4648,99.52
4650,99.64
4650,99.64
4650,99.64
4650,99.64
4650,99.64
4650,99.64
4651,98.89
4654,99.65
4656,99.58
4657,99.61
4658,99.64
4658,99.64
4658,99.64
4658,99.64
4658,99.64
4659,99.65
4659,99.65
4659,99.65
4659,99.65
4659,99.65
4661,99.57
4661,99.57
4662,99.44
4662,99.44
4662,99.44
4662,99.44
4662,99.44
4662,99.45
4662,99.62
4662,99.62
4662,99.62
4662,99.62
4663,99.56
4664,99.48
4664,99.48
4664,99.48
4664,99.48
4664,99.48
4664,99.59
4664,99.61
4664,99.65
4664,99.65
4664,99.65
4664,99.65
4664,99.65
4664,99.65
4665,99.61
4665,99.61
4665,99.61
4665,99.61
4665,99.61
4666,99.62
4666,99.65
4667,99.65
4668,99.50
4668,99.50
4668,99.50
4668,99.50
4668,99.50
4668,99.52
4670,99.28
4670,99.28
4670,99.28
4670,99.28
4670,99.28
4673,99.63
4673,99.63
4673,99.63
4673,99.63
4673,99.63
4673,99.63
4673,99.64
4673,99.64
4674,99.60
4674,99.60
4674,99.60
4674,99.60
4674,99.60
4674,99.64
4674,99.64
4674,99.64
4674,99.64
4674,99.64
4674,99.64
4676,99.60
4676,99.60
4676,99.60
4676,99.60
4676,99.60
4678,99.52
4678,99.52
4678,99.52
4678,99.58
4678,99.58
4678,99.59
4678,99.61
4678,99.61
4678,99.61
4678,99.61
4678,99.61
4678,99.64
4681,99.63
4681,99.63
4681,99.63
4681,99.63
4681,99.63
4681,99.63
4681,99.64
4682,99.59
4682,99.59
4685,99.48
4685,99.48
4685,99.49
4685,99.51
4685,99.52
4686,99.38
4686,99.59
4686,99.59
4686,99.59
4686,99.64
4686,99.64
4686,99.64
4686,99.64
4686,99.64
4688,99.54
4688,99.54
4688,99.54
4688,99.55
4688,99.57
4688,99.58
4689,99.56
4689,99.63
4689,99.63
4689,99.63
4689,99.63
4689,99.63
4692,99.60
4692,99.60
4692,99.60
4692,99.60
4692,99.60
4692,99.62
4693,99.61
4693,99.64
4693,99.64
4693,99.64
4693,99.64
4693,99.64
4697,99.19
4697,99.19
4697,99.19
4697,99.19
4697,99.19
4697,99.33
4697,99.58
4699,99.62
4699,99.62
4699,99.62
4700,99.61
4700,99.61
4700,99.61
4700,99.62
4702,99.54
4702,99.56
4702,99.56
4702,99.56
4702,99.64
4702,99.64
4702,99.64
4702,99.64
4702,99.64
4703,99.64
4705,99.58
4705,99.58
4705,99.58
4705,99.58
4705,99.58
4705,99.59
4705,99.62
4705,99.62
4706,99.62
4706,99.64
4706,99.64
4706,99.64
4706,99.64
4706,99.64
4706,99.64
4707,99.64
4708,99.62
4708,99.62
4709,99.64
4709,99.64
4709,99.64
4709,99.64
4709,99.64
4710,99.58
4710,99.58
4710,99.59
4710,99.59
4710,99.59
4712,99.31
4712,99.31
4712,99.31
4712,99.31
4712,99.33
4712,99.56
4712,99.56
4712,99.56
4712,99.56
4712,99.56
4712,99.56
4713,99.61
4714,99.56
4714,99.61
4714,99.61
4714,99.61
4714,99.61
4714,99.61
4714,99.62
4714,99.62
4714,99.62
4714,99.63
4714,99.64
4715,99.41
4715,99.41
4715,99.62
4715,99.63
4715,99.64
4715,99.64
4715,99.64
4715,99.64
4715,99.64
4715,99.64
4716,99.57
4716,99.57
4716,99.57
4716,99.57
4716,99.57
4716,99.57
4716,99.64
4718,99.57
4718,99.57
4718,99.58
4718,99.58
4718,99.61
4718,99.61
4718,99.61
4718,99.61
4718,99.64
4718,99.64
4718,99.64
4718,99.64
4719,99.64
4719,99.64
4719,99.64
4719,99.64
4721,99.59
4721,99.59
4721,99.59
4721,99.59
4721,99.59
4721,99.59
4722,99.63
4722,99.63
4722,99.63
4722,99.63
4722,99.63
4724,99.40
4724,99.40
4724,99.40
4724,99.40
4724,99.40
4724,99.41
4724,99.61
4724,99.61
4724,99.61
4725,99.64
4725,99.64
4725,99.64
4725,99.64
4725,99.64
4725,99.64
4727,99.62
4727,99.64
4727,99.64
4727,99.64
4728,99.60
4729,99.51
4729,99.51
4729,99.52
4729,99.52
4729,99.52
4729,99.55
4729,99.60
4729,99.60
4729,99.60
4729,99.60
4729,99.60
4729,99.60
4730,99.63
4730,99.63
4730,99.63
4730,99.63
4730,99.63
4731,98.26
4731,98.26
4731,98.26
4731,98.38
4731,98.72
4731,99.58
4731,99.58
4731,99.58
4731,99.58
4731,99.58
4732,99.51
4732,99.51
4732,99.51
4732,99.51
4732,99.51
4732,99.63
4733,99.55
4733,99.55
4733,99.55
4733,99.55
4733,99.55
4733,99.55
4734,99.59
4734,99.59
4734,99.60
4734,99.60
4734,99.60
4734,99.60
4734,99.62
4734,99.62
4734,99.62
4734,99.62
4734,99.62
4736,99.64
4736,99.64
4736,99.64
4736,99.64
4736,99.64
4736,99.64
4738,99.61
4739,99.59
4740,99.64
4741,99.42
4741,99.42
4741,99.42
4742,99.51
4742,99.51
4742,99.51
4742,99.51
4743,99.57
4743,99.57
4743,99.57
4743,99.59
4743,99.61
4743,99.64
4744,99.60
4745,99.52
4745,99.64
4745,99.64
4745,99.64
4745,99.64
4745,99.64
4747,99.56
4747,99.56
4747,99.56
4747,99.56
4747,99.61
4747,99.61
4747,99.61
4747,99.61
4747,99.61
4747,99.61
4747,99.63
4747,99.63
4747,99.63
4747,99.63
4747,99.63
4747,99.63
4747,99.63
4748,99.62
4748,99.62
4748,99.62
4748,99.64
4751,99.64
4752,99.55
4752,99.55
4752,99.55
4752,99.55
4752,99.56
4752,99.62
4753,99.56
4753,99.56
4753,99.56
4753,99.56
4753,99.57
4753,99.57
4753,99.58
4753,99.58
4754,99.61
4754,99.61
4754,99.61
4754,99.62
4755,99.55
4755,99.55
4755,99.55
4755,99.55
4755,99.55
4755,99.60
4755,99.60
4755,99.60
4755,99.60
4755,99.60
4756,99.57
4758,99.47
4758,99.47
4758,99.47
4758,99.47
4758,99.47
4758,99.61
4758,99.61
4758,99.62
4759,99.58
4759,99.58
4759,99.61
4760,99.59
4761,99.55
4761,99.55
4761,99.55
4761,99.55
4761,99.55
4761,99.56
4762,99.60
4762,99.60
4763,99.53
4763,99.53
4763,99.53
4763,99.53
4763,99.53
4763,99.53
4763,99.62
4763,99.62
4763,99.62
4763,99.62
4763,99.62
4764,99.61
4764,99.61
4764,99.61
4764,99.61
4764,99.61
4765,99.62
4766,99.64
4766,99.64
4766,99.64
4766,99.64
4767,99.57
4767,99.57
4767,99.57
4767,99.57
4767,99.57
4767,99.62
4768,99.49
4768,99.49
4768,99.49
4768,99.49
4768,99.49
4768,99.57
4769,99.61
4769,99.61
4769,99.61
4769,99.61
4769,99.61
4769,99.61
4770,99.28
4770,99.28
4770,99.28
4770,99.28
4770,99.28
4770,99.28
4771,99.49
4771,99.49
4771,99.49
4771,99.49
4771,99.49
4771,99.54
4771,99.62
4771,99.62
4771,99.62
4771,99.62
4771,99.62
4771,99.62
4771,99.64
4772,99.44
4772,99.44
4772,99.44
4772,99.44
4772,99.44
4772,99.60
4773,99.59
4773,99.59
4773,99.59
4773,99.59
4773,99.59
4773,99.61
4773,99.61
4773,99.64
4773,99.64
4773,99.64
4773,99.64
4773,99.64
4773,99.64
4774,99.64
4774,99.64
4774,99.64
4774,99.64
4774,99.64
4774,99.64
4775,99.57
4776,99.54
4776,99.54
4776,99.54
4776,99.54
4776,99.54
4780,99.64
4781,99.59
4781,99.59
4781,99.59
4781,99.59
4781,99.59
4782,99.60
4784,99.64
4784,99.64
4784,99.64
4784,99.64
4784,99.64
4784,99.64
4785,96.81
4785,98.37
4785,98.37
4785,98.37
4785,98.37
4785,98.37
4787,99.54
4787,99.54
4787,99.54
4787,99.54
4787,99.55
4788,99.54
4788,99.54
4788,99.54
4788,99.54
4788,99.58
4788,99.58
4788,99.58
4788,99.58
4788,99.63
4788,99.63
4788,99.63
4788,99.63
4788,99.63
4789,99.64
4790,99.55
4790,99.55
4790,99.56
4790,99.56
4790,99.56
4791,99.63
4793,99.54
4793,99.62
4793,99.63
4793,99.63
4793,99.63
4793,99.64
4793,99.64
4793,99.64
4793,99.64
4793,99.64
4793,99.64
4794,99.49
4794,99.49
4794,99.49
4794,99.49
4794,99.49
4795,99.63
4795,99.63
4795,99.63
4795,99.63
4795,99.63
4795,99.63
4796,99.64
4798,99.59
4798,99.59
4798,99.59
4798,99.59
4798,99.60
4799,99.59
4799,99.59
4799,99.59
4799,99.59
4799,99.59
4799,99.59
4800,99.60
4800,99.64
4801,99.16
4801,99.16
4801,99.16
4801,99.17
4801,99.18
4801,99.23
4802,99.63
4802,99.63
4803,99.63
4803,99.63
4803,99.63
4803,99.63
4803,99.63
4803,99.63
4804,99.53
4804,99.59
4805,99.55
4805,99.55
4805,99.55
4805,99.55
4805,99.55
4805,99.55
4805,99.63
4805,99.63
4805,99.63
4805,99.63
4805,99.63
4805,99.63
4807,99.63
4807,99.63
4807,99.63
4807,99.63
4807,99.63
4809,99.59
4809,99.59
4809,99.59
4809,99.59
4809,99.63
4811,99.61
4811,99.61
4811,99.61
4811,99.61
4811,99.61
4811,99.61
4811,99.61
4811,99.61
4811,99.61
4811,99.61
4812,99.54
4812,99.54
4812,99.54
4812,99.54
4812,99.54
4812,99.54
4813,99.55
4813,99.55
4813,99.55
4813,99.55
4813,99.55
4813,99.55
4816,99.60
4817,99.34
4817,99.34
4817,99.34
4817,99.34
4817,99.36
4820,99.63
4820,99.63
4820,99.63
4820,99.63
4820,99.63
4820,99.63
4821,99.61
4821,99.61
4821,99.61
4821,99.61
4821,99.61
4822,99.63
4824,99.63
4824,99.63
4824,99.63
4824,99.63
4824,99.63
4824,99.63
4827,99.56
4827,99.56
4827,99.56
4827,99.56
4827,99.58
4827,99.63
4828,99.62
4829,99.63
4829,99.63
4830,99.63
4830,99.63
4830,99.63
4830,99.63
4832,99.51
4832,99.51
4832,99.51
4832,99.51
4832,99.51
4832,99.61
4832,99.61
4834,99.56
4834,99.56
4834,99.56
4834,99.56
4834,99.61
4834,99.61
4834,99.61
4834,99.62
4835,99.39
4835,99.59
4835,99.59
4835,99.59
4835,99.59
4835,99.60
4836,99.40
4836,99.55
4836,99.55
4836,99.57
4836,99.57
4836,99.57
4836,99.58
4837,99.61
4838,99.63
4838,99.63
4838,99.63
4838,99.63
4838,99.63
4840,99.62
4840,99.62
4840,99.62
4840,99.62
4840,99.62
4842,99.60
4842,99.60
4842,99.60
4842,99.60
4842,99.60
4843,99.56
4843,99.56
4843,99.56
4843,99.56
4843,99.56
4843,99.58
4846,99.59
4846,99.59
4846,99.59
4846,99.59
4846,99.59
4848,99.55
4848,99.55
4848,99.55
4848,99.55
4848,99.55
4848,99.55
4849,99.60
4851,99.57
4851,99.57
4851,99.57
4851,99.57
4851,99.57
4851,99.60
4853,99.53
4853,99.53
4853,99.53
4853,99.53
4853,99.53
4853,99.53
4854,99.63
4856,99.52
4856,99.59
4859,99.25
4860,99.47
4860,99.47
4860,99.50
4860,99.50
4860,99.50
4860,99.50
4860,99.63
4861,99.58
4861,99.59
4861,99.59
4862,99.54
4862,99.54
4862,99.54
4862,99.54
4862,99.54
4862,99.55
4863,99.60
4863,99.60
4863,99.60
4863,99.60
4863,99.60
4863,99.61
4863,99.63
4863,99.63
4863,99.63
4863,99.63
4863,99.63
4865,99.57
4865,99.57
4865,99.58
4865,99.58
4865,99.58
4866,99.63
4866,99.63
4866,99.63
4866,99.63
4866,99.63
4866,99.63
4867,99.61
4867,99.62
4868,99.63
4870,99.51
4870,99.51
4870,99.51
4870,99.51
4874,99.58
4874,99.63
4876,99.54
4876,99.54
4876,99.54
4876,99.54
4876,99.54
4876,99.60
4876,99.60
4876,99.63
4876,99.63
4876,99.63
4876,99.63
4876,99.63
4877,99.56
4877,99.56
4877,99.56
4877,99.56
4877,99.56
4877,99.56
4877,99.57
4877,99.60
4877,99.60
4877,99.61
4877,99.61
4877,99.62
4877,99.63
4882,99.55
4882,99.55
4882,99.58
4882,99.58
4882,99.58
4883,99.49
4883,99.49
4883,99.49
4883,99.49
4883,99.49
4883,99.54
4885,99.56
4885,99.61
4885,99.61
4885,99.61
4885,99.61
4885,99.61
4886,99.57
4886,99.57
4886,99.57
4886,99.57
4886,99.57
4886,99.58
4886,99.63
4889,99.57
4889,99.57
4889,99.57
4889,99.57
4889,99.57
4890,99.55
4890,99.61
4890,99.61
4890,99.61
4892,99.54
4892,99.54
4892,99.54
4892,99.63
4892,99.63
4892,99.63
4892,99.63
4892,99.63
4893,99.59
4893,99.59
4894,99.59
4897,99.53
4897,99.63
4897,99.63
4897,99.63
4897,99.63
4897,99.63
4898,99.49
4899,99.59
4899,99.59
4899,99.60
4899,99.60
4899,99.62
4899,99.63
4899,99.63
4899,99.63
4899,99.63
4899,99.63
4899,99.63
4900,99.55
4900,99.55
4900,99.55
4900,99.55
4900,99.55
4900,99.60
4900,99.63
4901,99.59
4901,99.59
4901,99.59
4901,99.59
4901,99.59
4901,99.63
4902,99.50
4902,99.50
4902,99.50
4902,99.50
4902,99.50
4902,99.50
4902,99.63
4902,99.63
4902,99.63
4902,99.63
4902,99.63
4903,99.41
4903,99.41
4903,99.41
4903,99.41
4903,99.41
4903,99.41
4904,99.63
4904,99.63
4905,99.50
4905,99.50
4905,99.51
4905,99.51
4905,99.51
4905,99.53
4906,99.58
4906,99.60
4906,99.60
4906,99.60
4906,99.60
4906,99.60
4906,99.61
4906,99.62
4906,99.62
4906,99.62
4907,99.62
4908,99.47
4908,99.47
4908,99.47
4908,99.47
4908,99.47
4908,99.47
4908,99.62
4908,99.62
4908,99.62
4908,99.62
4908,99.62
4908,99.62
4909,99.60
4912,99.63
4913,99.57
4913,99.63
4913,99.63
4913,99.63
4913,99.63
4913,99.63
4913,99.63
4914,99.44
4915,99.48
4915,99.63
4915,99.63
4915,99.63
4915,99.63
4915,99.63
4915,99.63
4916,99.57
4916,99.57
4916,99.57
4916,99.57
4916,99.57
4916,99.58
4917,99.59
4917,99.59
4917,99.59
4917,99.59
4917,99.59
4917,99.61
4918,99.40
4918,99.50
4918,99.50
4918,99.50
4918,99.51
4918,99.51
4919,99.59
4919,99.63
4919,99.63
4919,99.63
4919,99.63
4919,99.63
4919,99.63
4920,99.26
4920,99.26
4920,99.26
4920,99.26
4920,99.59
4920,99.61
4921,99.31
4921,99.31
4921,99.31
4921,99.31
4921,99.32
4921,99.43
4922,99.63
4925,99.60
4925,99.63
4925,99.63
4925,99.63
4925,99.63
4925,99.63
4926,99.59
4926,99.59
4926,99.59
4926,99.59
4926,99.59
4926,99.60
4926,99.63
4928,99.63
4928,99.63
4928,99.63
4928,99.63
4928,99.63
4930,99.00
4930,99.00
4930,99.00
4930,99.00
4930,99.00
4930,99.07
4930,99.46
4930,99.46
4930,99.46
4930,99.46
4930,99.46
4930,99.46
4930,99.61
4931,99.63
4931,99.63
4931,99.63
4931,99.63
4932,99.59
4932,99.60
4935,99.62
4935,99.62
4935,99.62
4935,99.62
4935,99.62
4935,99.62
4936,99.57
4936,99.57
4936,99.61
4937,99.40
4937,99.40
4937,99.40
4937,99.40
4937,99.40
4937,99.52
4937,99.58
4937,99.61
4937,99.61
4937,99.61
4937,99.61
4937,99.61
4937,99.62
4937,99.62
4937,99.62
4937,99.62
4937,99.62
4937,99.62
4939,99.58
4939,99.58
4939,99.58
4939,99.58
4939,99.59
4939,99.59
4941,99.43
4941,99.62
4941,99.62
4944,99.60
4944,99.60
4944,99.60
4944,99.60
4945,99.22
4945,99.22
4945,99.22
4945,99.23
4945,99.23
4945,99.23
4945,99.50
4945,99.50
4945,99.50
4945,99.50
4945,99.51
4946,99.62
4946,99.62
4946,99.62
4946,99.62
4946,99.62
4946,99.62
4947,99.62
4948,99.58
4948,99.60
4948,99.60
4948,99.60
4948,99.60
4948,99.60
4948,99.60
4949,99.61
4949,99.61
4949,99.61
4949,99.61
4949,99.61
4949,99.62
4950,99.39
4950,99.42
4950,99.42
4950,99.42
4950,99.42
4950,99.42
4950,99.42
4950,99.62
4950,99.62
4950,99.62
4950,99.62
4950,99.62
4950,99.62
4951,99.61
4951,99.61
4951,99.62
4952,99.51
4953,99.61
4954,99.50
4955,99.57
4955,99.57
4955,99.59
4955,99.59
4955,99.59
4956,99.61
4956,99.61
4956,99.61
4956,99.61
4956,99.61
4960,99.58
4962,99.61
4962,99.61
4962,99.61
4962,99.61
4962,99.61
4962,99.61
4963,99.62
4963,99.62
4963,99.62
4963,99.62
4963,99.62
4965,99.62
4966,99.55
4966,99.60
4966,99.60
4966,99.60
4966,99.60
4966,99.60
4966,99.62
4967,99.59
4967,99.59
4967,99.59
4967,99.59
4967,99.59
4967,99.59
4967,99.61
4967,99.62
4969,99.52
4969,99.52
4969,99.52
4969,99.52
4969,99.52
4970,98.75
4970,98.75
4970,98.75
4970,98.75
4970,98.75
4970,98.82
4970,99.58
4970,99.58
4970,99.58
4970,99.58
4970,99.58
4970,99.60
4970,99.60
4970,99.60
4972,99.62
4973,99.62
4973,99.62
4973,99.62
4974,99.60
4975,99.61
4976,99.62
4976,99.62
4976,99.62
4976,99.62
4976,99.62
4976,99.62
4978,99.52
4978,99.62
4978,99.62
4978,99.62
4978,99.62
4978,99.62
4978,99.62
4978,99.62
4978,99.62
4978,99.62
4978,99.62
4979,99.20
4979,99.20
4979,99.20
4979,99.20
4979,99.20
4979,99.20
4979,99.47
4979,99.47
4979,99.47
4979,99.47
4979,99.47
4979,99.47
4979,99.62
4979,99.62
4979,99.62
4979,99.62
4979,99.62
4980,99.42
4980,99.45
4980,99.49
4980,99.49
4980,99.49
4980,99.49
4980,99.49
4980,99.49
4980,99.49
4980,99.54
4980,99.59
4980,99.59
4980,99.59
4980,99.59
4980,99.59
4981,99.61
4982,99.60
4982,99.60
4982,99.60
4982,99.60
4982,99.60
4982,99.62
4982,99.62
4982,99.62
4982,99.62
4982,99.62
4982,99.62
4984,99.52
4987,99.53
4989,99.56
4990,99.49
4990,99.57
4990,99.57
4990,99.57
4990,99.58
4990,99.60
4990,99.62
4990,99.62
4990,99.62
4990,99.62
4990,99.62
4990,99.62
4991,99.47
4991,99.47
4991,99.47
4991,99.49
4991,99.51
4991,99.54
4992,97.93
4992,97.93
4992,97.93
4992,97.93
4992,97.94
4992,98.12
4992,99.54
4994,99.59
4994,99.59
4994,99.59
4995,99.55
4995,99.55
4995,99.55
4995,99.55
4995,99.55
4995,99.55
4995,99.56
4996,99.56
4999,99.38
4999,99.38
4999,99.38
4999,99.38
4999,99.39
4999,99.57
4999,99.57
4999,99.57
4999,99.57
4999,99.57
4999,99.57
5000,99.60
5000,99.60
5000,99.60
5000,99.60
5001,99.59
5002,99.57
5002,99.57
5002,99.57
5002,99.58
5002,99.58
5002,99.62
5002,99.62
5004,99.60
5006,99.60
5007,99.53
5007,99.62
5007,99.62
5007,99.62
5008,99.58
5008,99.58
5008,99.60
5008,99.60
5008,99.60
5010,99.50
5010,99.50
5012,99.61
5013,99.55
5013,99.55
5013,99.55
5013,99.55
5013,99.55
5013,99.62
5014,99.62
5014,99.62
5014,99.62
5014,99.62
5014,99.62
5016,99.51
5016,99.57
5019,99.52
5019,99.62
5021,99.58
5021,99.58
5021,99.59
5021,99.59
5021,99.59
5023,99.45
5023,99.45
5023,99.45
5023,99.45
5023,99.45
5023,99.46
5023,99.56
5023,99.57
5024,99.60
5027,99.52
5027,99.52
5027,99.61
5028,99.62
5028,99.62
5028,99.62
5028,99.62
5028,99.62
5029,99.59
5029,99.60
5031,99.60
5031,99.60
5031,99.60
5031,99.60
5031,99.60
5031,99.61
5033,99.53
5033,99.53
5033,99.53
5033,99.53
5033,99.53
5033,99.53
5034,99.61
5035,99.45
5035,99.45
5035,99.48
5035,99.48
5035,99.48
5035,99.61
5035,99.61
5035,99.61
5035,99.61
5035,99.61
5035,99.62
5036,99.50
5036,99.50
5036,99.50
5036,99.50
5036,99.50
5036,99.50
5038,99.61
5038,99.61
5038,99.62
5038,99.62
5038,99.62
5041,99.54
5041,99.56
5041,99.56
5041,99.56
5041,99.56
5041,99.56
5041,99.56
5041,99.59
5041,99.59
5041,99.59
5041,99.59
5044,99.62
5044,99.62
5044,99.62
5044,99.62
5044,99.62
5045,99.56
5045,99.56
5045,99.56
5045,99.56
5045,99.56
5046,99.39
5046,99.39
5046,99.43
5046,99.46
5051,99.55
5051,99.55
5051,99.55
5051,99.55
5051,99.55
5053,99.36
5053,99.59
5055,99.53
5055,99.53
5055,99.53
5055,99.53
5055,99.53
5055,99.53
5056,99.51
5056,99.51
5056,99.51
5056,99.51
5056,99.51
5056,99.51
5059,99.35
5059,99.35
5059,99.35
5059,99.35
5059,99.35
5059,99.35
5060,99.54
5060,99.60
5060,99.60
5060,99.60
5060,99.60
5060,99.60
5061,99.41
5061,99.41
5061,99.41
5061,99.41
5061,99.41
5061,99.48
5062,99.58
5062,99.58
5062,99.58
5062,99.58
5062,99.58
5062,99.58
5062,99.60
5064,99.25
5064,99.25
5064,99.25
5064,99.25
5064,99.25
5064,99.33
5064,99.46
5064,99.46
5064,99.46
5064,99.46
5064,99.46
5064,99.46
5064,99.61
5065,99.56
5065,99.61
5065,99.61
5065,99.61
5065,99.61
5065,99.61
5065,99.61
5066,99.44
5066,99.44
5066,99.44
5066,99.48
5067,99.57
5067,99.57
5067,99.57
5067,99.57
5067,99.57
5067,99.60
5067,99.60
5067,99.60
5067,99.60
5067,99.60
5067,99.61
5068,99.53
5068,99.53
5068,99.53
5068,99.53
5068,99.53
5068,99.53
5068,99.56
5068,99.56
5068,99.56
5068,99.56
5068,99.56
5068,99.56
5068,99.61
5072,99.61
5072,99.61
5072,99.61
5072,99.61
5072,99.61
5073,99.59
5073,99.59
5073,99.59
5075,99.58
5077,99.55
5078,99.56
5078,99.56
5078,99.56
5078,99.56
5078,99.56
5078,99.56
5080,99.59
5081,99.50
5082,99.61
5082,99.61
5082,99.61
5082,99.61
5082,99.61
5083,99.49
5083,99.49
5083,99.49
5083,99.51
5083,99.52
5083,99.56
5084,99.43
5084,99.43
5084,99.43
5084,99.43
5084,99.46
5084,99.57
5085,99.57
5085,99.61
5085,99.61
5085,99.61
5085,99.61
5085,99.61
5085,99.61
5086,99.61
5088,99.52
5088,99.59
5089,99.57
5089,99.61
5090,99.61
5090,99.61
5090,99.61
5090,99.61
5090,99.61
5090,99.61
5092,99.61
5092,99.61
5092,99.61
5092,99.61
5092,99.61
5092,99.61
5092,99.61
5093,99.58
5094,99.45
5094,99.45
5094,99.59
5096,99.10
5096,99.10
5096,99.12
5096,99.12
5096,99.12
5096,99.23
5097,99.48
5097,99.61
5097,99.61
5097,99.61
5097,99.61
5097,99.61
5098,99.38
5098,99.38
5098,99.38
5098,99.38
5098,99.38
5098,99.38
5100,99.53
5100,99.53
5100,99.53
5100,99.53
5100,99.53
5100,99.55
5100,99.58
5100,99.58
5100,99.58
5102,99.60
5103,99.61
5103,99.61
5103,99.61
5103,99.61
5103,99.61
5107,99.56
5107,99.56
5107,99.61
5109,99.61
5110,99.59
5110,99.60
5110,99.60
5110,99.60
5110,99.60
5110,99.60
5112,99.61
5112,99.61
5112,99.61
5112,99.61
5112,99.61
5112,99.61
5113,99.51
5113,99.51
5113,99.51
5113,99.51
5113,99.51
5113,99.52
5113,99.52
5113,99.52
5113,99.52
5113,99.52
5113,99.55
5114,99.59
5114,99.59
5114,99.61
5114,99.61
5114,99.61
5116,99.57
5116,99.58
5116,99.58
5116,99.58
5116,99.58
5116,99.58
5116,99.58
5116,99.58
5116,99.58
5116,99.58
5116,99.58
5117,99.55
5117,99.55
5117,99.56
5117,99.56
5117,99.56
5117,99.59
5118,99.58
5120,99.58
5121,99.50
5121,99.50
5121,99.50
5121,99.51
5121,99.53
5122,99.44
5123,99.51
5123,99.58
5124,99.53
5124,99.53
5124,99.53
5124,99.53
5124,99.53
5124,99.54
5129,99.60
5131,99.53
5131,99.61
5131,99.61
5131,99.61
5131,99.61
5131,99.61
5132,99.59
5135,99.58
5135,99.58
5135,99.58
5135,99.58
5135,99.59
5135,99.61
5135,99.61
5136,99.60
5137,99.51
5137,99.51
5137,99.51
5137,99.51
5137,99.51
5137,99.52
5137,99.56
5137,99.56
5137,99.56
5138,99.54
5138,99.60
5138,99.60
5138,99.60
5138,99.61
5138,99.61
5139,99.60
5141,99.51
5141,99.51
5141,99.51
5141,99.51
5141,99.54
5141,99.54
5141,99.54
5141,99.54
5141,99.54
5141,99.54
5141,99.54
5142,99.61
5142,99.61
5142,99.61
5142,99.61
5142,99.61
5142,99.61
5142,99.61
5142,99.61
5142,99.61
5142,99.61
5142,99.61
5143,99.61
5143,99.61
5143,99.61
5143,99.61
5143,99.61
5143,99.61
5144,99.09
5144,99.09
5144,99.09
5144,99.09
5144,99.09
5147,99.43
5148,98.54
5148,99.53
5148,99.53
5148,99.53
5148,99.53
5148,99.53
5149,99.55
5149,99.55
5149,99.55
5149,99.55
5149,99.55
5149,99.55
5149,99.57
5149,99.57
5149,99.57
5149,99.57
5149,99.57
5149,99.61
5149,99.61
5149,99.61
5150,99.61
5150,99.61
5150,99.61
5150,99.61
5150,99.61
5150,99.61
5150,99.61
5150,99.61
5150,99.61
5150,99.61
5150,99.61
5150,99.61
5151,99.54
5151,99.61
5151,99.61
5151,99.61
5151,99.61
5151,99.61
5151,99.61
5152,99.58
5152,99.58
5152,99.58
5152,99.58
5152,99.58
5155,99.54
5155,99.54
5155,99.54
5155,99.55
5155,99.56
5155,99.57
5156,99.45
5156,99.45
5156,99.45
5156,99.45
5156,99.45
5156,99.46
5156,99.59
5156,99.59
5156,99.60
5157,99.50
5157,99.50
5157,99.50
5157,99.50
5157,99.50
5157,99.57
5157,99.60
5159,99.43
5159,99.43
5159,99.43
5159,99.43
5159,99.43
5159,99.48
5160,99.42
5160,99.42
5160,99.44
5160,99.46
5160,99.47
5160,99.53
5161,99.61
5161,99.61
5163,99.35
5163,99.61
5164,99.61
5164,99.61
5164,99.61
5164,99.61
5165,99.58
5166,99.55
5167,99.41
5167,99.41
5167,99.41
5167,99.49
5167,99.56
5169,99.58
5169,99.58
5169,99.58
5169,99.61
5170,99.61
5170,99.61
5170,99.61
5170,99.61
5171,99.58
5171,99.60
5172,99.61
5172,99.61
5173,99.50
5173,99.50
5173,99.51
5173,99.51
5173,99.51
5173,99.53
5173,99.58
5173,99.59
5175,99.60
5175,99.60
5175,99.60
5175,99.60
5175,99.60
5175,99.60
5175,99.61
5175,99.61
5175,99.61
5175,99.61
5175,99.61
5175,99.61
5177,99.25
5177,99.57
5177,99.57
5177,99.58
5177,99.58
5177,99.58
5178,99.58
5178,99.58
5178,99.58
5178,99.58
5178,99.58
5178,99.59
5178,99.60
5179,99.51
5179,99.57
5180,99.58
5180,99.58
5180,99.58
5180,99.59
5180,99.60
5180,99.61
5181,99.53
5181,99.53
5181,99.53
5181,99.53
5181,99.57
5181,99.59
5183,99.58
5184,99.50
5184,99.50
5184,99.50
5184,99.50
5184,99.50
5184,99.50
5184,99.58
5187,99.59
5187,99.59
5187,99.59
5187,99.59
5187,99.59
5187,99.59
5187,99.60
5187,99.60
5188,99.57
5188,99.57
5190,99.60
5190,99.60
5190,99.60
5190,99.60
5190,99.60
5191,99.57
5192,99.61
5192,99.61
5192,99.61
5192,99.61
5192,99.61
5192,99.61
5194,99.61
5195,99.55
5195,99.55
5195,99.55
5195,99.55
5195,99.59
5195,99.59
5195,99.61
5195,99.61
5195,99.61
5195,99.61
5195,99.61
5195,99.61
5196,98.89
5196,98.89
5196,98.89
5196,98.89
5196,98.89
5196,99.16
5197,99.38
5197,99.38
5197,99.39
5197,99.39
5197,99.39
5198,99.60
5198,99.60
5198,99.60
5198,99.60
5199,99.44
5199,99.44
5199,99.44
5199,99.44
5199,99.44
5199,99.47
5199,99.58
5199,99.58
5199,99.58
5200,99.56
5200,99.56
5200,99.56
5200,99.56
5200,99.57
5200,99.57
5200,99.57
5200,99.57
5200,99.57
5200,99.57
5201,99.57
5201,99.57
5201,99.57
5201,99.57
5201,99.57
5202,99.55
5202,99.60
5202,99.60
5202,99.60
5203,99.60
5203,99.60
5203,99.60
5203,99.60
5203,99.60
5203,99.60
5203,99.60
5203,99.60
5203,99.60
5204,99.55
5204,99.55
5204,99.57
5204,99.57
5204,99.57
5204,99.60
5204,99.60
5204,99.60
5204,99.60
5204,99.60
5204,99.60
5205,99.60
5207,99.60
5207,99.60
5207,99.60
5207,99.60
5207,99.60
5207,99.60
5210,99.55
5210,99.56
5210,99.56
5210,99.58
5210,99.58
5211,99.58
5212,99.46
5212,99.46
5212,99.46
5212,99.46
5212,99.47
5212,99.47
5212,99.60
5213,99.53
5213,99.53
5213,99.60
5213,99.60
5213,99.60
5213,99.60
5213,99.60
5214,99.58
5214,99.58
5214,99.58
5214,99.58
5215,99.56
5215,99.56
5215,99.56
5215,99.56
5215,99.56
5215,99.56
5215,99.56
5215,99.56
5215,99.56
5215,99.56
5216,99.58
5216,99.58
5216,99.58
5216,99.58
5216,99.59
5216,99.60
5218,99.53
5218,99.53
5218,99.55
5218,99.55
5218,99.55
5218,99.55
5220,99.57
5220,99.57
5220,99.57
5220,99.57
5220,99.57
5220,99.58
5220,99.58
5221,99.52
5221,99.52
5223,99.59
5225,99.54
5225,99.54
5225,99.54
5225,99.54
5225,99.54
5225,99.54
5225,99.58
5225,99.60
5225,99.60
5225,99.60
5225,99.60
5225,99.60
5229,99.60
5229,99.60
5230,99.55
5230,99.55
5230,99.55
5230,99.55
5230,99.56
5230,99.57
5231,99.49
5234,99.45
5234,99.53
5234,99.53
5234,99.53
5234,99.53
5234,99.53
5235,99.60
5235,99.60
5235,99.60
5235,99.60
5235,99.60
5236,99.43
5236,99.43
5236,99.49
5236,99.49
5236,99.49
5236,99.49
5237,99.57
5237,99.57
5237,99.57
5237,99.57
5237,99.58
5239,99.59
5239,99.60
5239,99.60
5239,99.60
5239,99.60
5239,99.60
5240,99.59
5240,99.59
5240,99.59
5240,99.59
5240,99.59
5240,99.59
5240,99.60
5241,99.51
5241,99.51
5241,99.52
5241,99.52
5241,99.52
5241,99.53
5241,99.60
5241,99.60
5241,99.60
5241,99.60
5241,99.60
5241,99.60
5242,99.60
5242,99.60
5242,99.60
5242,99.60
5242,99.60
5242,99.60
5244,96.87
5244,96.87
5244,96.94
5244,96.94
5244,96.97
5244,97.10
5245,99.60
5245,99.60
5245,99.60
5245,99.60
5245,99.60
5245,99.60
5246,99.40
5246,99.60
5246,99.60
5246,99.60
5246,99.60
5246,99.60
5246,99.60
5247,99.50
5247,99.50
5247,99.51
5247,99.51
5247,99.51
5247,99.52
5249,99.55
5249,99.55
5251,99.60
5251,99.60
5251,99.60
5251,99.60
5251,99.60
5251,99.60
5252,99.60
5252,99.60
5252,99.60
5252,99.60
5252,99.60
5252,99.60
5252,99.60
5253,99.49
5254,99.51
5254,99.51
5254,99.51
5254,99.51
5254,99.51
5254,99.58
5254,99.58
5254,99.60
5254,99.60
5254,99.60
5254,99.60
5255,99.48
5255,99.48
5255,99.48
5255,99.48
5255,99.48
5255,99.48
5257,99.50
5257,99.50
5257,99.50
5257,99.50
5257,99.50
5257,99.52
5258,99.52
5258,99.52
5258,99.60
5260,99.60
5260,99.60
5260,99.60
5260,99.60
5260,99.60
5260,99.60
5261,99.60
5261,99.60
5261,99.60
5261,99.60
5261,99.60
5261,99.60
5262,99.35
5262,99.35
5262,99.35
5262,99.35
5262,99.36
5264,99.56
5266,99.44
5267,99.51
5267,99.51
5267,99.51
5267,99.51
5267,99.51
5267,99.54
5270,99.45
5272,99.58
5272,99.58
5272,99.58
5272,99.58
5272,99.58
5272,99.59
5273,99.56
5273,99.60
5275,99.57
5275,99.57
5278,99.42
5278,99.60
5278,99.60
5278,99.60
5278,99.60
5278,99.60
5278,99.60
5279,99.42
5279,99.59
5279,99.59
5279,99.59
5279,99.59
5281,99.55
5282,99.60
5282,99.60
5283,99.55
5283,99.56
5284,99.60
5286,99.54
5286,99.60
5286,99.60
5286,99.60
5286,99.60
5286,99.60
5286,99.60
5286,99.60
5287,99.32
5287,99.32
5287,99.32
5287,99.32
5287,99.33
5287,99.40
5287,99.55
5287,99.55
5287,99.55
5287,99.55
5287,99.55
5287,99.55
5288,99.58
5288,99.58
5288,99.58
5288,99.58
5288,99.58
5288,99.59
5288,99.59
5288,99.60
5290,99.56
5291,99.55
5292,99.55
5294,99.60
5294,99.60
5294,99.60
5294,99.60
5294,99.60
5294,99.60
5296,99.43
5296,99.43
5296,99.44
5296,99.44
5296,99.47
5296,99.52
5296,99.52
5296,99.52
5296,99.52
5296,99.52
5296,99.52
5296,99.56
5297,99.39
5297,99.39
5297,99.46
5297,99.55
5297,99.55
5297,99.57
5297,99.58
5297,99.58
5297,99.58
5297,99.58
5297,99.60
5297,99.60
5297,99.60
5297,99.60
5298,99.52
5298,99.55
5298,99.55
5298,99.55
5298,99.55
5298,99.55
5298,99.55
5298,99.60
5300,99.60
5301,99.59
5301,99.59
5302,99.50
5302,99.50
5302,99.50
5302,99.50
5302,99.50
5302,99.55
5302,99.55
5302,99.55
5302,99.57
5303,99.59
5304,99.57
5304,99.57
5304,99.57
5304,99.57
5304,99.57
5304,99.57
5307,99.60
5307,99.60
5307,99.60
5307,99.60
5307,99.60
5308,99.60
5308,99.60
5308,99.60
5308,99.60
5309,99.59
5309,99.60
5309,99.60
5309,99.60
5309,99.60
5309,99.60
5309,99.60
5309,99.60
5310,99.19
5310,99.19
5310,99.19
5310,99.19
5310,99.19
5310,99.19
5311,99.35
5311,99.35
5311,99.35
5311,99.35
5311,99.35
5311,99.40
5311,99.49
5312,99.51
5312,99.51
5312,99.51
5312,99.51
5312,99.51
5312,99.51
5312,99.60
5312,99.60
5312,99.60
5312,99.60
5312,99.60
5314,99.52
5315,99.56
5315,99.56
5315,99.56
5316,99.51
5316,99.51
5316,99.57
5316,99.57
5316,99.57
5316,99.57
5316,99.57
5317,98.52
5317,98.52
5317,98.52
5317,98.52
5317,98.57
5317,98.57
5317,99.59
5317,99.59
5317,99.59
5317,99.59
5317,99.60
5317,99.60
5317,99.60
5318,99.59
5318,99.59
5318,99.59
5318,99.59
5320,99.44
5320,99.60
5320,99.60
5320,99.60
5320,99.60
5320,99.60
5321,99.29
5321,99.51
5321,99.51
5321,99.51
5321,99.51
5321,99.51
5321,99.55
5321,99.59
5323,99.44
5323,99.51
5323,99.51
5323,99.51
5323,99.51
5323,99.51
5323,99.60
5324,99.57
5324,99.60
5324,99.60
5324,99.60
5324,99.60
5324,99.60
5325,99.27
5325,99.27
5325,99.27
5325,99.27
5325,99.27
5327,99.47
5327,99.47
5327,99.47
5327,99.47
5327,99.47
5327,99.47
5328,99.52
5328,99.52
5328,99.52
5328,99.52
5328,99.52
5329,99.54
5329,99.58
5329,99.59
5329,99.59
5329,99.59
5329,99.59
5329,99.59
5329,99.59
5329,99.59
5329,99.59
5329,99.59
5330,99.42
5330,99.58
5330,99.59
5331,99.44
5331,99.44
5331,99.44
5331,99.44
5331,99.44
5331,99.52
5331,99.52
5331,99.52
5331,99.52
5331,99.52
5331,99.52
5332,99.56
5332,99.56
5332,99.56
5332,99.58
5335,99.43
5336,99.49
5336,99.58
5336,99.58
5339,99.55
5339,99.57
5340,99.59
5340,99.59
5340,99.59
5340,99.59
5340,99.59
5340,99.59
5343,99.54
5343,99.54
5343,99.54
5343,99.54
5343,99.54
5343,99.59
5343,99.59
5344,99.35
5346,99.25
5346,99.25
5346,99.26
5346,99.26
5346,99.26
5347,99.54
5351,99.57
5353,99.40
5353,99.40
5353,99.40
5353,99.40
5353,99.40
5353,99.41
5355,99.51
5355,99.51
5355,99.51
5355,99.51
5355,99.51
5355,99.51
5355,99.57
5355,99.57
5355,99.57
5355,99.57
5355,99.57
5355,99.59
5355,99.59
5355,99.59
5355,99.59
5355,99.59
5355,99.59
5356,99.53
5356,99.53
5356,99.53
5356,99.53
5356,99.53
5356,99.55
5356,99.59
5357,99.44
5357,99.44
5357,99.44
5357,99.44
5357,99.44
5358,99.58
5358,99.58
5358,99.58
5358,99.58
5358,99.59
5358,99.59
5359,99.30
5359,99.59
5361,99.59
5361,99.59
5361,99.59
5361,99.59
5361,99.59
5361,99.59
5363,99.52
5363,99.52
5363,99.52
5363,99.52
5363,99.52
5364,99.48
5364,99.48
5364,99.50
5364,99.50
5364,99.51
5364,99.59
5365,99.54
5365,99.54
5365,99.54
5365,99.54
5365,99.54
5365,99.54
5368,99.57
5369,99.51
5370,99.50
5370,99.50
5370,99.51
5370,99.51
5370,99.51
5370,99.54
5370,99.54
5370,99.54
5370,99.54
5370,99.59
5370,99.59
5370,99.59
5370,99.59
5370,99.59
5370,99.59
5371,99.59
5371,99.59
5371,99.59
5371,99.59
5371,99.59
5371,99.59
5372,99.33
5372,99.59
5372,99.59
5372,99.59
5372,99.59
5372,99.59
5372,99.59
5375,99.54
5375,99.57
5375,99.57
5375,99.57
5375,99.57
5377,99.54
5377,99.54
5377,99.54
5377,99.54
5377,99.55
5377,99.56
5377,99.57
5377,99.57
5377,99.57
5377,99.57
5379,99.59
5379,99.59
5379,99.59
5379,99.59
5379,99.59
5379,99.59
5381,99.55
5381,99.55
5381,99.55
5381,99.56
5381,99.56
5381,99.56
5381,99.56
5381,99.57
5382,99.59
5384,99.55
5384,99.55
5384,99.55
5384,99.56
5385,99.52
5385,99.59
5386,99.42
5386,99.59
5386,99.59
5386,99.59
5386,99.59
5386,99.59
5386,99.59
5388,99.56
5390,99.55
5390,99.59
5391,99.54
5394,99.56
5397,99.49
5397,99.59
5397,99.59
5397,99.59
5397,99.59
5397,99.59
5397,99.59
5398,99.55
5398,99.55
5398,99.57
5398,99.57
5398,99.57
5398,99.57
5398,99.57
5400,99.57
5400,99.57
5400,99.57
5400,99.57
5400,99.57
5400,99.57
5405,99.58
5405,99.58
5407,99.59
5407,99.59
5407,99.59
5409,99.55
5409,99.55
5409,99.55
5409,99.55
5409,99.55
5410,99.34
5410,99.34
5410,99.34
5410,99.34
5410,99.37
5410,99.56
5410,99.56
5410,99.56
5410,99.56
5410,99.56
5410,99.56
5411,99.49
5413,99.58
5413,99.58
5413,99.58
5413,99.58
5413,99.59
5414,99.41
5414,99.43
5416,99.52
5416,99.59
5416,99.59
5416,99.59
5416,99.59
5416,99.59
5416,99.59
5418,99.54
5418,99.54
5418,99.54
5418,99.59
5418,99.59
5418,99.59
5418,99.59
5420,99.49
5421,99.36
5421,99.36
5421,99.36
5421,99.36
5421,99.36
5421,99.37
5421,99.59
5421,99.59
5421,99.59
5421,99.59
5421,99.59
5422,99.58
5422,99.58
5422,99.58
5422,99.58
5422,99.58
5423,99.55
5424,99.56
5425,99.51
5425,99.51
5425,99.51
5425,99.51
5425,99.52
5425,99.53
5426,99.55
5427,99.59
5427,99.59
5427,99.59
5427,99.59
5427,99.59
5427,99.59
5428,99.53
5428,99.53
5428,99.53
5428,99.53
5428,99.53
5429,99.56
5429,99.56
5429,99.56
5429,99.56
5429,99.56
5430,99.32
5431,99.31
5431,99.31
5431,99.31
5431,99.31
5431,99.31
5431,99.31
5431,99.53
5432,99.50
5432,99.53
5432,99.59
5432,99.59
5432,99.59
5432,99.59
5432,99.59
5433,99.46
5433,99.46
5433,99.46
5433,99.46
5433,99.46
5433,99.49
5433,99.56
5434,99.59
5434,99.59
5434,99.59
5434,99.59
5434,99.59
5434,99.59
5435,99.52
5435,99.52
5435,99.53
5435,99.53
5435,99.59
5435,99.59
5435,99.59
5435,99.59
5436,99.24
5436,99.24
5436,99.24
5436,99.24
5436,99.24
5436,99.24
5436,99.50
5436,99.50
5436,99.50
5436,99.51
5436,99.51
5436,99.52
5436,99.53
5436,99.56
5437,99.46
5437,99.46
5437,99.46
5437,99.46
5437,99.47
5437,99.59
5438,99.51
5438,99.51
5438,99.51
5438,99.51
5438,99.51
5440,99.55
5442,99.59
5444,99.54
5444,99.54
5444,99.54
5444,99.54
5444,99.54
5444,99.58
5444,99.58
5444,99.58
5444,99.58
5444,99.58
5444,99.59
5444,99.59
5444,99.59
5444,99.59
5445,99.54
5445,99.56
5445,99.56
5445,99.59
5445,99.59
5445,99.59
5445,99.59
5445,99.59
5449,99.49
5450,99.53
5451,99.10
5451,99.10
5451,99.10
5451,99.10
5451,99.10
5451,99.10
5451,99.54
5451,99.54
5451,99.54
5451,99.54
5451,99.54
5451,99.55
5451,99.56
5451,99.56
5451,99.56
5451,99.56
5451,99.56
5453,99.58
5453,99.58
5455,99.55
5455,99.56
5455,99.56
5455,99.59
5455,99.59
5455,99.59
5455,99.59
5455,99.59
5455,99.59
5456,99.56
5457,99.41
5457,99.41
5457,99.43
5457,99.43
5457,99.43
5457,99.43
5457,99.45
5457,99.45
5457,99.45
5457,99.45
5457,99.45
5457,99.59
5457,99.59
5457,99.59
5457,99.59
5457,99.59
5458,99.53
5458,99.53
5458,99.53
5458,99.53
5458,99.53
5459,99.56
5459,99.57
5460,99.53
5461,99.49
5461,99.49
5461,99.52
5461,99.52
5461,99.52
5461,99.52
5461,99.52
5461,99.54
5461,99.54
5461,99.54
5461,99.54
5461,99.55
5462,99.57
5462,99.58
5463,99.58
5463,99.58
5463,99.58
5463,99.58
5463,99.58
5464,99.45
5465,99.27
5465,99.29
5466,99.53
5471,99.58
5472,99.58
5472,99.58
5472,99.58
5472,99.58
5472,99.58
5472,99.58
5473,99.58
5473,99.58
5473,99.58
5473,99.58
5473,99.58
5474,99.57
5474,99.58
5474,99.58
5475,99.56
5475,99.56
5475,99.56
5475,99.56
5475,99.57
5476,99.38
5477,99.52
5477,99.52
5477,99.52
5477,99.52
5477,99.52
5480,99.43
5480,99.43
5480,99.43
5481,99.17
5481,99.17
5481,99.17
5481,99.17
5481,99.17
5481,99.17
5482,99.43
5482,99.43
5482,99.43
5482,99.43
5482,99.43
5482,99.56
5485,99.45
5485,99.45
5485,99.45
5485,99.45
5485,99.45
5488,99.57
5489,99.58
5489,99.58
5489,99.58
5491,99.42
5491,99.42
5491,99.55
5494,99.48
5494,99.48
5494,99.48
5494,99.48
5494,99.50
5494,99.51
5494,99.53
5494,99.53
5494,99.54
5495,99.58
5495,99.58
5495,99.58
5495,99.58
5495,99.58
5497,99.44
5497,99.52
5497,99.52
5497,99.52
5497,99.52
5497,99.52
5497,99.55
5498,99.58
5499,99.50
5499,99.50
5499,99.50
5499,99.50
5499,99.52
5499,99.56
5499,99.57
5499,99.57
5499,99.57
5499,99.57
5501,99.55
5502,99.49
5502,99.56
5502,99.58
5502,99.58
5502,99.58
5502,99.58
5502,99.58
5503,99.55
5503,99.58
5503,99.58
5503,99.58
5503,99.58
5503,99.58
5503,99.58
5503,99.58
5505,99.51
5506,99.55
5506,99.58
5506,99.58
5506,99.58
5506,99.58
5506,99.58
5506,99.58
5507,99.51
5507,99.51
5507,99.53
5507,99.53
5507,99.53
5508,98.75
5508,98.75
5508,98.75
5508,98.75
5508,98.75
5508,99.02
5509,99.53
5509,99.53
5509,99.53
5509,99.53
5509,99.53
5509,99.53
5511,99.58
5511,99.58
5511,99.58
5511,99.58
5511,99.58
5511,99.58
5513,99.54
5513,99.58
5514,99.35
5514,99.40
5515,99.58
5518,99.58
5518,99.58
5518,99.58
5518,99.58
5518,99.58
5518,99.58
5518,99.58
5518,99.58
5518,99.58
5518,99.58
5519,99.42
5519,99.42
5519,99.42
5519,99.42
5519,99.42
5519,99.42
5520,99.18
5520,99.18
5520,99.18
5520,99.19
5520,99.22
5520,99.30
5523,99.17
5524,99.57
5524,99.57
5524,99.57
5524,99.57
5524,99.58
5529,99.54
5531,99.57
5531,99.57
5531,99.57
5531,99.57
5531,99.57
5532,99.01
5532,99.01
5532,99.01
5532,99.01
5532,99.01
5532,99.05
5532,99.58
5532,99.58
5532,99.58
5532,99.58
5532,99.58
5532,99.58
5534,99.57
5534,99.58
5534,99.58
5534,99.58
5534,99.58
5534,99.58
5534,99.58
5535,99.55
5535,99.55
5535,99.55
5535,99.55
5535,99.55
5535,99.55
5536,99.05
5536,99.05
5536,99.05
5536,99.05
5536,99.05
5536,99.52
5537,99.56
5537,99.56
5537,99.56
5537,99.56
5538,99.58
5540,99.25
5540,99.58
5543,99.37
5543,99.37
5543,99.38
5543,99.38
5543,99.38
5543,99.57
5543,99.57
5543,99.57
5543,99.57
5543,99.57
5545,99.58
5547,99.58
5547,99.58
5547,99.58
5547,99.58
5547,99.58
5547,99.58
5548,99.56
5548,99.56
5548,99.56
5548,99.56
5548,99.56
5548,99.56
5549,99.56
5549,99.58
5549,99.58
5549,99.58
5549,99.58
5549,99.58
5549,99.58
5549,99.58
5549,99.58
5549,99.58
5549,99.58
5549,99.58
5549,99.58
5551,99.50
5551,99.50
5551,99.50
5551,99.50
5551,99.50
5552,99.52
5552,99.52
5553,99.54
5553,99.54
5553,99.54
5553,99.58
5554,99.58
5556,99.56
5556,99.58
5559,99.54
5559,99.54
5559,99.54
5560,99.53
5560,99.58
5560,99.58
5562,99.53
5563,99.57
5563,99.58
5563,99.58
5563,99.58
5563,99.58
5564,99.54
5564,99.57
5564,99.57
5564,99.57
5564,99.57
5565,99.58
5565,99.58
5565,99.58
5565,99.58
5565,99.58
5565,99.58
5566,99.46
5566,99.46
5566,99.49
5566,99.49
5567,99.55
5567,99.55
5567,99.55
5567,99.55
5567,99.55
5567,99.55
5567,99.55
5567,99.56
5567,99.56
5567,99.56
5568,99.55
5568,99.55
5568,99.55
5568,99.55
5569,99.57
5570,99.53
5570,99.53
5570,99.53
5570,99.53
5570,99.53
5572,99.58
5572,99.58
5572,99.58
5572,99.58
5572,99.58
5572,99.58
5573,99.51
5573,99.58
5573,99.58
5573,99.58
5574,99.53
5574,99.53
5574,99.53
5574,99.53
5574,99.53
5574,99.55
5574,99.55
5574,99.55
5575,99.57
5575,99.57
5575,99.57
5575,99.57
5575,99.57
5577,98.80
5577,98.80
5577,98.80
5577,98.80
5577,98.80
5577,98.88
5577,99.53
5577,99.53
5577,99.53
5577,99.53
5577,99.53
5577,99.58
5577,99.58
5577,99.58
5577,99.58
5577,99.58
5577,99.58
5578,99.44
5579,99.54
5579,99.55
5580,99.32
5580,99.58
5581,99.56
5581,99.56
5581,99.56
5581,99.56
5581,99.57
5582,99.43
5582,99.43
5582,99.44
5582,99.47
5582,99.47
5582,99.49
5582,99.49
5582,99.49
5582,99.49
5582,99.51
5582,99.51
5582,99.51
5582,99.55
5583,96.98
5583,98.50
5583,98.56
5583,98.56
5583,98.56
5583,99.58
5583,99.58
5583,99.58
5583,99.58
5583,99.58
5583,99.58
5585,99.44
5585,99.44
5585,99.44
5585,99.45
5585,99.45
5585,99.45
5585,99.46
5585,99.46
5585,99.50
5585,99.58
5588,99.55
5588,99.55
5588,99.55
5588,99.55
5588,99.55
5588,99.55
5589,99.56
5589,99.56
5595,99.50
5595,99.54
5597,99.57
5597,99.57
5597,99.57
5597,99.57
5597,99.57
5599,99.47
5599,99.47
5599,99.47
5599,99.47
5599,99.47
5599,99.47
5600,99.54
5600,99.54
5600,99.54
5600,99.55
5601,99.17
5601,99.39
5601,99.39
5601,99.39
5601,99.39
5601,99.39
5601,99.52
5601,99.55
5601,99.55
5603,99.53
5607,99.43
5607,99.43
5607,99.49
5607,99.49
5607,99.49
5607,99.49
5607,99.49
5607,99.49
5608,99.56
5609,99.24
5610,99.57
5610,99.57
5610,99.57
5610,99.57
5610,99.57
5610,99.57
5612,99.57
5612,99.57
5612,99.57
5612,99.57
5612,99.57
5613,99.37
5613,99.37
5613,99.53
5613,99.53
5613,99.56
5613,99.56
5613,99.56
5613,99.57
5615,99.45
5615,99.45
5615,99.45
5615,99.45
5615,99.45
5615,99.46
5616,99.40
5616,99.40
5616,99.40
5616,99.40
5616,99.42
5616,99.45
5616,99.53
5617,99.54
5617,99.54
5617,99.54
5617,99.54
5617,99.56
5617,99.56
5617,99.56
5617,99.56
5617,99.56
5621,99.53
5623,99.44
5623,99.44
5623,99.44
5623,99.51
5623,99.55
5623,99.55
5623,99.55
5623,99.55
5623,99.55
5624,99.56
5624,99.56
5624,99.56
5624,99.56
5624,99.56
5626,99.54
5626,99.54
5627,99.57
5627,99.57
5627,99.57
5627,99.57
5628,99.55
5628,99.55
5628,99.55
5628,99.55
5629,99.55
5629,99.55
5631,99.55
5631,99.55
5631,99.55
5631,99.56
5632,99.56
5634,99.53
5634,99.53
5634,99.53
5634,99.53
5634,99.53
5634,99.53
5635,99.54
5639,99.57
5639,99.57
5639,99.57
5639,99.57
5639,99.57
5639,99.57
5640,99.57
5640,99.57
5640,99.57
5640,99.57
5640,99.57
5644,99.53
5645,99.51
5645,99.51
5645,99.51
5645,99.51
5645,99.51
5645,99.52
5645,99.52
5645,99.52
5645,99.52
5645,99.52
5645,99.52
5647,99.56
5647,99.57
5647,99.57
5647,99.57
5647,99.57
5647,99.57
5649,99.21
5649,99.21
5649,99.21
5649,99.21
5649,99.21
5649,99.21
5650,99.44
5650,99.56
5650,99.56
5650,99.56
5651,99.57
5651,99.57
5651,99.57
5651,99.57
5651,99.57
5652,99.15
5652,99.15
5652,99.15
5652,99.15
5652,99.25
5652,99.36
5652,99.57
5652,99.57
5652,99.57
5652,99.57
5652,99.57
5652,99.57
5653,99.54
5655,99.49
5655,99.49
5655,99.49
5655,99.50
5655,99.50
5656,99.57
5656,99.57
5656,99.57
5656,99.57
5656,99.57
5656,99.57
5658,99.49
5658,99.57
5658,99.57
5658,99.57
5658,99.57
5658,99.57
5659,99.32
5659,99.32
5659,99.32
5659,99.32
5659,99.32
5659,99.34
5659,99.55
5660,99.46
5660,99.46
5660,99.46
5660,99.46
5660,99.47
5662,99.50
5662,99.50
5662,99.50
5662,99.50
5662,99.51
5662,99.51
5662,99.52
5662,99.54
5662,99.54
5662,99.57
5668,99.49
5668,99.49
5668,99.49
5668,99.49
5668,99.49
5668,99.49
5668,99.57
5668,99.57
5668,99.57
5668,99.57
5668,99.57
5668,99.57
5670,99.49
5670,99.52
5670,99.52
5670,99.52
5670,99.52
5670,99.52
5673,99.53
5673,99.54
5673,99.54
5673,99.54
5673,99.54
5673,99.57
5673,99.57
5673,99.57
5673,99.57
5673,99.57
5673,99.57
5674,99.47
5674,99.47
5674,99.47
5674,99.47
5674,99.50
5674,99.52
5675,99.47
5675,99.47
5675,99.47
5675,99.47
5675,99.47
5678,99.35
5678,99.44
5679,99.53
5679,99.53
5679,99.53
5679,99.53
5679,99.57
5679,99.57
5679,99.57
5679,99.57
5683,99.57
5683,99.57
5683,99.57
5683,99.57
5683,99.57
5683,99.57
5683,99.57
5683,99.57
5683,99.57
5683,99.57
5683,99.57
5683,99.57
5684,99.57
5684,99.57
5684,99.57
5684,99.57
5684,99.57
5684,99.57
5685,99.55
5685,99.55
5685,99.55
5685,99.55
5685,99.55
5685,99.57
5686,99.37
5686,99.37
5686,99.37
5686,99.37
5686,99.53
5686,99.53
5686,99.53
5686,99.53
5686,99.53
5687,99.50
5688,99.48
5689,99.55
5689,99.57
5689,99.57
5689,99.57
5689,99.57
5689,99.57
5690,99.45
5690,99.53
5691,99.29
5691,99.29
5691,99.31
5691,99.31
5691,99.31
5691,99.34
5691,99.57
5691,99.57
5691,99.57
5691,99.57
5691,99.57
5691,99.57
5692,99.46
5692,99.46
5692,99.46
5692,99.46
5692,99.46
5692,99.47
5692,99.57
5692,99.57
5692,99.57
5692,99.57
5692,99.57
5692,99.57
5693,99.46
5694,99.51
5695,99.53
5695,99.53
5697,99.50
5697,99.50
5697,99.50
5697,99.50
5697,99.51
5698,99.48
5698,99.49
5699,99.52
5699,99.52
5699,99.52
5699,99.52
5699,99.55
5700,99.50
5700,99.57
5701,99.09
5701,99.09
5701,99.10
5701,99.10
5701,99.10
5701,99.12
5701,99.55
5701,99.55
5701,99.55
5701,99.55
5701,99.55
5704,99.50
5704,99.50
5704,99.50
5704,99.50
5704,99.51
5707,99.52
5707,99.52
5707,99.52
5707,99.54
5707,99.54
5707,99.54
5707,99.54
5707,99.55
5707,99.55
5709,99.46
5711,99.57
5711,99.57
5711,99.57
5711,99.57
5711,99.57
5711,99.57
5712,99.57
5712,99.57
5713,99.37
5713,99.37
5713,99.38
5713,99.38
5713,99.38
5713,99.41
5713,99.52
5714,99.50
5715,99.38
5715,99.38
5715,99.38
5715,99.38
5715,99.38
5716,99.47
5717,99.57
5720,99.43
5721,99.23
5722,99.14
5722,99.45
5722,99.45
5722,99.45
5722,99.45
5722,99.45
5722,99.54
5723,99.33
5723,99.33
5723,99.37
5723,99.37
5723,99.37
5723,99.37
5723,99.53
5723,99.53
5723,99.53
5723,99.53
5723,99.53
5723,99.56
5723,99.56
5725,99.53
5726,99.50
5726,99.50
5726,99.50
5726,99.50
5727,99.47
5727,99.47
5727,99.47
5727,99.47
5727,99.47
5727,99.52
5727,99.54
5727,99.54
5727,99.54
5727,99.54
5727,99.54
5728,99.56
5728,99.56
5728,99.56
5728,99.56
5728,99.56
5728,99.56
5730,99.53
5730,99.53
5730,99.54
5730,99.54
5730,99.54
5731,99.23
5731,99.51
5732,99.56
5732,99.56
5732,99.56
5732,99.56
5733,99.38
5733,99.38
5733,99.39
5733,99.39
5733,99.39
5733,99.41
5733,99.55
5734,99.56
5734,99.56
5734,99.56
5734,99.56
5734,99.56
5734,99.56
5734,99.56
5737,99.41
5737,99.41
5737,99.41
5737,99.41
5737,99.41
5737,99.43
5738,99.56
5739,99.42
5739,99.42
5740,99.52
5740,99.52
5740,99.52
5740,99.53
5740,99.54
5740,99.54
5740,99.54
5740,99.54
5740,99.54
5740,99.54
5742,99.53
5743,99.43
5743,99.43
5744,99.40
5744,99.40
5744,99.40
5744,99.40
5744,99.40
5744,99.56
5744,99.56
5746,99.55
5750,99.38
5750,99.38
5750,99.38
5750,99.38
5750,99.39
5750,99.47
5750,99.55
5750,99.55
5750,99.55
5750,99.55
5750,99.55
5751,99.56
5751,99.56
5751,99.56
5751,99.56
5751,99.56
5752,99.47
5752,99.47
5752,99.47
5752,99.47
5752,99.47
5752,99.47
5753,99.56
5753,99.56
5753,99.56
5753,99.56
5753,99.56
5754,99.50
5754,99.50
5754,99.50
5754,99.50
5754,99.50
5754,99.50
5755,99.56
5757,99.56
5757,99.56
5757,99.56
5757,99.56
5757,99.56
5757,99.56
5759,99.53
5759,99.56
5760,99.33
5760,99.34
5760,99.42
5760,99.56
5760,99.56
5760,99.56
5760,99.56
5763,99.56
5764,99.23
5764,99.23
5764,99.23
5764,99.23
5764,99.23
5767,99.53
5767,99.53
5767,99.54
5767,99.54
5767,99.54
5767,99.56
5767,99.56
5767,99.56
5767,99.56
5767,99.56
5767,99.56
5768,99.56
5769,99.53
5769,99.56
5770,99.49
5770,99.49
5770,99.49
5770,99.49
5770,99.49
5770,99.49
5770,99.56
5770,99.56
5770,99.56
5770,99.56
5770,99.56
5773,99.55
5773,99.55
5773,99.55
5778,99.56
5778,99.56
5778,99.56
5778,99.56
5778,99.56
5778,99.56
5778,99.56
5778,99.56
5779,99.56
5779,99.56
5779,99.56
5779,99.56
5779,99.56
5779,99.56
5780,99.54
5780,99.54
5781,99.52
5781,99.56
5781,99.56
5781,99.56
5781,99.56
5781,99.56
5781,99.56
5783,99.55
5785,99.42
5785,99.42
5785,99.42
5785,99.42
5785,99.43
5786,99.48
5786,99.48
5786,99.48
5786,99.55
5786,99.55
5786,99.55
5786,99.55
5789,99.43
5790,99.56
5790,99.56
5790,99.56
5790,99.56
5790,99.56
5791,99.49
5791,99.49
5791,99.49
5791,99.49
5791,99.49
5791,99.56
5792,99.53
5792,99.54
5792,99.54
5792,99.54
5793,99.38
5794,99.40
5794,99.40
5794,99.41
5794,99.41
5794,99.53
5794,99.53
5794,99.53
5794,99.53
5794,99.53
5794,99.56
5795,99.40
5795,99.40
5795,99.40
5795,99.40
5795,99.43
5796,99.32
5796,99.32
5796,99.56
5796,99.56
5796,99.56
5796,99.56
5796,99.56
5798,99.51
5798,99.51
5798,99.51
5798,99.51
5798,99.51
5798,99.53
5798,99.54
5798,99.54
5798,99.54
5798,99.55
5798,99.56
5800,99.37
5800,99.37
5800,99.38
5800,99.38
5800,99.38
5800,99.44
5800,99.56
5805,99.46
5805,99.46
5805,99.46
5805,99.46
5805,99.47
5805,99.56
5805,99.56
5805,99.56
5805,99.56
5805,99.56
5805,99.56
5808,99.52
5809,99.47
5809,99.47
5809,99.47
5809,99.47
5809,99.48
5809,99.52
5809,99.54
5809,99.54
5809,99.54
5809,99.54
5810,99.56
5810,99.56
5810,99.56
5810,99.56
5810,99.56
5815,99.48
5816,99.47
5816,99.47
5816,99.47
5816,99.47
5816,99.47
5816,99.49
5818,99.25
5818,99.54
5820,99.54
5822,99.51
5822,99.51
5822,99.51
5822,99.53
5822,99.54
5822,99.56
5823,99.53
5823,99.53
5823,99.53
5823,99.53
5823,99.53
5823,99.53
5823,99.56
5824,99.55
5824,99.56
5824,99.56
5824,99.56
5824,99.56
5824,99.56
5827,99.41
5827,99.41
5827,99.41
5827,99.41
5827,99.41
5828,99.25
5828,99.25
5828,99.26
5828,99.26
5828,99.27
5828,99.32
5828,99.32
5828,99.32
5828,99.32
5828,99.32
5828,99.33
5828,99.55
5828,99.56
5830,99.54
5830,99.54
5830,99.56
5830,99.56
5830,99.56
5830,99.56
5831,99.52
5831,99.52
5831,99.56
5831,99.56
5831,99.56
5831,99.56
5831,99.56
5832,99.55
5832,99.55
5832,99.55
5832,99.55
5832,99.56
5832,99.56
5834,99.53
5834,99.56
5835,99.52
5835,99.53
5836,99.54
5836,99.54
5837,99.46
5837,99.46
5837,99.47
5837,99.47
5837,99.47
5839,99.53
5839,99.53
5839,99.53
5839,99.53
5841,99.56
5844,99.52
5844,99.52
5844,99.52
5844,99.52
5844,99.52
5844,99.52
5844,99.55
5846,99.52
5849,99.52
5849,99.52
5850,99.38
5850,99.38
5850,99.39
5850,99.39
5850,99.39
5850,99.40
5852,99.55
5852,99.55
5853,99.54
5855,99.53
5856,99.55
5856,99.55
5856,99.55
5856,99.55
5857,99.39
5857,99.39
5857,99.55
5857,99.55
5857,99.55
5857,99.55
5859,99.48
5861,99.55
5861,99.55
5861,99.55
5861,99.55
5861,99.55
5861,99.55
5862,99.42
5865,98.69
5865,99.41
5865,99.41
5865,99.41
5865,99.41
5866,99.50
5866,99.50
5866,99.50
5866,99.50
5866,99.55
5866,99.55
5866,99.55
5866,99.55
5866,99.55
5867,99.55
5867,99.55
5867,99.55
5867,99.55
5867,99.55
5867,99.55
5867,99.55
5867,99.55
5868,99.49
5868,99.49
5868,99.50
5868,99.50
5868,99.51
5869,99.51
5870,99.47
5870,99.48
5870,99.48
5870,99.49
5870,99.49
5870,99.49
5870,99.49
5871,99.51
5871,99.52
5872,99.55
5872,99.55
5872,99.55
5872,99.55
5872,99.55
5873,99.55
5873,99.55
5873,99.55
5873,99.55
5873,99.55
5873,99.55
5875,99.55
5875,99.55
5875,99.55
5875,99.55
5875,99.55
5875,99.55
5876,99.46
5877,99.49
5877,99.49
5877,99.49
5877,99.50
5877,99.50
5877,99.51
5877,99.53
5877,99.53
5877,99.54
5877,99.54
5880,99.43
5880,99.43
5880,99.43
5880,99.43
5880,99.43
5882,99.55
5883,99.55
5884,99.55
5884,99.55
5884,99.55
5884,99.55
5884,99.55
5884,99.55
5885,99.40
5885,99.40
5885,99.40
5885,99.40
5885,99.40
5885,99.44
5885,99.52
5886,99.48
5886,99.48
5886,99.48
5886,99.49
5886,99.54
5888,99.41
5888,99.41
5888,99.41
5888,99.41
5888,99.41
5888,99.41
5888,99.51
5888,99.51
5888,99.53
5888,99.53
5888,99.54
5889,99.55
5890,99.55
5890,99.55
5890,99.55
5890,99.55
5890,99.55
5890,99.55
5890,99.55
5890,99.55
5890,99.55
5892,99.48
5892,99.52
5892,99.53
5892,99.55
5892,99.55
5892,99.55
5893,99.55
5893,99.55
5893,99.55
5893,99.55
5893,99.55
5893,99.55
5893,99.55
5893,99.55
5894,99.51
5895,99.37
5895,99.37
5895,99.37
5895,99.37
5895,99.37
5895,99.41
5895,99.54
5895,99.54
5898,99.51
5898,99.51
5898,99.51
5898,99.51
5898,99.51
5898,99.55
5899,99.44
5899,99.44
5899,99.44
5899,99.44
5899,99.44
5899,99.46
5902,99.50
5902,99.50
5906,99.53
5906,99.53
5906,99.53
5906,99.53
5906,99.53
5906,99.54
5906,99.55
5906,99.55
5906,99.55
5906,99.55
5906,99.55
5906,99.55
5908,99.52
5908,99.52
5908,99.52
5908,99.52
5908,99.52
5908,99.55
5908,99.55
5908,99.55
5908,99.55
5908,99.55
5908,99.55
5911,99.47
5911,99.47
5911,99.47
5911,99.47
5911,99.47
5911,99.53
5913,99.53
5913,99.53
5913,99.53
5913,99.53
5914,99.55
5914,99.55
5914,99.55
5914,99.55
5914,99.55
5914,99.55
5915,99.46
5917,99.51
5917,99.55
5918,99.55
5919,99.51
5919,99.51
5919,99.54
5920,99.52
5920,99.52
5920,99.52
5920,99.52
5920,99.53
5920,99.54
5920,99.54
5920,99.54
5920,99.54
5922,99.19
5922,99.19
5922,99.19
5922,99.19
5922,99.19
5924,99.44
5924,99.44
5924,99.44
5924,99.45
5926,99.47
5926,99.48
5926,99.49
5929,99.43
5930,99.53
5930,99.53
5930,99.53
5930,99.53
5930,99.53
5930,99.53
5931,99.49
5931,99.51
5931,99.51
5931,99.51
5931,99.51
5931,99.51
5932,98.73
5932,98.73
5932,98.73
5932,98.73
5932,98.73
5933,99.48
5933,99.48
5933,99.48
5933,99.48
5933,99.50
5933,99.50
5933,99.51
5934,99.55
5934,99.55
5934,99.55
5934,99.55
5934,99.55
5934,99.55
5938,99.55
5938,99.55
5938,99.55
5938,99.55
5938,99.55
5938,99.55
5938,99.55
5938,99.55
5938,99.55
5938,99.55
5939,99.52
5939,99.53
5939,99.54
5939,99.54
5939,99.55
5939,99.55
5939,99.55
5939,99.55
5939,99.55
5939,99.55
5941,99.54
5942,99.32
5942,99.32
5942,99.32
5942,99.49
5942,99.54
5942,99.54
5942,99.54
5942,99.54
5942,99.54
5943,99.48
5943,99.48
5943,99.48
5943,99.49
5943,99.50
5944,99.40
5945,97.68
5945,99.34
5945,99.34
5945,99.34
5945,99.34
5945,99.36
5945,99.52
5946,99.51
5952,98.97
5952,98.97
5952,98.97
5952,98.97
5952,99.53
5952,99.55
5954,99.45
5954,99.45
5954,99.45
5954,99.45
5954,99.45
5955,99.18
5955,99.52
5955,99.52
5955,99.52
5955,99.52
5957,99.22
5959,99.54
5959,99.54
5960,99.50
5960,99.50
5960,99.52
5960,99.54
5960,99.54
5960,99.54
5960,99.54
5961,99.50
5961,99.50
5961,99.50
5961,99.50
5961,99.50
5963,99.44
5963,99.44
5963,99.44
5963,99.44
5963,99.44
5963,99.47
5964,99.47
5964,99.47
5964,99.47
5964,99.47
5964,99.47
5965,99.54
5965,99.54
5965,99.54
5965,99.54
5965,99.54
5965,99.55
5965,99.55
5965,99.55
5965,99.55
5965,99.55
5965,99.55
5968,99.52
5968,99.52
5969,99.51
5971,99.55
5971,99.55
5971,99.55
5971,99.55
5971,99.55
5973,99.50
5974,99.52
5974,99.52
5974,99.52
5974,99.52
5974,99.52
5974,99.55
5974,99.55
5974,99.55
5974,99.55
5974,99.55
5974,99.55
5975,99.55
5976,99.10
5976,99.10
5976,99.10
5976,99.10
5976,99.13
5977,99.55
5978,99.49
5978,99.49
5978,99.49
5978,99.49
5978,99.49
5978,99.49
5979,99.50
5979,99.50
5979,99.50
5979,99.50
5979,99.50
5979,99.53
5980,99.36
5980,99.36
5980,99.36
5980,99.36
5980,99.36
5980,99.55
5980,99.55
5980,99.55
5980,99.55
5981,98.89
5981,99.00
5981,99.00
5981,99.00
5981,99.00
5981,99.01
5981,99.18
5981,99.55
5981,99.55
5981,99.55
5981,99.55
5981,99.55
5981,99.55
5982,99.43
5982,99.43
5982,99.43
5982,99.43
5982,99.43
5982,99.43
5982,99.49
5982,99.49
5982,99.50
5985,99.47
5985,99.47
5985,99.47
5985,99.47
5985,99.47
5985,99.51
5985,99.51
5985,99.51
5985,99.51
5986,99.50
5986,99.50
5986,99.50
5986,99.51
5986,99.52
5988,99.52
5988,99.52
5990,99.45
5990,99.45
5990,99.46
5990,99.50
5993,99.44
5993,99.44
5993,99.44
5993,99.44
5993,99.44
5994,99.46
5994,99.46
5994,99.46
5994,99.54
5994,99.54
5997,99.50
5997,99.50
5997,99.50
5997,99.50
5997,99.50
5997,99.54
5997,99.54
5997,99.54
5997,99.54
5997,99.54
5998,99.45
5998,99.45
5998,99.53
5998,99.54
5998,99.54
5998,99.54
6000,99.53
6000,99.54
6000,99.54
6000,99.54
6000,99.54
6000,99.54
6000,99.54
6002,99.54
6002,99.54
6002,99.54
6002,99.54
6002,99.54
6002,99.54
6004,99.54
6004,99.54
6004,99.54
6004,99.54
6004,99.54
6005,99.54
6006,99.21
6006,99.21
6006,99.21
6006,99.21
6006,99.21
6006,99.25
6007,99.54
6007,99.54
6007,99.54
6007,99.54
6007,99.54
6007,99.54
6008,99.31
6008,99.31
6008,99.31
6008,99.31
6008,99.39
6008,99.52
6008,99.52
6008,99.52
6008,99.52
6008,99.52
6008,99.54
6008,99.54
6011,99.54
6012,99.48
6012,99.48
6012,99.48
6012,99.48
6013,99.44
6013,99.45
6016,99.49
6016,99.54
6016,99.54
6016,99.54
6016,99.54
6016,99.54
6017,99.54
6017,99.54
6019,99.50
6019,99.50
6019,99.50
6019,99.50
6019,99.50
6022,99.54
6022,99.54
6022,99.54
6022,99.54
6022,99.54
6022,99.54
6023,99.51
6024,99.50
6024,99.50
6024,99.50
6024,99.50
6024,99.53
6025,98.65
6025,99.50
6025,99.50
6025,99.50
6025,99.50
6025,99.52
6028,99.07
6028,99.07
6028,99.07
6028,99.07
6028,99.07
6028,99.12
6028,99.45
6029,99.52
6029,99.52
6029,99.52
6029,99.52
6029,99.52
6029,99.52
6032,99.46
6036,99.53
6036,99.53
6036,99.53
6036,99.54
6041,99.49
6041,99.49
6041,99.49
6041,99.49
6041,99.49
6041,99.54
6041,99.54
6041,99.54
6041,99.54
6041,99.54
6041,99.54
6042,99.53
6042,99.54
6043,99.23
6043,99.23
6043,99.23
6043,99.23
6043,99.23
6043,99.23
6043,99.28
6043,99.28
6043,99.28
6043,99.28
6043,99.28
6043,99.38
6043,99.43
6045,99.53
6046,99.43
6047,99.52
6047,99.52
6047,99.52
6047,99.54
6048,99.54
6052,99.41
6052,99.41
6052,99.41
6052,99.41
6052,99.41
6052,99.41
6054,99.47
6054,99.47
6054,99.47
6054,99.47
6054,99.49
6055,99.41
6055,99.41
6055,99.41
6055,99.41
6055,99.41
6055,99.43
6056,99.54
6056,99.54
6056,99.54
6056,99.54
6056,99.54
6057,99.53
6059,99.42
6059,99.42
6059,99.42
6059,99.42
6060,99.49
6060,99.49
6060,99.49
6060,99.49
6060,99.49
6062,99.40
6062,99.40
6062,99.40
6062,99.40
6062,99.40
6062,99.40
6062,99.54
6062,99.54
6062,99.54
6062,99.54
6062,99.54
6062,99.54
6063,99.52
6063,99.52
6063,99.52
6063,99.52
6063,99.52
6064,99.51
6065,99.54
6066,99.54
6067,99.46
6067,99.46
6067,99.46
6067,99.50
6067,99.52
6069,99.31
6069,99.31
6069,99.32
6069,99.32
6070,99.34
6070,99.54
6071,99.53
6072,99.42
6072,99.42
6072,99.42
6072,99.42
6072,99.50
6073,99.47
6073,99.47
6073,99.47
6073,99.47
6073,99.47
6073,99.51
6074,99.54
6074,99.54
6074,99.54
6074,99.54
6074,99.54
6074,99.54
6075,99.53
6076,99.53
6076,99.53
6076,99.53
6076,99.53
6076,99.53
6077,99.26
6077,99.31
6077,99.52
6077,99.52
6080,99.43
6080,99.43
6082,99.29
6082,99.53
6082,99.53
6082,99.53
6082,99.53
6082,99.53
6084,99.43
6084,99.43
6084,99.43
6084,99.43
6084,99.43
6084,99.51
6084,99.51
6084,99.52
6084,99.54
6084,99.54
6084,99.54
6084,99.54
6084,99.54
6084,99.54
6085,99.35
6085,99.35
6085,99.35
6085,99.35
6085,99.35
6085,99.35
6085,99.49
6085,99.49
6085,99.50
6086,99.51
6086,99.53
6087,99.51
6087,99.54
6089,99.40
6095,99.48
6095,99.48
6095,99.48
6095,99.48
6095,99.48
6095,99.48
6098,99.54
6099,99.43
6100,99.46
6100,99.49
6100,99.53
6100,99.53
6100,99.53
6102,99.44
6102,99.44
6102,99.44
6102,99.44
6102,99.49
6102,99.49
6102,99.50
6102,99.51
6102,99.51
6103,99.54
6103,99.54
6104,99.32
6104,99.54
6105,99.54
6105,99.54
6105,99.54
6105,99.54
6105,99.54
6105,99.54
6106,99.50
6106,99.50
6110,99.54
6111,99.41
6111,99.41
6111,99.41
6111,99.41
6111,99.41
6111,99.41
6111,99.47
6111,99.47
6111,99.47
6111,99.47
6111,99.47
6111,99.50
6111,99.50
6111,99.50
6111,99.51
6111,99.52
6112,99.54
6112,99.54
6112,99.54
6112,99.54
6112,99.54
6112,99.54
6114,99.50
6114,99.50
6114,99.50
6114,99.50
6120,99.45
6120,99.52
6121,99.30
6121,99.30
6121,99.30
6121,99.30
6121,99.30
6121,99.31
6121,99.52
6121,99.52
6121,99.52
6121,99.52
6121,99.52
6122,99.50
6122,99.51
6122,99.51
6122,99.51
6122,99.51
6122,99.51
6122,99.53
6122,99.53
6122,99.53
6122,99.53
6125,99.39
6125,99.44
6125,99.44
6127,99.52
6127,99.52
6128,99.47
6128,99.47
6128,99.47
6128,99.47
6128,99.47
6128,99.50
6130,99.52
6132,99.49
6132,99.49
6132,99.49
6132,99.49
6132,99.49
6132,99.49
6135,99.50
6135,99.50
6135,99.50
6135,99.50
6135,99.50
6135,99.50
6137,99.53
6138,99.41
6138,99.41
6138,99.41
6138,99.41
6138,99.41
6138,99.42
6138,99.51
6138,99.51
6138,99.51
6138,99.51
6138,99.51
6138,99.51
6139,99.40
6139,99.40
6139,99.40
6139,99.40
6139,99.40
6141,99.37
6141,99.37
6141,99.37
6141,99.37
6141,99.37
6141,99.40
6142,99.48
6144,97.56
6144,97.56
6144,97.56
6144,97.56
6144,97.56
6144,98.28
6144,99.53
6144,99.53
6144,99.53
6144,99.53
6144,99.53
6145,99.47
6145,99.47
6145,99.47
6145,99.47
6145,99.48
6145,99.49
6145,99.52
6146,99.51
6147,99.48
6147,99.49
6147,99.49
6147,99.49
6147,99.49
6147,99.49
6148,99.43
6151,99.53
6151,99.53
6151,99.53
6151,99.53
6151,99.53
6156,99.47
6156,99.50
6156,99.50
6156,99.50
6156,99.50
6156,99.50
6156,99.53
6156,99.53
6156,99.53
6156,99.53
6156,99.53
6159,99.52
6159,99.52
6159,99.52
6159,99.52
6159,99.52
6160,99.33
6160,99.33
6160,99.33
6160,99.33
6160,99.33
6160,99.33
6160,99.53
6160,99.53
6160,99.53
6160,99.53
6160,99.53
6161,99.53
6162,99.49
6162,99.53
6162,99.53
6162,99.53
6162,99.53
6162,99.53
6162,99.53
6165,99.36
6165,99.36
6165,99.36
6165,99.36
6165,99.37
6165,99.38
6167,99.53
6167,99.53
6167,99.53
6167,99.53
6167,99.53
6168,99.18
6168,99.18
6168,99.18
6168,99.18
6168,99.18
6168,99.18
6168,99.50
6169,99.53
6170,99.47
6170,99.47
6170,99.48
6170,99.50
6170,99.50
6171,99.38
6171,99.38
6171,99.38
6171,99.38
6171,99.38
6172,99.53
6178,99.48
6178,99.48
6178,99.48
6178,99.48
6178,99.48
6179,99.52
6185,99.53
6185,99.53
6185,99.53
6189,99.45
6189,99.45
6189,99.46
6189,99.46
6189,99.48
6190,99.53
6191,99.53
6192,99.28
6192,99.28
6192,99.28
6192,99.28
6192,99.28
6193,99.53
6194,99.51
6195,99.51
6195,99.51
6195,99.51
6195,99.51
6195,99.52
6195,99.53
6195,99.53
6195,99.53
6195,99.53
6195,99.53
6196,99.34
6196,99.44
6196,99.45
6198,99.22
6198,99.22
6198,99.22
6198,99.22
6198,99.22
6198,99.45
6198,99.45
6198,99.45
6198,99.49
6199,99.48
6199,99.53
6199,99.53
6199,99.53
6200,99.48
6200,99.51
6200,99.51
6200,99.52
6200,99.52
6201,99.52
6201,99.52
6201,99.52
6201,99.52
6201,99.52
6201,99.53
6204,99.52
6205,99.46
6205,99.46
6205,99.46
6205,99.48
6205,99.51
6205,99.53
6205,99.53
6205,99.53
6205,99.53
6205,99.53
6205,99.53
6206,99.49
6206,99.49
6206,99.49
6206,99.49
6206,99.49
6206,99.49
6206,99.49
6207,99.52
6207,99.52
6207,99.52
6207,99.52
6207,99.52
6209,99.53
6209,99.53
6209,99.53
6209,99.53
6209,99.53
6209,99.53
6209,99.53
6209,99.53
6209,99.53
6209,99.53
6210,99.53
6210,99.53
6210,99.53
6210,99.53
6210,99.53
6210,99.53
6210,99.53
6211,99.52
6212,99.31
6212,99.31
6212,99.31
6212,99.31
6212,99.32
6212,99.34
6214,99.31
6214,99.31
6214,99.31
6214,99.31
6214,99.31
6214,99.35
6214,99.47
6214,99.50
6214,99.50
6214,99.50
6214,99.50
6214,99.50
6218,99.47
6218,99.47
6218,99.47
6218,99.47
6218,99.47
6218,99.49
6219,99.51
6220,99.24
6220,99.50
6220,99.50
6220,99.50
6220,99.50
6220,99.50
6220,99.50
6222,99.32
6222,99.37
6222,99.52
6223,99.50
6224,99.43
6224,99.51
6224,99.51
6224,99.51
6224,99.51
6224,99.51
6227,99.28
6227,99.28
6227,99.28
6227,99.29
6227,99.30
6227,99.33
6227,99.52
6227,99.52
6227,99.52
6227,99.52
6227,99.52
6227,99.52
6227,99.53
6227,99.53
6227,99.53
6227,99.53
6227,99.53
6227,99.53
6229,99.42
6229,99.43
6229,99.43
6229,99.43
6229,99.43
6229,99.43
6229,99.51
6231,99.47
6231,99.47
6231,99.47
6231,99.47
6231,99.47
6231,99.51
6231,99.51
6231,99.51
6231,99.51
6231,99.51
6233,99.44
6233,99.50
6233,99.52
6234,99.51
6234,99.51
6235,99.53
6236,98.50
6236,98.50
6236,98.50
6236,98.50
6236,98.50
6236,98.85
6237,99.42
6237,99.42
6237,99.42
6237,99.43
6237,99.44
6237,99.45
6237,99.53
6237,99.53
6237,99.53
6237,99.53
6237,99.53
6237,99.53
6238,99.51
6238,99.51
6238,99.51
6238,99.51
6238,99.51
6241,99.52
6242,99.52
6243,99.53
6243,99.53
6243,99.53
6243,99.53
6243,99.53
6243,99.53
6244,99.53
6244,99.53
6244,99.53
6244,99.53
6244,99.53
6245,99.50
6246,99.49
6246,99.49
6246,99.50
6246,99.52
6247,99.50
6247,99.53
6249,99.27
6250,99.51
6250,99.51
6250,99.52
6251,99.51
6251,99.52
6251,99.52
6251,99.52
6251,99.52
6251,99.52
6252,99.47
6252,99.47
6252,99.47
6252,99.47
6252,99.50
6254,99.40
6254,99.40
6254,99.41
6254,99.41
6257,99.48
6257,99.48
6257,99.48
6257,99.48
6257,99.48
6257,99.52
6257,99.52
6257,99.52
6257,99.52
6257,99.52
6259,99.30
6259,99.52
6259,99.52
6259,99.52
6259,99.52
6259,99.52
6260,99.39
6261,99.45
6261,99.45
6261,99.45
6261,99.45
6261,99.45
6261,99.45
6261,99.47
6261,99.47
6261,99.47
6261,99.47
6261,99.47
6261,99.49
6261,99.52
6264,99.36
6264,99.36
6264,99.36
6264,99.36
6264,99.36
6265,99.49
6265,99.49
6265,99.49
6268,99.39
6271,99.51
6271,99.51
6271,99.51
6271,99.51
6271,99.51
6271,99.51
6271,99.52
6272,99.46
6272,99.46
6273,99.48
6274,99.43
6275,99.11
6276,99.52
6276,99.52
6276,99.52
6276,99.52
6276,99.52
6276,99.52
6277,99.49
6278,99.40
6278,99.40
6278,99.40
6278,99.44
6278,99.44
6278,99.44
6279,99.49
6280,99.48
6280,99.48
6280,99.52
6280,99.52
6280,99.52
6280,99.52
6280,99.52
6281,99.49
6281,99.49
6281,99.52
6282,98.87
6283,99.51
6283,99.51
6284,99.47
6284,99.47
6284,99.47
6284,99.47
6284,99.47
6284,99.47
6285,99.47
6285,99.50
6285,99.50
6287,99.52
6287,99.52
6287,99.52
6287,99.52
6287,99.52
6292,99.50
6295,99.51
6295,99.51
6295,99.51
6295,99.51
6295,99.51
6297,99.45
6297,99.45
6297,99.45
6297,99.45
6297,99.45
6297,99.46
6298,99.50
6298,99.52
6298,99.52
6298,99.52
6298,99.52
6298,99.52
6299,99.52
6299,99.52
6299,99.52
6299,99.52
6299,99.52
6299,99.52
6299,99.52
6299,99.52
6299,99.52
6299,99.52
6300,99.52
6300,99.52
6300,99.52
6300,99.52
6300,99.52
6300,99.52
6303,99.30
6303,99.30
6303,99.30
6303,99.30
6303,99.30
6303,99.33
6303,99.50
6305,98.94
6305,98.94
6305,99.48
6305,99.48
6305,99.48
6305,99.48
6305,99.48
6305,99.48
6306,99.40
6306,99.40
6306,99.40
6306,99.40
6306,99.40
6306,99.40
6306,99.52
6307,99.52
6307,99.52
6307,99.52
6307,99.52
6307,99.52
6307,99.52
6308,99.42
6308,99.47
6309,99.41
6309,99.41
6309,99.41
6309,99.41
6309,99.41
6310,99.41
6310,99.52
6310,99.52
6310,99.52
6310,99.52
6310,99.52
6310,99.52
6310,99.52
6311,99.48
6311,99.48
6311,99.48
6311,99.49
6312,99.40
6313,99.39
6313,99.39
6315,99.44
6315,99.44
6315,99.44
6315,99.47
6315,99.47
6315,99.47
6315,99.47
6315,99.47
6315,99.47
6316,99.37
6316,99.49
6317,99.47
6317,99.47
6317,99.47
6318,99.52
6318,99.52
6318,99.52
6318,99.52
6318,99.52
6318,99.52
6320,99.51
6320,99.51
6321,99.49
6321,99.49
6321,99.49
6321,99.49
6321,99.49
6322,99.35
6323,99.49
6323,99.49
6323,99.49
6323,99.49
6323,99.49
6323,99.51
6323,99.51
6323,99.51
6323,99.51
6323,99.51
6323,99.51
6324,99.52
6324,99.52
6324,99.52
6326,99.51
6327,99.09
6327,99.09
6327,99.09
6327,99.09
6327,99.09
6327,99.42
6327,99.52
6327,99.52
6327,99.52
6327,99.52
6327,99.52
6327,99.52
6328,99.47
6328,99.47
6328,99.47
6328,99.47
6328,99.47
6329,99.52
6331,99.49
6331,99.52
6331,99.52
6331,99.52
6331,99.52
6331,99.52
6331,99.52
6332,99.49
6332,99.52
6332,99.52
6332,99.52
6332,99.52
6332,99.52
6332,99.52
6334,99.24
6334,99.52
6337,99.51
6337,99.51
6337,99.51
6337,99.51
6339,99.50
6339,99.50
6339,99.50
6339,99.50
6339,99.50
6339,99.50
6341,99.51
6343,99.42
6343,99.42
6344,99.52
6345,99.52
6345,99.52
6345,99.52
6345,99.52
6345,99.52
6345,99.52
6346,98.82
6346,98.82
6346,98.83
6346,98.83
6346,98.86
6346,98.94
6346,99.52
6346,99.52
6346,99.52
6346,99.52
6346,99.52
6346,99.52
6346,99.52
6348,96.66
6348,97.17
6348,97.17
6348,97.17
6348,98.08
6348,98.61
6348,99.38
6350,99.32
6350,99.32
6350,99.32
6350,99.32
6350,99.32
6350,99.32
6351,99.42
6351,99.42
6351,99.42
6351,99.42
6351,99.42
6351,99.52
6352,99.52
6352,99.52
6352,99.52
6352,99.52
6352,99.52
6353,98.95
6353,99.48
6354,99.44
6354,99.51
6356,99.43
6356,99.43
6356,99.43
6356,99.46
6357,99.48
6359,99.47
6361,99.42
6361,99.42
6361,99.42
6361,99.42
6361,99.43
6361,99.46
6363,99.51
6365,99.52
6369,99.50
6369,99.50
6370,99.52
6370,99.52
6370,99.52
6370,99.52
6370,99.52
6370,99.52
6372,99.35
6375,99.46
6376,99.40
6376,99.40
6376,99.40
6376,99.40
6376,99.40
6376,99.42
6377,99.41
6377,99.49
6377,99.49
6377,99.49
6377,99.49
6377,99.49
6378,99.37
6378,99.37
6378,99.37
6378,99.38
6378,99.38
6378,99.38
6378,99.38
6378,99.38
6378,99.38
6378,99.38
6378,99.40
6378,99.42
6378,99.52
6378,99.52
6378,99.52
6378,99.52
6378,99.52
6379,99.31
6379,99.51
6379,99.51
6379,99.51
6379,99.51
6379,99.51
6379,99.51
6380,99.51
6381,99.48
6383,99.49
6384,98.76
6384,98.76
6384,98.76
6384,98.76
6384,98.76
6384,99.09
6386,99.51
6390,99.51
6390,99.51
6390,99.51
6390,99.51
6390,99.51
6390,99.51
6391,99.39
6397,99.49
6397,99.49
6397,99.49
6397,99.49
6397,99.49
6397,99.50
6397,99.51
6397,99.51
6397,99.51
6397,99.51
6397,99.51
6398,99.46
6398,99.46
6398,99.46
6398,99.46
6398,99.46
6400,99.51
6400,99.51
6400,99.51
6400,99.51
6400,99.51
6400,99.51
6401,99.42
6401,99.47
6401,99.48
6401,99.48
6401,99.48
6401,99.48
6401,99.48
6402,99.43
6402,99.43
6402,99.43
6402,99.43
6402,99.43
6402,99.51
6402,99.51
6402,99.51
6402,99.51
6402,99.51
6402,99.51
6403,99.39
6403,99.39
6403,99.39
6403,99.39
6403,99.39
6403,99.51
6406,99.37
6407,99.28
6407,99.48
6407,99.48
6407,99.49
6407,99.49
6407,99.50
6407,99.50
6407,99.50
6407,99.50
6407,99.50
6407,99.50
6410,99.47
6410,99.47
6410,99.47
6410,99.47
6410,99.47
6412,99.11
6412,99.11
6412,99.14
6412,99.16
6412,99.18
6414,99.51
6414,99.51
6414,99.51
6414,99.51
6414,99.51
6416,99.25
6419,99.45
6419,99.45
6419,99.45
6419,99.45
6419,99.45
6420,99.41
6420,99.41
6420,99.41
6420,99.41
6420,99.41
6420,99.41
6420,99.51
6422,99.39
6422,99.41
6422,99.41
6422,99.43
6422,99.43
6422,99.43
6422,99.46
6425,99.17
6425,99.37
6426,99.51
6426,99.51
6426,99.51
6426,99.51
6426,99.51
6426,99.51
6427,99.48
6427,99.48
6427,99.48
6427,99.48
6427,99.48
6427,99.49
6428,99.34
6428,99.34
6428,99.35
6428,99.35
6428,99.35
6428,99.35
6429,99.15
6429,99.15
6429,99.15
6429,99.15
6429,99.15
6431,99.49
6432,99.49
6432,99.49
6432,99.49
6432,99.49
6434,99.39
6434,99.39
6434,99.39
6434,99.39
6434,99.39
6434,99.42
6434,99.51
6434,99.51
6434,99.51
6434,99.51
6434,99.51
6434,99.51
6436,99.36
6436,99.36
6436,99.36
6436,99.36
6436,99.36
6437,99.48
6437,99.48
6437,99.48
6437,99.48
6437,99.48
6438,99.39
6438,99.39
6438,99.39
6438,99.39
6438,99.39
6438,99.51
6439,99.51
6440,99.32
6442,99.51
6442,99.51
6442,99.51
6442,99.51
6442,99.51
6442,99.51
6442,99.51
6443,99.39
6443,99.39
6443,99.39
6443,99.39
6443,99.39
6443,99.47
6443,99.50
6443,99.50
6443,99.50
6443,99.50
6444,99.49
6444,99.49
6444,99.49
6444,99.49
6444,99.49
6444,99.51
6446,99.44
6446,99.44
6446,99.44
6446,99.44
6446,99.44
6448,99.49
6448,99.49
6448,99.49
6449,99.28
6450,99.34
6450,99.34
6450,99.34
6450,99.34
6450,99.41
6450,99.51
6450,99.51
6450,99.51
6450,99.51
6450,99.51
6450,99.51
6451,99.45
6451,99.45
6451,99.45
6451,99.45
6451,99.51
6451,99.51
6451,99.51
6451,99.51
6451,99.51
6453,99.41
6453,99.41
6453,99.41
6453,99.41
6453,99.43
6453,99.45
6453,99.46
6453,99.49
6453,99.51
6453,99.51
6453,99.51
6453,99.51
6453,99.51
6453,99.51
6454,99.48
6454,99.51
6454,99.51
6454,99.51
6454,99.51
6454,99.51
6454,99.51
6457,99.47
6457,99.49
6457,99.51
6457,99.51
6457,99.51
6457,99.51
6457,99.51
6457,99.51
6458,99.25
6458,99.45
6458,99.49
6459,99.51
6460,99.49
6460,99.49
6460,99.49
6460,99.49
6462,99.42
6462,99.42
6462,99.43
6462,99.45
6462,99.47
6462,99.48
6462,99.48
6462,99.48
6462,99.48
6462,99.48
6462,99.48
6463,99.26
6464,99.48
6464,99.48
6464,99.48
6464,99.48
6464,99.48
6464,99.50
6465,99.45
6465,99.48
6467,99.48
6467,99.50
6467,99.50
6467,99.50
6467,99.50
6467,99.50
6467,99.50
6467,99.51
6467,99.51
6468,99.47
6468,99.47
6468,99.47
6468,99.47
6468,99.47
6468,99.49
6468,99.49
6468,99.50
6469,99.40
6469,99.40
6469,99.40
6469,99.40
6472,99.43
6473,99.47
6474,99.39
6474,99.39
6474,99.39
6474,99.39
6474,99.39
6474,99.39
6475,99.51
6475,99.51
6475,99.51
6475,99.51
6475,99.51
6475,99.51
6477,99.32
6477,99.32
6477,99.32
6477,99.32
6477,99.32
6477,99.49
6477,99.49
6477,99.49
6479,99.40
6479,99.50
6480,99.51
6480,99.51
6480,99.51
6480,99.51
6480,99.51
6480,99.51
6481,99.44
6481,99.50
6481,99.50
6481,99.50
6482,99.50
6482,99.50
6482,99.50
6482,99.50
6483,99.51
6483,99.51
6483,99.51
6483,99.51
6483,99.51
6483,99.51
6485,99.20
6485,99.20
6485,99.20
6485,99.21
6485,99.21
6485,99.24
6488,99.51
6488,99.51
6488,99.51
6488,99.51
6488,99.51
6488,99.51
6491,99.51
6493,99.47
6493,99.48
6493,99.48
6493,99.48
6493,99.48
6493,99.51
6493,99.51
6493,99.51
6493,99.51
6493,99.51
6493,99.51
6495,99.51
6495,99.51
6495,99.51
6495,99.51
6495,99.51
6495,99.51
6496,99.35
6496,99.35
6496,99.35
6496,99.35
6496,99.36
6498,99.40
6498,99.40
6498,99.40
6498,99.40
6498,99.42
6498,99.43
6500,99.36
6500,99.36
6500,99.36
6500,99.36
6500,99.37
6500,99.49
6500,99.49
6502,99.45
6502,99.51
6502,99.51
6502,99.51
6502,99.51
6502,99.51
6503,99.51
6503,99.51
6503,99.51
6503,99.51
6503,99.51
6503,99.51
6505,99.41
6507,99.46
6507,99.46
6507,99.46
6507,99.46
6507,99.46
6511,99.47
6511,99.47
6511,99.47
6511,99.47
6511,99.47
6512,99.50
6512,99.50
6512,99.50
6512,99.50
6512,99.50
6514,99.50
6514,99.50
6514,99.50
6514,99.50
6514,99.50
6514,99.50
6515,99.48
6515,99.48
6515,99.48
6515,99.50
6518,99.50
6518,99.50
6518,99.50
6520,99.48
6523,99.50
6523,99.50
6523,99.50
6523,99.50
6523,99.50
6524,99.48
6524,99.48
6524,99.48
6524,99.48
6524,99.50
6525,99.50
6527,99.50
6532,99.50
6533,99.49
6533,99.49
6533,99.50
6534,99.43
6534,99.43
6534,99.45
6534,99.47
6535,99.50
6535,99.50
6535,99.50
6535,99.50
6535,99.50
6535,99.50
6536,99.47
6537,99.49
6538,99.47
6538,99.47
6538,99.48
6538,99.48
6538,99.50
6539,99.44
6539,99.44
6539,99.46
6540,99.45
6540,99.45
6540,99.45
6540,99.49
6540,99.49
6540,99.49
6540,99.50
6544,99.20
6544,99.20
6544,99.20
6544,99.20
6544,99.20
6544,99.20
6545,99.20
6545,99.20
6545,99.20
6545,99.20
6545,99.20
6545,99.21
6545,99.50
6545,99.50
6545,99.50
6545,99.50
6545,99.50
6545,99.50
6546,99.39
6547,99.38
6548,99.50
6548,99.50
6548,99.50
6548,99.50
6548,99.50
6548,99.50
6549,99.45
6550,99.50
6551,99.45
6551,99.50
6552,97.90
6552,97.90
6552,97.90
6552,97.90
6552,97.90
6552,98.02
6553,99.29
6553,99.29
6553,99.32
6553,99.32
6553,99.32
6554,99.50
6557,99.50
6558,99.42
6558,99.42
6558,99.42
6558,99.42
6558,99.42
6558,99.46
6558,99.46
6558,99.47
6558,99.47
6558,99.47
6558,99.47
6558,99.47
6558,99.47
6558,99.49
6559,99.22
6559,99.22
6559,99.22
6559,99.41
6559,99.41
6559,99.41
6559,99.41
6559,99.42
6560,99.48
6560,99.48
6560,99.48
6560,99.48
6560,99.48
6560,99.48
6561,99.39
6561,99.39
6561,99.39
6561,99.39
6561,99.40
6562,99.39
6562,99.39
6562,99.39
6562,99.42
6564,99.49
6566,99.48
6568,99.40
6568,99.40
6568,99.40
6568,99.40
6568,99.40
6568,99.42
6570,99.44
6570,99.44
6570,99.44
6570,99.44
6570,99.44
6571,99.35
6571,99.35
6571,99.35
6571,99.35
6571,99.36
6571,99.49
6572,99.32
6572,99.32
6572,99.32
6572,99.32
6573,99.37
6573,99.41
6576,99.49
6576,99.49
6576,99.49
6576,99.49
6577,99.45
6577,99.50
6577,99.50
6577,99.50
6577,99.50
6577,99.50
6578,99.45
6579,99.49
6579,99.49
6579,99.49
6579,99.50
6579,99.50
6579,99.50
6579,99.50
6582,99.45
6582,99.45
6582,99.45
6582,99.45
6584,99.40
6584,99.50
6586,99.47
6586,99.47
6587,99.19
6587,99.19
6587,99.19
6587,99.19
6587,99.20
6587,99.21
6587,99.45
6587,99.50
6587,99.50
6587,99.50
6590,99.29
6590,99.29
6590,99.29
6590,99.29
6590,99.29
6591,99.36
6591,99.36
6591,99.36
6591,99.36
6591,99.36
6595,99.41
6595,99.41
6595,99.41
6595,99.41
6595,99.41
6596,99.41
6596,99.41
6596,99.41
6596,99.41
6596,99.41
6596,99.45
6600,99.50
6601,99.39
6601,99.39
6601,99.39
6601,99.39
6601,99.40
6603,99.37
6603,99.37
6603,99.37
6603,99.37
6604,99.50
6604,99.50
6604,99.50
6604,99.50
6604,99.50
6606,99.42
6606,99.47
6606,99.47
6606,99.47
6606,99.47
6606,99.47
6606,99.50
6606,99.50
6606,99.50
6606,99.50
6606,99.50
6606,99.50
6608,99.32
6608,99.32
6608,99.33
6608,99.33
6608,99.33
6608,99.35
6609,99.41
6609,99.41
6609,99.41
6609,99.42
6609,99.42
6609,99.43
6610,99.48
6610,99.48
6610,99.48
6610,99.48
6610,99.48
6611,99.45
6611,99.45
6611,99.45
6611,99.45
6611,99.45
6612,99.50
6612,99.50
6612,99.50
6612,99.50
6612,99.50
6612,99.50
6614,99.47
6614,99.47
6614,99.47
6614,99.47
6614,99.47
6614,99.49
6616,99.48
6616,99.48
6616,99.48
6616,99.48
6616,99.48
6617,99.50
6617,99.50
6617,99.50
6617,99.50
6617,99.50
6617,99.50
6618,99.45
6618,99.50
6619,99.47
6621,99.50
6621,99.50
6621,99.50
6621,99.50
6621,99.50
6621,99.50
6623,99.12
6624,99.49
6625,99.50
6625,99.50
6625,99.50
6625,99.50
6625,99.50
6625,99.50
6626,99.21
6626,99.21
6626,99.21
6626,99.21
6626,99.21
6626,99.23
6627,99.50
6627,99.50
6627,99.50
6627,99.50
6627,99.50
6627,99.50
6627,99.50
6627,99.50
6627,99.50
6627,99.50
6627,99.50
6628,99.39
6628,99.39
6628,99.39
6628,99.39
6628,99.39
6628,99.39
6628,99.40
6628,99.40
6628,99.40
6628,99.40
6628,99.40
6628,99.41
6631,99.49
6634,99.49
6634,99.49
6634,99.49
6634,99.49
6634,99.49
6634,99.50
6634,99.50
6634,99.50
6634,99.50
6634,99.50
6639,99.47
6639,99.47
6639,99.47
6639,99.47
6639,99.47
6639,99.47
6640,99.50
6640,99.50
6644,99.48
6644,99.49
6644,99.49
6644,99.49
6644,99.49
6644,99.49
6645,99.47
6645,99.49
6646,98.96
6646,99.42
6646,99.47
6646,99.47
6646,99.47
6646,99.47
6646,99.49
6650,99.38
6651,99.39
6651,99.39
6651,99.40
6651,99.40
6651,99.40
6652,99.30
6652,99.49
6652,99.49
6652,99.49
6652,99.49
6652,99.49
6652,99.49
6653,99.45
6653,99.45
6653,99.45
6653,99.45
6653,99.47
6655,99.41
6655,99.41
6655,99.41
6655,99.41
6655,99.41
6658,98.01
6658,99.47
6658,99.47
6658,99.47
6658,99.47
6658,99.47
6658,99.49
6658,99.49
6658,99.49
6658,99.49
6658,99.49
6659,99.47
6659,99.49
6659,99.49
6659,99.49
6659,99.49
6659,99.49
6659,99.49
6660,99.16
6660,99.16
6660,99.16
6660,99.16
6660,99.16
6660,99.16
6661,99.37
6661,99.37
6661,99.37
6661,99.37
6661,99.37
6661,99.37
6663,99.46
6663,99.46
6663,99.46
6663,99.46
6663,99.46
6663,99.49
6664,99.49
6664,99.49
6664,99.49
6664,99.49
6664,99.49
6665,99.49
6665,99.49
6665,99.49
6665,99.49
6665,99.49
6665,99.49
6668,99.46
6668,99.46
6668,99.46
6668,99.46
6668,99.46
6671,99.41
6674,99.48
6675,99.47
6675,99.48
6675,99.48
6677,99.43
6677,99.43
6677,99.43
6677,99.43
6677,99.43
6678,99.46
6678,99.49
6678,99.49
6678,99.49
6678,99.49
6678,99.49
6679,99.34
6679,99.34
6679,99.36
6679,99.37
6679,99.44
6681,99.49
6681,99.49
6681,99.49
6681,99.49
6681,99.49
6681,99.49
6682,99.32
6682,99.32
6682,99.32
6682,99.32
6682,99.32
6682,99.32
6684,99.37
6684,99.37
6684,99.37
6684,99.37
6684,99.38
6684,99.46
6685,99.41
6687,99.41
6687,99.48
6687,99.48
6688,99.35
6688,99.35
6688,99.35
6688,99.42
6688,99.42
6688,99.42
6688,99.42
6688,99.42
6688,99.46
6688,99.46
6688,99.46
6688,99.46
6688,99.46
6689,99.49
6689,99.49
6689,99.49
6689,99.49
6689,99.49
6694,99.45
6695,99.49
6697,99.18
6697,99.18
6697,99.19
6697,99.19
6697,99.20
6697,99.49
6697,99.49
6697,99.49
6697,99.49
6697,99.49
6697,99.49
6698,99.40
6698,99.40
6698,99.40
6698,99.40
6698,99.40
6699,98.97
6699,99.26
6699,99.26
6699,99.26
6699,99.26
6699,99.26
6699,99.34
6699,99.42
6699,99.42
6699,99.42
6699,99.42
6699,99.42
6699,99.49
6699,99.49
6699,99.49
6699,99.49
6699,99.49
6704,99.03
6704,99.03
6704,99.03
6704,99.03
6704,99.07
6704,99.07
6704,99.36
6704,99.43
6704,99.43
6704,99.43
6704,99.43
6704,99.43
6704,99.46
6704,99.46
6704,99.46
6704,99.46
6704,99.47
6705,99.49
6706,99.49
6706,99.49
6708,99.48
6708,99.49
6708,99.49
6708,99.49
6708,99.49
6708,99.49
6708,99.49
6713,99.15
6713,99.49
6713,99.49
6713,99.49
6713,99.49
6713,99.49
6713,99.49
6714,99.49
6714,99.49
6715,99.49
6717,99.40
6717,99.40
6717,99.49
6717,99.49
6717,99.49
6717,99.49
6717,99.49
6717,99.49
6719,99.47
6719,99.47
6719,99.47
6719,99.48
6719,99.48
6719,99.48
6719,99.48
6719,99.48
6720,99.44
6720,99.44
6720,99.46
6720,99.46
6720,99.46
6724,99.19
6724,99.19
6724,99.19
6724,99.19
6724,99.23
6724,99.28
6724,99.28
6724,99.28
6724,99.28
6724,99.29
6725,99.38
6725,99.49
6725,99.49
6725,99.49
6725,99.49
6725,99.49
6725,99.49
6727,99.49
6728,99.47
6728,99.49
6728,99.49
6728,99.49
6728,99.49
6728,99.49
6730,99.45
6730,99.45
6730,99.45
6730,99.45
6730,99.46
6730,99.48
6730,99.48
6730,99.48
6730,99.48
6730,99.48
6730,99.49
6732,99.45
6732,99.45
6732,99.45
6732,99.45
6732,99.46
6735,99.46
6735,99.49
6736,99.47
6736,99.47
6736,99.47
6736,99.47
6736,99.49
6737,99.44
6737,99.44
6737,99.44
6737,99.44
6737,99.44
6738,99.32
6738,99.32
6738,99.32
6738,99.37
6738,99.37
6738,99.37
6738,99.37
6738,99.37
6738,99.46
6739,99.40
6739,99.40
6739,99.40
6739,99.40
6739,99.40
6739,99.47
6739,99.49
6739,99.49
6739,99.49
6739,99.49
6739,99.49
6739,99.49
6741,99.47
6741,99.47
6741,99.47
6741,99.48
6742,99.33
6742,99.46
6742,99.49
6742,99.49
6742,99.49
6742,99.49
6742,99.49
6743,99.35
6743,99.35
6743,99.35
6743,99.35
6743,99.36
6743,99.38
6746,99.41
6746,99.41
6746,99.41
6746,99.41
6746,99.49
6749,99.44
6750,99.49
6750,99.49
6750,99.49
6750,99.49
6750,99.49
6750,99.49
6750,99.49
6751,99.19
6751,99.19
6751,99.22
6751,99.22
6751,99.22
6751,99.22
6752,99.47
6752,99.49
6756,99.48
6757,99.47
6758,99.47
6758,99.47
6758,99.47
6758,99.47
6758,99.47
6759,99.46
6759,99.46
6759,99.46
6759,99.46
6759,99.46
6760,99.42
6760,99.42
6760,99.42
6760,99.42
6760,99.42
6760,99.44
6762,99.49
6762,99.49
6762,99.49
6762,99.49
6762,99.49
6762,99.49
6763,99.49
6763,99.49
6763,99.49
6763,99.49
6763,99.49
6766,99.20
6766,99.20
6766,99.20
6766,99.24
6767,99.14
6767,99.14
6767,99.14
6767,99.14
6767,99.19
6767,99.32
6767,99.41
6767,99.41
6767,99.41
6767,99.41
6767,99.41
6770,99.48
6770,99.48
6770,99.48
6770,99.48
6770,99.48
6772,99.49
6772,99.49
6772,99.49
6772,99.49
6772,99.49
6772,99.49
6772,99.49
6772,99.49
6773,99.49
6774,99.38
6774,99.38
6774,99.39
6774,99.39
6774,99.39
6774,99.39
6774,99.45
6775,99.44
6780,99.41
6780,99.41
6780,99.41
6780,99.41
6780,99.41
6780,99.48
6782,99.48
6782,99.48
6782,99.48
6782,99.48
6782,99.48
6782,99.48
6783,99.48
6789,99.43
6789,99.43
6789,99.43
6789,99.43
6789,99.43
6790,99.48
6790,99.48
6790,99.48
6790,99.48
6790,99.48
6790,99.48
6791,99.45
6791,99.45
6791,99.45
6791,99.45
6791,99.45
6791,99.45
6791,99.47
6791,99.48
6791,99.48
6791,99.48
6791,99.48
6791,99.48
6792,99.48
6796,99.48
6796,99.48
6796,99.48
6796,99.48
6801,99.47
6802,99.48
6804,99.48
6804,99.48
6804,99.48
6804,99.48
6804,99.48
6806,99.24
6807,99.23
6807,99.23
6807,99.26
6807,99.26
6807,99.26
6807,99.30
6810,99.23
6810,99.23
6810,99.23
6810,99.23
6810,99.24
6810,99.24
6810,99.38
6810,99.38
6810,99.46
6813,99.37
6814,99.48
6815,99.28
6817,99.25
6817,99.25
6817,99.26
6817,99.26
6817,99.26
6817,99.28
6820,99.24
6820,99.24
6820,99.24
6820,99.24
6820,99.24
6820,99.33
6820,99.42
6820,99.42
6820,99.42
6820,99.42
6820,99.42
6821,98.78
6821,98.78
6821,98.79
6821,98.79
6821,98.79
6821,98.90
6823,99.40
6823,99.40
6823,99.40
6823,99.40
6823,99.41
6823,99.44
6824,99.48
6824,99.48
6824,99.48
6825,99.47
6826,99.43
6826,99.43
6826,99.43
6826,99.43
6826,99.43
6826,99.43
6827,99.48
6827,99.48
6827,99.48
6827,99.48
6827,99.48
6827,99.48
6827,99.48
6828,99.41
6828,99.44
6829,99.48
6829,99.48
6830,99.48
6830,99.48
6830,99.48
6830,99.48
6830,99.48
6831,99.48
6831,99.48
6831,99.48
6831,99.48
6831,99.48
6831,99.48
6831,99.48
6831,99.48
6831,99.48
6831,99.48
6833,99.47
6834,99.21
6834,99.21
6834,99.21
6834,99.21
6834,99.21
6834,99.31
6834,99.47
6838,99.21
6838,99.21
6838,99.21
6838,99.21
6838,99.21
6838,99.24
6838,99.30
6838,99.30
6838,99.30
6838,99.30
6838,99.37
6838,99.43
6839,99.34
6839,99.34
6839,99.34
6839,99.34
6839,99.34
6839,99.38
6839,99.38
6839,99.38
6839,99.38
6839,99.38
6839,99.38
6841,99.26
6841,99.26
6841,99.26
6841,99.27
6841,99.27
6841,99.27
6841,99.48
6843,99.32
6843,99.32
6843,99.32
6843,99.32
6843,99.32
6843,99.32
6843,99.36
6843,99.36
6843,99.36
6843,99.37
6843,99.38
6843,99.44
6843,99.48
6844,99.48
6846,99.38
6846,99.38
6846,99.38
6846,99.38
6846,99.38
6847,99.42
6847,99.45
6847,99.46
6848,99.38
6848,99.46
6848,99.48
6848,99.48
6849,99.48
6849,99.48
6849,99.48
6849,99.48
6849,99.48
6849,99.48
6850,99.37
6850,99.37
6850,99.37
6850,99.37
6850,99.37
6850,99.43
6851,99.34
6851,99.48
6852,99.39
6852,99.39
6852,99.39
6852,99.39
6852,99.39
6853,99.12
6854,99.40
6855,99.42
6855,99.42
6855,99.42
6855,99.42
6855,99.42
6855,99.42
6855,99.45
6855,99.46
6857,99.48
6857,99.48
6857,99.48
6859,99.19
6859,99.19
6859,99.19
6859,99.19
6859,99.21
6859,99.23
6861,98.85
6861,98.85
6861,99.02
6861,99.18
6861,99.22
6867,99.38
6867,99.38
6867,99.40
6867,99.40
6867,99.40
6867,99.40
6868,97.38
6868,97.38
6868,97.43
6868,97.43
6868,97.43
6868,97.59
6868,99.48
6868,99.48
6868,99.48
6868,99.48
6868,99.48
6868,99.48
6868,99.48
6868,99.48
6868,99.48
6868,99.48
6868,99.48
6868,99.48
6870,99.35
6870,99.35
6870,99.35
6870,99.35
6870,99.35
6873,99.44
6873,99.48
6876,99.48
6876,99.48
6876,99.48
6876,99.48
6876,99.48
6876,99.48
6879,99.38
6879,99.38
6879,99.38
6879,99.38
6879,99.38
6880,99.47
6880,99.47
6880,99.47
6880,99.47
6880,99.47
6886,99.48
6886,99.48
6886,99.48
6886,99.48
6886,99.48
6888,99.48
6888,99.48
6888,99.48
6888,99.48
6888,99.48
6889,99.46
6889,99.46
6889,99.46
6889,99.48
6892,99.44
6892,99.45
6894,99.48
6894,99.48
6894,99.48
6895,99.36
6895,99.36
6895,99.36
6895,99.36
6895,99.36
6895,99.37
6895,99.37
6895,99.48
6895,99.48
6895,99.48
6895,99.48
6895,99.48
6896,99.32
6899,99.48
6899,99.48
6900,99.44
6900,99.47
6901,99.48
6901,99.48
6903,99.42
6903,99.42
6903,99.42
6904,99.39
6904,99.39
6904,99.39
6904,99.46
6904,99.48
6904,99.48
6904,99.48
6904,99.48
6904,99.48
6904,99.48
6904,99.48
6905,99.29
6905,99.29
6905,99.29
6905,99.29
6905,99.29
6905,99.45
6907,99.36
6910,99.47
6910,99.47
6911,99.42
6912,99.47
6912,99.47
6914,99.46
6914,99.46
6914,99.46
6914,99.46
6914,99.46
6915,99.42
6915,99.42
6915,99.42
6915,99.42
6916,99.45
6917,99.47
6918,99.46
6918,99.46
6918,99.46
6918,99.46
6918,99.46
6920,99.35
6920,99.35
6920,99.35
6920,99.35
6920,99.35
6920,99.36
6920,99.47
6920,99.47
6920,99.47
6920,99.47
6920,99.47
6920,99.47
6922,99.39
6922,99.39
6922,99.41
6922,99.41
6922,99.41
6922,99.42
6922,99.46
6922,99.46
6922,99.46
6922,99.46
6922,99.46
6923,98.84
6923,98.84
6923,98.86
6923,98.87
6923,98.90
6923,99.01
6924,98.90
6924,98.90
6924,98.93
6924,99.43
6924,99.43
6924,99.44
6924,99.47
6924,99.47
6925,99.29
6925,99.40
6925,99.40
6925,99.40
6925,99.40
6925,99.40
6925,99.40
6925,99.47
6925,99.47
6925,99.47
6925,99.47
6925,99.47
6925,99.47
6926,99.40
6926,99.42
6926,99.44
6927,99.46
6929,99.38
6930,99.44
6930,99.47
6931,99.37
6931,99.37
6932,99.46
6933,99.40
6934,99.44
6934,99.44
6935,99.47
6935,99.47
6935,99.47
6935,99.47
6935,99.47
6937,99.25
6937,99.25
6937,99.25
6937,99.25
6937,99.25
6937,99.25
6938,99.43
6938,99.43
6938,99.43
6940,98.87
6940,99.35
6941,99.42
6941,99.42
6941,99.42
6941,99.42
6941,99.42
6941,99.45
6941,99.45
6941,99.45
6941,99.45
6943,99.19
6943,99.19
6943,99.19
6943,99.19
6943,99.19
6943,99.20
6943,99.47
6943,99.47
6943,99.47
6943,99.47
6943,99.47
6944,99.45
6944,99.47
6944,99.47
6946,99.47
6946,99.47
6946,99.47
6946,99.47
6946,99.47
6946,99.47
6948,99.46
6950,99.46
6950,99.46
6950,99.46
6951,99.47
6951,99.47
6951,99.47
6951,99.47
6951,99.47
6951,99.47
6952,99.41
6952,99.45
6953,99.43
6953,99.43
6953,99.47
6954,99.46
6956,99.41
6960,99.42
6960,99.44
6965,99.38
6965,99.38
6965,99.38
6965,99.38
6965,99.38
6965,99.38
6967,99.47
6967,99.47
6969,98.77
6969,98.77
6969,98.77
6969,98.77
6969,98.77
6969,98.80
6969,99.47
6969,99.47
6969,99.47
6970,98.63
6970,99.47
6970,99.47
6970,99.47
6970,99.47
6970,99.47
6971,99.35
6971,99.35
6971,99.35
6971,99.35
6971,99.36
6972,99.07
6972,99.07
6972,99.07
6972,99.07
6972,99.07
6972,99.08
6972,99.47
6972,99.47
6972,99.47
6972,99.47
6972,99.47
6972,99.47
6974,99.37
6975,99.46
6975,99.46
6975,99.46
6975,99.46
6975,99.46
6977,99.24
6977,99.44
6978,99.38
6978,99.38
6978,99.38
6978,99.46
6981,99.45
6981,99.45
6981,99.46
6981,99.46
6983,99.45
6983,99.45
6983,99.45
6985,99.37
6985,99.43
6985,99.43
6985,99.43
6985,99.44
6986,99.46
6986,99.46
6987,99.47
6987,99.47
6987,99.47
6987,99.47
6987,99.47
6987,99.47
6989,99.47
6991,99.31
6991,99.31
6991,99.31
6991,99.31
6991,99.31
6991,99.33
6991,99.33
6991,99.33
6991,99.33
6991,99.33
6991,99.33
6991,99.40
6991,99.42
6991,99.42
6991,99.42
6991,99.42
6991,99.42
6993,99.31
6993,99.35
6993,99.35
6993,99.36
6993,99.36
6993,99.36
6993,99.39
6993,99.40
6995,99.41
6997,99.29
6997,99.38
6997,99.38
6997,99.38
6997,99.38
6997,99.40
7001,99.00
7001,99.00
7001,99.00
7001,99.06
7004,99.22
7004,99.22
7004,99.37
7004,99.37
7004,99.37
7004,99.37
7005,99.46
7005,99.46
7005,99.47
7005,99.47
7006,99.38
7006,99.38
7006,99.38
7006,99.38
7006,99.38
7006,99.45
7007,99.46
7007,99.46
7007,99.46
7007,99.46
7007,99.46
7007,99.46
7008,99.25
7008,99.25
7008,99.25
7008,99.25
7008,99.25
7008,99.25
7008,99.46
7009,99.34
7010,99.28
7010,99.28
7010,99.28
7010,99.28
7010,99.28
7010,99.28
7010,99.46
7011,99.36
7011,99.36
7011,99.36
7011,99.36
7011,99.36
7011,99.40
7014,99.43
7014,99.43
7014,99.43
7014,99.44
7015,99.37
7015,99.47
7015,99.47
7015,99.47
7015,99.47
7015,99.47
7016,99.45
7016,99.45
7016,99.46
7016,99.47
7017,99.46
7018,99.47
7018,99.47
7018,99.47
7018,99.47
7018,99.47
7018,99.47
7019,99.29
7019,99.29
7019,99.31
7019,99.31
7019,99.32
7019,99.34
7020,99.38
7020,99.47
7021,99.32
7021,99.32
7021,99.32
7021,99.32
7021,99.32
7021,99.33
7021,99.40
7021,99.40
7021,99.40
7021,99.41
7021,99.46
7022,99.36
7025,99.34
7026,99.13
7026,99.19
7026,99.27
7028,99.42
7028,99.42
7029,99.16
7029,99.16
7029,99.17
7032,99.46
7032,99.47
7038,99.43
7038,99.43
7039,99.44
7040,99.29
7040,99.29
7040,99.29
7040,99.30
7040,99.40
7041,99.40
7041,99.40
7041,99.40
7041,99.40
7041,99.40
7041,99.46
7041,99.46
7041,99.46
7041,99.46
7041,99.46
7042,99.43
7043,99.41
7043,99.43
7045,99.46
7045,99.46
7045,99.46
7045,99.46
7045,99.46
7045,99.46
7046,99.43
7046,99.46
7046,99.46
7046,99.46
7046,99.46
7046,99.46
7046,99.46
7046,99.46
7048,99.46
7048,99.46
7048,99.46
7048,99.46
7051,99.45
7051,99.45
7051,99.45
7051,99.46
7051,99.46
7053,99.43
7053,99.46
7053,99.46
7053,99.46
7053,99.46
7053,99.46
7053,99.46
7054,99.37
7054,99.37
7054,99.37
7054,99.37
7054,99.37
7054,99.37
7054,99.45
7055,99.46
7055,99.46
7055,99.46
7055,99.46
7056,99.46
7056,99.46
7056,99.46
7056,99.46
7056,99.46
7056,99.46
7057,99.46
7057,99.46
7057,99.46
7057,99.46
7058,99.30
7058,99.30
7058,99.32
7058,99.32
7058,99.32
7058,99.32
7058,99.46
7059,99.28
7059,99.28
7059,99.28
7059,99.28
7059,99.29
7059,99.29
7062,99.41
7062,99.41
7062,99.41
7062,99.46
7063,99.23
7063,99.23
7063,99.23
7063,99.23
7063,99.23
7063,99.41
7063,99.41
7063,99.41
7063,99.41
7063,99.41
7063,99.41
7064,99.46
7064,99.46
7064,99.46
7064,99.46
7064,99.46
7064,99.46
7065,98.87
7065,98.87
7065,98.87
7065,98.87
7065,98.87
7065,98.90
7067,99.44
7067,99.44
7067,99.44
7067,99.44
7067,99.44
7069,99.45
7071,99.36
7071,99.36
7071,99.39
7071,99.39
7071,99.39
7071,99.39
7071,99.39
7072,99.46
7078,99.45
7078,99.45
7078,99.46
7078,99.46
7079,99.46
7079,99.46
7079,99.46
7079,99.46
7079,99.46
7080,99.46
7080,99.46
7080,99.46
7080,99.46
7080,99.46
7082,99.43
7082,99.46
7086,99.46
7086,99.46
7086,99.46
7086,99.46
7086,99.46
7087,99.39
7087,99.46
7087,99.46
7087,99.46
7087,99.46
7087,99.46
7087,99.46
7088,98.85
7088,98.85
7088,98.85
7088,98.87
7088,98.90
7088,99.03
7089,99.31
7089,99.31
7089,99.31
7089,99.32
7089,99.33
7093,99.07
7094,99.46
7094,99.46
7095,99.45
7095,99.45
7095,99.45
7095,99.45
7095,99.45
7099,99.46
7099,99.46
7099,99.46
7099,99.46
7101,99.46
7101,99.46
7101,99.46
7101,99.46
7101,99.46
7101,99.46
7102,99.37
7102,99.37
7102,99.37
7102,99.37
7102,99.38
7102,99.46
7102,99.46
7102,99.46
7102,99.46
7102,99.46
7105,99.45
7105,99.45
7105,99.45
7105,99.45
7105,99.45
7106,99.46
7106,99.46
7106,99.46
7106,99.46
7106,99.46
7108,99.44
7108,99.44
7109,99.41
7109,99.43
7111,99.46
7111,99.46
7111,99.46
7111,99.46
7111,99.46
7111,99.46
7111,99.46
7111,99.46
7111,99.46
7111,99.46
7111,99.46
7111,99.46
7112,99.32
7112,99.32
7112,99.32
7112,99.32
7112,99.32
7112,99.43
7112,99.43
7112,99.43
7112,99.45
7112,99.45
7112,99.45
7113,99.45
7113,99.45
7113,99.45
7113,99.45
7113,99.45
7114,99.42
7115,99.40
7115,99.40
7115,99.41
7117,99.45
7119,99.46
7120,99.41
7120,99.46
7120,99.46
7120,99.46
7120,99.46
7120,99.46
7120,99.46
7122,99.38
7122,99.38
7122,99.39
7122,99.39
7122,99.39
7122,99.40
7123,99.46
7123,99.46
7124,99.39
7124,99.46
7125,99.45
7126,99.46
7126,99.46
7126,99.46
7126,99.46
7126,99.46
7126,99.46
7127,99.45
7127,99.45
7127,99.45
7127,99.45
7127,99.45
7127,99.45
7127,99.46
7128,98.85
7128,98.85
7128,98.85
7128,98.85
7128,98.85
7128,99.05
7129,99.46
7129,99.46
7129,99.46
7129,99.46
7129,99.46
7129,99.46
7131,99.46
7131,99.46
7131,99.46
7133,99.13
7133,99.46
7133,99.46
7133,99.46
7133,99.46
7133,99.46
7134,99.21
7134,99.21
7134,99.21
7134,99.21
7134,99.24
7134,99.29
7138,99.44
7138,99.44
7138,99.44
7138,99.44
7138,99.44
7140,99.39
7141,99.27
7141,99.28
7141,99.43
7146,99.24
7146,99.24
7146,99.24
7146,99.24
7146,99.27
7146,99.32
7146,99.42
7146,99.43
7146,99.44
7146,99.45
7147,99.44
7147,99.46
7147,99.46
7147,99.46
7147,99.46
7147,99.46
7148,99.33
7148,99.33
7148,99.33
7148,99.33
7148,99.33
7148,99.34
7148,99.42
7148,99.42
7148,99.42
7148,99.42
7148,99.42
7148,99.42
7149,99.39
7149,99.39
7149,99.45
7149,99.46
7151,99.07
7151,99.46
7151,99.46
7151,99.46
7151,99.46
7152,99.37
7152,99.37
7152,99.37
7152,99.38
7152,99.38
7152,99.40
7152,99.43
7152,99.44
7152,99.44
7152,99.44
7152,99.44
7152,99.44
7152,99.45
7155,99.39
7155,99.39
7155,99.39
7155,99.39
7155,99.39
7155,99.40
7155,99.40
7155,99.40
7155,99.46
7157,99.44
7162,98.86
7162,98.86
7162,98.86
7162,98.86
7162,98.86
7164,99.39
7164,99.44
7164,99.45
7164,99.45
7164,99.45
7164,99.45
7164,99.45
7166,99.45
7166,99.45
7166,99.45
7166,99.45
7166,99.45
7166,99.46
7167,99.40
7167,99.40
7167,99.40
7167,99.41
7167,99.41
7168,99.43
7169,99.11
7169,99.11
7169,99.11
7169,99.11
7169,99.16
7173,99.45
7174,99.07
7174,99.07
7174,99.07
7174,99.07
7174,99.07
7174,99.09
7175,99.36
7175,99.36
7175,99.36
7175,99.36
7175,99.38
7176,99.41
7176,99.45
7177,99.24
7177,99.24
7177,99.24
7177,99.24
7177,99.24
7177,99.24
7177,99.43
7179,99.17
7179,99.45
7179,99.45
7179,99.45
7179,99.45
7179,99.45
7180,99.34
7180,99.34
7180,99.36
7181,99.40
7182,99.45
7182,99.45
7182,99.45
7182,99.45
7182,99.45
7182,99.45
7183,99.45
7183,99.45
7183,99.45
7183,99.45
7183,99.45
7183,99.45
7184,99.02
7185,99.28
7185,99.28
7185,99.28
7185,99.28
7185,99.29
7187,99.35
7187,99.35
7187,99.35
7187,99.35
7187,99.35
7188,99.27
7188,99.27
7188,99.27
7188,99.27
7188,99.27
7189,99.45
7189,99.45
7192,99.45
7195,99.40
7195,99.45
7198,99.44
7198,99.44
7198,99.44
7198,99.44
7198,99.44
7201,99.28
7201,99.28
7201,99.28
7201,99.30
7202,99.26
7202,99.26
7202,99.27
7202,99.27
7202,99.28
7202,99.45
7202,99.45
7202,99.45
7202,99.45
7205,99.16
7205,99.16
7205,99.18
7205,99.18
7205,99.21
7205,99.45
7205,99.45
7205,99.45
7208,99.45
7209,99.41
7210,99.22
7210,99.22
7210,99.22
7210,99.23
7210,99.23
7210,99.24
7210,99.44
7211,99.45
7211,99.45
7211,99.45
7211,99.45
7211,99.45
7211,99.45
7213,99.44
7214,99.42
7214,99.42
7214,99.42
7214,99.42
7214,99.44
7215,99.13
7215,99.13
7215,99.13
7215,99.13
7215,99.13
7215,99.22
7215,99.27
7215,99.27
7215,99.27
7215,99.27
7215,99.28
7215,99.37
7216,99.26
7216,99.26
7216,99.26
7216,99.26
7216,99.26
7216,99.26
7216,99.37
7216,99.37
7216,99.37
7216,99.37
7216,99.38
7216,99.45
7216,99.45
7216,99.45
7216,99.45
7216,99.45
7218,99.29
7219,99.41
7219,99.41
7219,99.41
7219,99.41
7221,99.21
7221,99.21
7221,99.21
7221,99.21
7221,99.22
7221,99.37
7221,99.45
7221,99.45
7225,99.37
7225,99.37
7225,99.37
7225,99.37
7225,99.37
7225,99.37
7226,99.45
7226,99.45
7226,99.45
7229,99.12
7229,99.12
7229,99.12
7229,99.12
7229,99.12
7229,99.16
7232,99.45
7232,99.45
7232,99.45
7232,99.45
7232,99.45
7233,99.34
7233,99.34
7233,99.34
7233,99.34
7233,99.34
7233,99.41
7233,99.41
7233,99.41
7233,99.41
7233,99.41
7234,99.30
7234,99.30
7234,99.30
7234,99.30
7234,99.30
7234,99.37
7234,99.45
7234,99.45
7234,99.45
7234,99.45
7234,99.45
7234,99.45
7236,99.29
7236,99.29
7236,99.29
7236,99.29
7236,99.31
7239,99.19
7239,99.19
7239,99.19
7239,99.19
7239,99.20
7239,99.21
7239,99.38
7239,99.38
7239,99.38
7239,99.38
7239,99.38
7239,99.41
7240,99.37
7240,99.37
7240,99.37
7240,99.37
7240,99.37
7240,99.38
7241,99.45
7241,99.45
7241,99.45
7241,99.45
7241,99.45
7241,99.45
7244,99.39
7244,99.39
7249,99.30
7249,99.35
7251,99.45
7251,99.45
7251,99.45
7251,99.45
7251,99.45
7251,99.45
7253,99.34
7255,99.45
7256,99.39
7256,99.39
7256,99.39
7256,99.39
7256,99.44
7258,99.32
7258,99.45
7258,99.45
7258,99.45
7258,99.45
7258,99.45
7258,99.45
7259,99.30
7259,99.30
7259,99.30
7259,99.30
7259,99.31
7259,99.45
7260,99.43
7261,99.27
7261,99.27
7261,99.28
7261,99.29
7261,99.29
7261,99.29
7261,99.40
7261,99.40
7261,99.40
7261,99.40
7261,99.40
7261,99.40
7261,99.43
7261,99.43
7261,99.43
7261,99.43
7261,99.43
7264,99.45
7264,99.45
7264,99.45
7264,99.45
7264,99.45
7266,99.44
7267,99.43
7267,99.45
7267,99.45
7267,99.45
7267,99.45
7267,99.45
7267,99.45
7267,99.45
7267,99.45
7267,99.45
7267,99.45
7268,99.45
7268,99.45
7268,99.45
7268,99.45
7268,99.45
7268,99.45
7268,99.45
7268,99.45
7268,99.45
7268,99.45
7268,99.45
7268,99.45
7269,99.18
7269,99.18
7269,99.19
7269,99.19
7269,99.19
7269,99.27
7271,99.44
7271,99.44
7274,99.03
7274,99.03
7274,99.03
7274,99.03
7274,99.03
7274,99.04
7275,99.45
7275,99.45
7275,99.45
7275,99.45
7275,99.45
7275,99.45
7276,99.32
7277,99.45
7277,99.45
7277,99.45
7277,99.45
7277,99.45
7279,99.30
7279,99.30
7279,99.30
7279,99.30
7279,99.30
7280,99.45
7280,99.45
7280,99.45
7280,99.45
7280,99.45
7280,99.45
7281,99.37
7281,99.37
7281,99.37
7281,99.37
7281,99.37
7281,99.40
7281,99.42
7281,99.42
7282,99.45
7282,99.45
7282,99.45
7282,99.45
7282,99.45
7282,99.45
7283,99.45
7283,99.45
7283,99.45
7283,99.45
7283,99.45
7286,99.38
7286,99.38
7286,99.38
7286,99.38
7286,99.38
7286,99.41
7286,99.43
7286,99.43
7287,99.45
7287,99.45
7287,99.45
7287,99.45
7287,99.45
7287,99.45
7294,99.44
7295,99.42
7295,99.42
7295,99.42
7295,99.42
7295,99.42
7295,99.45
7296,99.45
7296,99.45
7296,99.45
7296,99.45
7296,99.45
7296,99.45
7298,99.43
7298,99.43
7298,99.43
7298,99.43
7298,99.43
7300,99.44
7301,99.41
7301,99.41
7301,99.44
7302,99.19
7302,99.19
7302,99.22
7302,99.22
7302,99.24
7302,99.27
7306,99.42
7306,99.42
7306,99.44
7306,99.44
7306,99.44
7306,99.44
7309,99.39
7309,99.44
7309,99.44
7309,99.44
7309,99.44
7309,99.44
7310,99.36
7310,99.36
7310,99.37
7310,99.37
7310,99.38
7313,99.33
7313,99.33
7313,99.33
7313,99.33
7313,99.33
7315,99.39
7315,99.39
7315,99.40
7315,99.40
7316,98.33
7316,98.33
7316,98.37
7316,98.37
7316,98.39
7316,98.41
7316,99.32
7316,99.43
7319,99.32
7319,99.32
7320,98.77
7320,98.77
7320,98.80
7320,98.80
7320,98.80
7320,98.91
7320,99.37
7323,99.38
7323,99.38
7323,99.38
7323,99.39
7323,99.39
7324,99.39
7325,99.36
7325,99.43
7325,99.44
7325,99.44
7328,99.44
7329,99.42
7329,99.42
7329,99.42
7329,99.42
7330,99.17
7330,99.17
7330,99.17
7330,99.19
7330,99.22
7330,99.44
7331,99.40
7332,99.39
7332,99.39
7332,99.39
7332,99.39
7332,99.39
7332,99.41
7333,99.19
7333,99.19
7333,99.19
7341,99.13
7341,99.38
7342,99.25
7342,99.25
7342,99.26
7342,99.26
7342,99.26
7342,99.26
7346,99.35
7346,99.37
7347,99.41
7347,99.41
7347,99.41
7347,99.41
7347,99.41
7348,99.34
7348,99.34
7348,99.34
7348,99.34
7348,99.35
7350,99.33
7350,99.44
7350,99.44
7350,99.44
7350,99.44
7351,99.42
7352,99.27
7352,99.27
7352,99.27
7352,99.27
7355,99.44
7355,99.44
7355,99.44
7355,99.44
7355,99.44
7356,99.44
7356,99.44
7356,99.44
7356,99.44
7356,99.44
7356,99.44
7357,99.41
7357,99.44
7357,99.44
7357,99.44
7357,99.44
7357,99.44
7357,99.44
7357,99.44
7357,99.44
7359,99.15
7359,99.15
7359,99.18
7359,99.18
7359,99.18
7359,99.25
7359,99.26
7359,99.26
7359,99.27
7359,99.27
7359,99.27
7359,99.28
7360,99.43
7364,98.75
7364,98.75
7364,98.75
7364,98.75
7364,98.75
7364,98.80
7367,99.28
7367,99.37
7367,99.37
7367,99.41
7367,99.41
7368,99.27
7368,99.38
7368,99.42
7368,99.44
7368,99.44
7368,99.44
7369,99.40
7370,99.44
7373,99.44
7373,99.44
7373,99.44
7373,99.44
7373,99.44
7373,99.44
7373,99.44
7373,99.44
7373,99.44
7373,99.44
7374,99.44
7377,99.36
7378,99.44
7378,99.44
7378,99.44
7378,99.44
7378,99.44
7379,99.33
7379,99.33
7379,99.33
7379,99.39
7379,99.39
7379,99.39
7379,99.39
7379,99.39
7381,99.44
7383,99.31
7383,99.31
7383,99.42
7383,99.42
7383,99.42
7384,99.44
7385,99.38
7387,99.43
7387,99.43
7389,99.41
7389,99.41
7389,99.41
7389,99.41
7389,99.41
7389,99.41
7390,99.44
7390,99.44
7390,99.44
7390,99.44
7390,99.44
7390,99.44
7397,99.29
7398,99.42
7398,99.42
7398,99.42
7399,99.25
7399,99.25
7399,99.25
7399,99.25
7399,99.43
7400,99.41
7400,99.44
7400,99.44
7401,99.38
7401,99.38
7401,99.38
7401,99.38
7401,99.38
7401,99.38
7401,99.44
7401,99.44
7401,99.44
7401,99.44
7401,99.44
7401,99.44
7402,99.33
7402,99.33
7402,99.33
7402,99.33
7402,99.39
7402,99.39
7402,99.39
7402,99.39
7402,99.39
7402,99.39
7404,99.39
7404,99.39
7405,99.44
7405,99.44
7405,99.44
7405,99.44
7408,99.40
7408,99.41
7408,99.41
7408,99.42
7408,99.42
7411,99.41
7411,99.42
7411,99.42
7411,99.42
7411,99.43
7411,99.43
7412,99.44
7415,99.44
7415,99.44
7415,99.44
7415,99.44
7415,99.44
7421,99.40
7421,99.40
7421,99.40
7421,99.40
7421,99.40
7425,99.33
7427,99.44
7432,99.40
7433,99.43
7436,99.38
7436,99.38
7436,99.38
7436,99.38
7438,99.42
7440,99.36
7442,99.43
7443,99.28
7443,99.42
7444,99.43
7444,99.43
7446,99.34
7448,99.42
7449,99.30
7449,99.30
7449,99.30
7449,99.31
7449,99.31
7450,99.41
7450,99.41
7450,99.41
7450,99.41
7450,99.41
7450,99.41
7450,99.43
7451,99.43
7452,99.28
7452,99.43
7452,99.43
7452,99.43
7452,99.43
7452,99.43
7453,99.39
7453,99.39
7453,99.39
7453,99.39
7453,99.39
7454,99.43
7454,99.43
7454,99.43
7454,99.43
7454,99.43
7454,99.43
7456,99.32
7456,99.43
7456,99.43
7456,99.43
7456,99.43
7458,99.34
7458,99.40
7460,99.35
7460,99.40
7461,99.39
7461,99.39
7461,99.39
7461,99.39
7461,99.42
7463,99.42
7464,99.35
7464,99.35
7464,99.35
7464,99.35
7464,99.35
7465,99.31
7465,99.43
7465,99.43
7465,99.43
7465,99.43
7469,99.29
7471,99.35
7472,99.43
7472,99.43
7472,99.43
7472,99.43
7472,99.43
7472,99.43
7473,99.21
7473,99.21
7473,99.42
7473,99.42
7473,99.42
7473,99.42
7473,99.42
7473,99.43
7473,99.43
7473,99.43
7473,99.43
7473,99.43
7473,99.43
7474,99.40
7474,99.40
7474,99.40
7474,99.40
7474,99.40
7474,99.43
7474,99.43
7474,99.43
7474,99.43
7474,99.43
7475,99.43
7475,99.43
7475,99.43
7475,99.43
7475,99.43
7478,99.29
7478,99.29
7478,99.30
7478,99.30
7478,99.30
7478,99.43
7478,99.43
7478,99.43
7478,99.43
7478,99.43
7478,99.43
7481,99.43
7481,99.43
7481,99.43
7481,99.43
7481,99.43
7482,99.29
7485,99.28
7485,99.28
7485,99.28
7489,99.11
7493,99.36
7493,99.36
7493,99.36
7493,99.38
7493,99.38
7494,99.40
7494,99.40
7494,99.40
7494,99.40
7494,99.40
7496,99.34
7496,99.34
7496,99.40
7496,99.40
7496,99.40
7496,99.40
7498,99.43
7499,99.41
7500,99.36
7500,99.36
7500,99.36
7500,99.36
7500,99.36
7501,99.36
7501,99.36
7501,99.36
7501,99.36
7501,99.36
7501,99.36
7501,99.43
7503,99.41
7503,99.41
7504,99.38
7506,99.34
7506,99.34
7506,99.34
7506,99.34
7506,99.34
7506,99.43
7506,99.43
7506,99.43
7506,99.43
7506,99.43
7506,99.43
7507,99.42
7507,99.42
7507,99.42
7507,99.42
7509,99.32
7509,99.32
7509,99.32
7509,99.32
7509,99.32
7509,99.34
7509,99.42
7510,99.39
7510,99.39
7510,99.39
7510,99.39
7510,99.39
7512,99.32
7512,99.32
7512,99.32
7512,99.32
7512,99.33
7513,99.42
7513,99.42
7513,99.42
7513,99.42
7513,99.42
7513,99.42
7513,99.43
7513,99.43
7513,99.43
7513,99.43
7513,99.43
7514,99.42
7514,99.43
7516,99.43
7517,99.24
7517,99.24
7517,99.24
7517,99.24
7517,99.24
7517,99.25
7522,99.39
7522,99.39
7522,99.39
7522,99.39
7523,99.43
7523,99.43
7523,99.43
7523,99.43
7523,99.43
7523,99.43
7524,99.30
7524,99.30
7524,99.30
7524,99.30
7524,99.32
7524,99.34
7527,99.31
7527,99.31
7527,99.31
7527,99.31
7527,99.31
7527,99.39
7527,99.39
7527,99.39
7527,99.42
7527,99.42
7527,99.42
7527,99.42
7527,99.42
7528,99.43
7529,97.68
7529,98.45
7529,98.58
7529,98.58
7529,98.58
7529,98.71
7529,99.23
7532,99.24
7532,99.24
7532,99.24
7532,99.24
7532,99.28
7533,99.33
7534,99.31
7534,99.31
7534,99.31
7534,99.31
7535,99.32
7536,99.43
7536,99.43
7536,99.43
7536,99.43
7536,99.43
7536,99.43
7540,99.31
7540,99.31
7540,99.31
7540,99.31
7540,99.31
7540,99.38
7540,99.43
7541,99.43
7544,99.23
7545,99.31
7545,99.31
7545,99.32
7545,99.32
7545,99.32
7546,98.58
7546,98.58
7546,98.58
7546,98.64
7546,98.77
7546,99.03
7547,99.43
7547,99.43
7547,99.43
7547,99.43
7547,99.43
7548,99.43
7548,99.43
7548,99.43
7548,99.43
7548,99.43
7548,99.43
7549,99.41
7549,99.41
7549,99.41
7549,99.41
7549,99.41
7550,99.40
7550,99.40
7550,99.40
7550,99.43
7551,99.41
7551,99.41
7552,99.41
7552,99.42
7553,99.20
7553,99.20
7553,99.20
7553,99.20
7553,99.20
7553,99.32
7553,99.37
7553,99.43
7553,99.43
7555,99.43
7556,99.33
7556,99.33
7556,99.33
7556,99.33
7556,99.33
7556,99.37
7558,99.37
7558,99.39
7560,99.43
7563,99.42
7563,99.42
7568,99.42
7568,99.42
7568,99.42
7568,99.42
7568,99.42
7568,99.42
7569,99.42
7570,99.02
7574,99.15
7574,99.15
7574,99.15
7574,99.15
7574,99.15
7574,99.15
7575,99.42
7575,99.42
7575,99.42
7575,99.42
7575,99.42
7576,99.23
7577,99.35
7579,99.27
7579,99.27
7579,99.28
7579,99.29
7579,99.42
7579,99.42
7579,99.42
7579,99.42
7584,99.42
7584,99.42
7584,99.42
7584,99.42
7584,99.42
7586,99.17
7587,99.27
7587,99.38
7587,99.38
7587,99.38
7587,99.38
7587,99.38
7589,99.21
7589,99.21
7589,99.21
7589,99.21
7589,99.21
7590,99.39
7590,99.39
7590,99.39
7595,99.20
7596,99.30
7596,99.30
7596,99.30
7596,99.33
7596,99.33
7596,99.40
7596,99.40
7596,99.41
7597,99.37
7598,99.02
7598,99.02
7598,99.02
7598,99.02
7598,99.02
7598,99.12
7600,99.26
7600,99.26
7600,99.26
7600,99.28
7601,99.21
7601,99.21
7601,99.21
7601,99.21
7601,99.21
7601,99.21
7601,99.21
7601,99.25
7601,99.40
7602,98.23
7602,98.23
7602,98.23
7602,98.23
7602,98.23
7602,98.62
7602,99.42
7602,99.42
7602,99.42
7602,99.42
7602,99.42
7602,99.42
7603,99.40
7603,99.41
7604,99.42
7605,99.26
7605,99.26
7605,99.26
7605,99.26
7605,99.26
7605,99.42
7605,99.42
7605,99.42
7605,99.42
7606,99.18
7606,99.18
7606,99.18
7606,99.18
7606,99.18
7606,99.28
7606,99.28
7613,99.37
7613,99.37
7613,99.38
7613,99.40
7613,99.40
7613,99.41
7615,99.18
7616,99.29
7616,99.42
7617,99.32
7618,99.27
7618,99.27
7618,99.27
7618,99.27
7618,99.27
7618,99.28
7619,99.42
7619,99.42
7621,99.42
7622,99.14
7622,99.14
7623,99.38
7623,99.38
7623,99.38
7623,99.38
7623,99.38
7623,99.38
7623,99.42
7624,99.05
7624,99.05
7624,99.05
7624,99.05
7624,99.05
7624,99.42
7624,99.42
7624,99.42
7624,99.42
7624,99.42
7625,99.42
7625,99.42
7625,99.42
7625,99.42
7625,99.42
7625,99.42
7626,99.41
7627,99.37
7627,99.37
7628,99.34
7628,99.42
7628,99.42
7628,99.42
7628,99.42
7629,99.42
7629,99.42
7629,99.42
7629,99.42
7630,98.90
7630,99.35
7630,99.35
7630,99.35
7630,99.35
7630,99.36
7630,99.42
7630,99.42
7630,99.42
7630,99.42
7632,99.21
7632,99.21
7632,99.21
7632,99.21
7632,99.21
7632,99.22
7632,99.34
7632,99.34
7632,99.34
7632,99.34
7632,99.34
7632,99.35
7634,98.66
7634,98.66
7634,98.67
7634,98.68
7634,98.68
7634,98.73
7634,99.36
7634,99.42
7634,99.42
7634,99.42
7634,99.42
7634,99.42
7634,99.42
7635,99.14
7635,99.14
7635,99.19
7635,99.19
7635,99.19
7635,99.21
7635,99.42
7635,99.42
7635,99.42
7635,99.42
7635,99.42
7635,99.42
7636,99.33
7636,99.33
7636,99.35
7636,99.35
7636,99.36
7637,99.38
7637,99.38
7637,99.38
7637,99.38
7637,99.38
7638,99.28
7638,99.28
7638,99.28
7638,99.28
7638,99.28
7638,99.28
7643,99.42
7643,99.42
7643,99.42
7643,99.42
7643,99.42
7645,99.41
7645,99.41
7645,99.41
7645,99.41
7646,99.37
7646,99.42
7646,99.42
7646,99.42
7646,99.42
7647,99.37
7647,99.37
7647,99.37
7647,99.37
7647,99.37
7648,99.37
7648,99.37
7651,99.40
7651,99.40
7651,99.41
7651,99.41
7651,99.42
7653,99.42
7654,99.42
7657,99.33
7657,99.33
7657,99.36
7657,99.36
7658,99.42
7658,99.42
7658,99.42
7658,99.42
7658,99.42
7659,99.38
7659,99.42
7659,99.42
7659,99.42
7659,99.42
7659,99.42
7660,99.42
7660,99.42
7660,99.42
7660,99.42
7660,99.42
7660,99.42
7661,99.27
7661,99.27
7661,99.31
7661,99.33
7662,99.36
7662,99.36
7662,99.36
7662,99.36
7662,99.36
7662,99.38
7663,99.41
7664,99.28
7664,99.31
7664,99.31
7664,99.31
7664,99.31
7664,99.31
7664,99.31
7666,99.42
7668,99.42
7670,99.42
7670,99.42
7670,99.42
7670,99.42
7670,99.42
7670,99.42
7671,99.18
7671,99.18
7674,99.25
7675,99.37
7675,99.40
7675,99.40
7675,99.40
7675,99.40
7675,99.40
7679,99.33
7679,99.33
7679,99.33
7679,99.37
7679,99.37
7679,99.37
7681,99.37
7681,99.37
7681,99.37
7681,99.42
7682,99.38
7682,99.39
7682,99.39
7682,99.39
7682,99.39
7682,99.39
7682,99.39
7683,99.04
7683,99.04
7683,99.04
7683,99.04
7683,99.05
7683,99.07
7683,99.42
7685,99.27
7685,99.27
7685,99.28
7685,99.30
7685,99.32
7685,99.42
7685,99.42
7685,99.42
7685,99.42
7685,99.42
7685,99.42
7687,99.40
7687,99.41
7687,99.41
7688,99.42
7689,99.37
7689,99.37
7689,99.37
7689,99.40
7689,99.40
7690,98.26
7690,99.40
7691,99.40
7694,99.24
7694,99.24
7694,99.24
7694,99.24
7694,99.24
7696,99.19
7696,99.19
7696,99.19
7696,99.19
7696,99.22
7696,99.29
7697,99.34
7697,99.34
7697,99.34
7697,99.34
7697,99.34
7698,99.41
7698,99.41
7698,99.41
7698,99.41
7698,99.41
7700,99.30
7700,99.30
7700,99.30
7700,99.30
7700,99.31
7700,99.35
7700,99.41
7700,99.41
7700,99.41
7701,99.26
7701,99.26
7701,99.26
7701,99.26
7701,99.26
7701,99.32
7704,99.38
7705,99.19
7705,99.19
7705,99.19
7705,99.19
7705,99.19
7706,99.41
7706,99.41
7706,99.41
7706,99.41
7706,99.41
7706,99.41
7708,99.41
7708,99.41
7708,99.41
7708,99.41
7708,99.41
7708,99.41
7711,99.38
7711,99.38
7711,99.41
7711,99.41
7711,99.41
7711,99.41
7711,99.41
7714,99.22
7714,99.22
7714,99.22
7714,99.25
7715,99.35
7715,99.35
7715,99.35
7715,99.35
7715,99.35
7717,99.41
7717,99.41
7718,99.41
7718,99.41
7718,99.41
7718,99.41
7718,99.41
7718,99.41
7723,99.20
7723,99.20
7723,99.20
7723,99.20
7723,99.20
7724,99.41
7728,99.41
7728,99.41
7728,99.41
7728,99.41
7728,99.41
7731,99.37
7731,99.41
7731,99.41
7731,99.41
7731,99.41
7731,99.41
7733,97.55
7733,99.26
7735,99.32
7735,99.32
7735,99.32
7735,99.32
7735,99.32
7735,99.32
7736,99.29
7736,99.29
7736,99.29
7736,99.29
7736,99.29
7737,99.38
7737,99.38
7737,99.38
7737,99.38
7737,99.40
7738,99.34
7740,99.41
7740,99.41
7740,99.41
7741,99.40
7742,99.40
7743,99.40
7743,99.40
7743,99.41
7745,98.92
7745,98.92
7745,98.92
7745,98.92
7745,98.92
7745,99.05
7745,99.26
7745,99.26
7745,99.26
7745,99.26
7745,99.26
7746,99.25
7746,99.25
7746,99.25
7746,99.25
7746,99.25
7746,99.31
7748,99.40
7748,99.40
7749,99.40
7749,99.40
7749,99.40
7749,99.40
7749,99.40
7751,99.30
7751,99.30
7751,99.30
7751,99.30
7751,99.31
7751,99.34
7751,99.34
7751,99.41
7751,99.41
7751,99.41
7751,99.41
7751,99.41
7752,99.24
7752,99.24
7752,99.24
7752,99.24
7752,99.24
7752,99.25
7754,99.26
7754,99.26
7755,99.41
7755,99.41
7755,99.41
7755,99.41
7755,99.41
7755,99.41
7756,99.41
7757,99.28
7757,99.28
7757,99.29
7757,99.29
7757,99.30
7758,99.40
7758,99.41
7758,99.41
7759,99.39
7760,99.41
7760,99.41
7760,99.41
7760,99.41
7760,99.41
7760,99.41
7764,99.39
7764,99.39
7764,99.39
7764,99.39
7765,99.26
7765,99.40
7765,99.40
7765,99.40
7765,99.40
7765,99.41
7765,99.41
7765,99.41
7765,99.41
7765,99.41
7766,99.41
7766,99.41
7766,99.41
7766,99.41
7766,99.41
7766,99.41
7768,99.27
7768,99.27
7768,99.27
7768,99.27
7768,99.27
7768,99.32
7770,99.22
7770,99.22
7770,99.22
7770,99.23
7770,99.25
7770,99.31
7770,99.31
7771,99.20
7771,99.20
7772,99.28
7772,99.28
7772,99.28
7772,99.28
7772,99.28
7774,99.39
7777,99.11
7777,99.11
7777,99.11
7777,99.11
7777,99.11
7777,99.18
7777,99.29
7783,99.11
7784,99.32
7784,99.32
7784,99.32
7784,99.32
7784,99.32
7785,99.22
7787,99.18
7787,99.18
7787,99.19
7787,99.19
7787,99.19
7788,99.14
7788,99.14
7788,99.14
7788,99.14
7788,99.14
7788,99.31
7788,99.31
7788,99.31
7788,99.31
7788,99.33
7791,99.38
7791,99.39
7791,99.39
7792,99.40
7792,99.40
7793,99.26
7794,99.37
7794,99.37
7794,99.37
7794,99.37
7794,99.37
7795,99.39
7795,99.39
7795,99.39
7795,99.39
7796,99.41
7797,99.40
7797,99.40
7797,99.41
7797,99.41
7797,99.41
7799,99.20
7799,99.20
7802,99.36
7802,99.36
7802,99.36
7802,99.36
7802,99.36
7803,99.41
7803,99.41
7803,99.41
7803,99.41
7803,99.41
7805,99.37
7805,99.37
7807,99.36
7807,99.36
7807,99.36
7807,99.36
7807,99.36
7811,99.41
7811,99.41
7811,99.41
7811,99.41
7811,99.41
7811,99.41
7813,99.07
7813,99.07
7813,99.07
7813,99.07
7813,99.24
7814,99.41
7814,99.41
7814,99.41
7814,99.41
7814,99.41
7814,99.41
7815,99.40
7815,99.40
7816,99.33
7816,99.33
7816,99.33
7816,99.33
7816,99.33
7816,99.33
7818,99.38
7818,99.38
7819,99.38
7819,99.38
7819,99.38
7819,99.38
7821,99.36
7823,99.37
7823,99.37
7823,99.37
7823,99.37
7823,99.37
7823,99.37
7826,99.40
7826,99.40
7826,99.40
7826,99.40
7826,99.40
7826,99.40
7826,99.40
7826,99.40
7826,99.40
7826,99.40
7827,99.36
7827,99.36
7827,99.36
7827,99.36
7827,99.36
7827,99.36
7830,99.22
7830,99.40
7831,99.40
7831,99.40
7831,99.40
7831,99.40
7831,99.40
7831,99.40
7832,99.28
7837,99.35
7837,99.35
7837,99.35
7837,99.35
7837,99.37
7841,99.38
7841,99.39
7841,99.39
7841,99.39
7841,99.39
7843,98.55
7843,98.55
7843,98.60
7843,98.71
7843,98.74
7843,98.97
7845,99.32
7848,99.40
7848,99.40
7848,99.40
7848,99.40
7848,99.40
7849,99.33
7850,99.38
7850,99.38
7850,99.38
7850,99.40
7850,99.40
7851,99.09
7852,99.37
7853,99.20
7854,99.20
7854,99.20
7854,99.20
7854,99.20
7854,99.22
7854,99.23
7854,99.40
7856,99.32
7856,99.32
7857,99.15
7859,99.36
7860,99.39
7860,99.39
7860,99.39
7860,99.39
7860,99.39
7861,99.17
7862,99.40
7862,99.40
7862,99.40
7862,99.40
7862,99.40
7866,99.33
7866,99.33
7866,99.33
7866,99.33
7866,99.33
7868,99.22
7868,99.22
7868,99.22
7868,99.27
7868,99.40
7868,99.40
7868,99.40
7868,99.40
7868,99.40
7870,99.28
7870,99.29
7870,99.29
7870,99.36
7871,99.36
7871,99.36
7871,99.36
7871,99.36
7871,99.40
7871,99.40
7871,99.40
7871,99.40
7871,99.40
7871,99.40
7872,99.36
7872,99.36
7873,99.32
7873,99.32
7873,99.32
7873,99.32
7873,99.32
7873,99.34
7875,99.40
7875,99.40
7875,99.40
7876,98.16
7876,99.26
7877,99.34
7880,99.19
7880,99.40
7880,99.40
7880,99.40
7880,99.40
7880,99.40
7880,99.40
7881,99.37
7881,99.37
7881,99.37
7881,99.37
7881,99.37
7884,99.12
7884,99.24
7884,99.40
7884,99.40
7884,99.40
7884,99.40
7884,99.40
7886,99.35
7886,99.35
7886,99.35
7886,99.35
7886,99.35
7886,99.35
7888,99.32
7888,99.35
7889,99.40
7889,99.40
7889,99.40
7890,99.31
7890,99.31
7890,99.31
7890,99.31
7890,99.31
7890,99.31
7891,99.40
7891,99.40
7891,99.40
7891,99.40
7891,99.40
7891,99.40
7892,98.91
7892,99.31
7894,99.22
7895,99.31
7895,99.31
7895,99.31
7895,99.31
7895,99.31
7895,99.31
7896,98.88
7896,98.88
7896,98.88
7896,98.88
7896,98.88
7896,98.88
7897,99.30
7898,99.37
7898,99.38
7901,99.33
7901,99.33
7901,99.33
7901,99.33
7901,99.34
7903,99.27
7904,99.39
7905,99.31
7905,99.31
7905,99.31
7905,99.31
7905,99.31
7905,99.31
7905,99.37
7905,99.37
7905,99.37
7905,99.37
7905,99.39
7905,99.40
7906,99.40
7906,99.40
7907,99.40
7911,99.14
7911,99.14
7911,99.14
7911,99.14
7911,99.14
7911,99.20
7914,99.34
7914,99.40
7914,99.40
7916,99.35
7916,99.36
7916,99.36
7916,99.37
7916,99.37
7916,99.37
7917,99.40
7917,99.40
7917,99.40
7917,99.40
7917,99.40
7918,99.39
7920,99.40
7920,99.40
7920,99.40
7920,99.40
7920,99.40
7920,99.40
7924,99.36
7925,99.39
7929,99.37
7930,99.35
7930,99.40
7933,99.40
7935,99.36
7935,99.36
7935,99.38
7935,99.39
7935,99.39
7936,99.25
7937,99.30
7937,99.30
7937,99.30
7937,99.30
7937,99.30
7939,99.37
7939,99.37
7939,99.37
7940,99.24
7940,99.40
7940,99.40
7940,99.40
7940,99.40
7940,99.40
7942,99.34
7942,99.34
7942,99.34
7942,99.34
7942,99.34
7942,99.36
7945,99.37
7945,99.37
7945,99.37
7945,99.37
7945,99.37
7945,99.37
7947,99.28
7947,99.32
7947,99.35
7947,99.39
7947,99.39
7947,99.39
7949,99.37
7949,99.37
7949,99.37
7949,99.37
7949,99.37
7949,99.37
7951,99.39
7951,99.39
7952,99.40
7952,99.40
7952,99.40
7952,99.40
7952,99.40
7957,99.38
7957,99.38
7958,99.30
7958,99.30
7958,99.30
7958,99.30
7958,99.30
7958,99.30
7964,99.39
7968,99.28
7968,99.31
7969,99.33
7969,99.33
7969,99.34
7972,99.30
7972,99.30
7972,99.30
7972,99.30
7972,99.31
7973,99.34
7973,99.34
7973,99.34
7973,99.34
7973,99.34
7973,99.36
7976,99.29
7976,99.29
7976,99.29
7976,99.30
7977,99.32
7977,99.38
7978,99.39
7979,99.39
7979,99.39
7979,99.39
7979,99.39
7980,99.39
7980,99.39
7980,99.39
7980,99.39
7980,99.39
7980,99.39
7985,99.33
7985,99.33
7986,99.27
7987,99.35
7987,99.39
7991,99.21
7991,99.29
7992,99.31
7992,99.31
7992,99.31
7992,99.31
7992,99.31
7992,99.34
7993,99.37
7993,99.37
7993,99.37
7993,99.37
7993,99.37
7995,99.19
7995,99.39
7995,99.39
7995,99.39
7995,99.39
7995,99.39
7995,99.39
7996,99.39
7997,99.36
7997,99.36
7997,99.36
7997,99.36
7997,99.36
7997,99.36
7998,99.39
8000,99.09
8000,99.09
8000,99.10
8000,99.10
8000,99.13
8001,99.31
8001,99.31
8001,99.31
8001,99.31
8001,99.31
8001,99.31
8001,99.39
8001,99.39
8001,99.39
8001,99.39
8001,99.39
8001,99.39
8002,99.28
8002,99.28
8002,99.28
8002,99.28
8002,99.31
8002,99.39
8002,99.39
8002,99.39
8002,99.39
8002,99.39
8002,99.39
8003,99.26
8003,99.26
8004,99.39
8005,99.35
8005,99.35
8005,99.35
8005,99.35
8005,99.38
8005,99.38
8007,99.36
8009,99.39
8009,99.39
8009,99.39
8009,99.39
8009,99.39
8009,99.39
8010,99.09
8010,99.09
8010,99.11
8010,99.11
8010,99.12
8010,99.16
8011,99.33
8012,99.07
8012,99.07
8012,99.08
8012,99.08
8012,99.09
8013,99.32
8013,99.35
8013,99.39
8013,99.39
8013,99.39
8013,99.39
8013,99.39
8013,99.39
8015,99.35
8016,99.17
8016,99.17
8016,99.18
8016,99.18
8016,99.21
8016,99.21
8016,99.33
8018,99.37
8018,99.37
8018,99.37
8018,99.37
8018,99.37
8019,99.27
8020,99.10
8020,99.10
8020,99.10
8020,99.29
8020,99.29
8020,99.29
8020,99.29
8020,99.29
8020,99.30
8020,99.36
8020,99.36
8020,99.39
8020,99.39
8020,99.39
8020,99.39
8020,99.39
8020,99.39
8022,99.04
8022,99.04
8022,99.04
8022,99.04
8022,99.04
8022,99.04
8022,99.25
8022,99.25
8022,99.25
8022,99.25
8022,99.27
8022,99.36
8022,99.36
8022,99.36
8022,99.36
8022,99.36
8023,99.28
8023,99.28
8023,99.39
8023,99.39
8023,99.39
8023,99.39
8023,99.39
8023,99.39
8025,99.39
8025,99.39
8025,99.39
8025,99.39
8025,99.39
8026,99.32
8026,99.32
8026,99.32
8026,99.32
8026,99.32
8026,99.32
8028,99.39
8028,99.39
8028,99.39
8028,99.39
8028,99.39
8028,99.39
8030,99.39
8030,99.39
8030,99.39
8030,99.39
8030,99.39
8031,99.25
8031,99.25
8031,99.25
8031,99.25
8031,99.25
8032,99.39
8032,99.39
8032,99.39
8032,99.39
8032,99.39
8032,99.39
8034,99.30
8037,99.19
8037,99.19
8037,99.19
8037,99.19
8037,99.19
8037,99.19
8038,99.20
8038,99.20
8038,99.30
8038,99.30
8038,99.30
8041,99.39
8042,99.39
8046,99.39
8046,99.39
8047,99.39
8051,99.38
8051,99.38
8054,99.39
8054,99.39
8054,99.39
8054,99.39
8054,99.39
8055,99.38
8056,99.37
8056,99.38
8056,99.38
8056,99.38
8056,99.38
8056,99.38
8057,99.39
8059,99.39
8059,99.39
8059,99.39
8060,99.15
8060,99.15
8060,99.15
8060,99.15
8060,99.17
8060,99.22
8062,99.39
8062,99.39
8062,99.39
8062,99.39
8062,99.39
8062,99.39
8064,99.37
8064,99.37
8064,99.37
8064,99.37
8064,99.37
8064,99.39
8065,99.36
8069,99.39
8071,99.36
8071,99.36
8071,99.36
8071,99.36
8071,99.36
8071,99.38
8071,99.38
8073,99.26
8073,99.26
8073,99.26
8073,99.26
8073,99.26
8073,99.26
8073,99.39
8073,99.39
8073,99.39
8076,99.37
8078,99.39
8078,99.39
8078,99.39
8078,99.39
8078,99.39
8078,99.39
8079,99.38
8080,99.37
8082,99.39
8083,99.31
8083,99.31
8083,99.31
8083,99.31
8083,99.31
8083,99.39
8083,99.39
8083,99.39
8083,99.39
8083,99.39
8084,99.25
8085,99.32
8085,99.32
8085,99.32
8085,99.32
8085,99.32
8085,99.36
8086,99.28
8086,99.39
8086,99.39
8086,99.39
8086,99.39
8086,99.39
8088,99.28
8091,99.36
8091,99.36
8091,99.36
8091,99.36
8091,99.36
8093,99.29
8094,99.31
8095,98.86
8095,98.86
8095,98.86
8095,98.88
8095,98.88
8095,99.06
8096,98.94
8098,99.38
8098,99.38
8099,99.33
8099,99.33
8099,99.33
8099,99.33
8099,99.33
8101,99.38
8103,98.66
8103,98.66
8103,98.66
8103,98.66
8103,98.66
8103,98.92
8104,99.32
8104,99.32
8104,99.37
8104,99.37
8104,99.37
8105,99.28
8105,99.28
8105,99.28
8105,99.28
8105,99.28
8106,99.38
8106,99.38
8106,99.38
8106,99.38
8106,99.38
8106,99.38
8107,99.38
8107,99.38
8107,99.38
8107,99.38
8107,99.38
8107,99.38
8107,99.38
8107,99.38
8107,99.38
8107,99.38
8107,99.38
8108,99.38
8108,99.38
8108,99.38
8108,99.38
8108,99.38
8108,99.38
8108,99.38
8108,99.38
8108,99.38
8108,99.38
8108,99.38
8109,98.86
8109,98.86
8109,98.86
8109,99.38
8110,99.34
8111,99.05
8111,99.36
8111,99.36
8111,99.36
8111,99.36
8111,99.36
8111,99.36
8112,99.09
8112,99.09
8112,99.11
8112,99.11
8112,99.13
8113,99.27
8113,99.27
8113,99.27
8113,99.28
8113,99.28
8115,99.23
8115,99.23
8115,99.24
8115,99.25
8116,99.38
8117,99.35
8117,99.35
8117,99.35
8117,99.35
8117,99.35
8119,99.25
8119,99.25
8119,99.25
8119,99.25
8119,99.25
8119,99.27
8120,99.09
8120,99.09
8120,99.09
8120,99.12
8120,99.12
8120,99.15
8120,99.16
8120,99.16
8120,99.16
8120,99.16
8120,99.16
8120,99.16
8120,99.38
8120,99.38
8120,99.38
8120,99.38
8120,99.38
8125,99.35
8128,99.38
8129,99.14
8129,99.38
8129,99.38
8129,99.38
8129,99.38
8129,99.38
8129,99.38
8129,99.38
8131,99.38
8133,99.38
8133,99.38
8133,99.38
8133,99.38
8134,99.13
8134,99.13
8134,99.13
8134,99.13
8134,99.13
8134,99.21
8134,99.38
8137,99.09
8137,99.09
8137,99.09
8137,99.09
8137,99.09
8137,99.24
8137,99.24
8137,99.24
8137,99.26
8137,99.28
8137,99.38
8137,99.38
8137,99.38
8139,99.24
8139,99.24
8139,99.24
8139,99.25
8139,99.31
8139,99.32
8140,99.03
8140,99.03
8140,99.04
8140,99.04
8140,99.04
8140,99.08
8142,99.26
8142,99.36
8142,99.36
8142,99.36
8142,99.36
8142,99.36
8143,99.38
8143,99.38
8143,99.38
8143,99.38
8144,99.30
8144,99.30
8144,99.30
8144,99.30
8145,99.29
8145,99.29
8145,99.29
8145,99.29
8145,99.29
8145,99.38
8145,99.38
8145,99.38
8145,99.38
8145,99.38
8145,99.38
8146,99.16
8148,99.29
8148,99.29
8148,99.29
8148,99.29
8148,99.29
8149,99.38
8149,99.38
8149,99.38
8151,99.21
8151,99.21
8151,99.21
8151,99.21
8151,99.25
8151,99.25
8153,99.24
8153,99.24
8153,99.24
8153,99.24
8153,99.24
8153,99.24
8153,99.38
8153,99.38
8153,99.38
8153,99.38
8153,99.38
8153,99.38
8159,99.37
8160,99.09
8160,99.09
8160,99.09
8160,99.09
8160,99.09
8162,99.29
8162,99.31
8162,99.31
8162,99.36
8163,99.27
8163,99.27
8164,99.29
8164,99.29
8164,99.32
8164,99.32
8164,99.33
8166,99.38
8166,99.38
8166,99.38
8166,99.38
8166,99.38
8166,99.38
8167,99.38
8173,99.09
8173,99.09
8173,99.09
8173,99.09
8173,99.09
8173,99.09
8173,99.32
8174,99.36
8175,99.37
8175,99.37
8175,99.37
8175,99.37
8177,99.34
8177,99.34
8177,99.34
8177,99.34
8177,99.34
8182,99.33
8182,99.38
8182,99.38
8182,99.38
8182,99.38
8182,99.38
8182,99.38
8185,99.29
8185,99.29
8185,99.29
8185,99.29
8185,99.32
8187,99.37
8188,99.27
8188,99.27
8188,99.27
8188,99.27
8188,99.27
8188,99.30
8189,99.27
8189,99.27
8189,99.27
8189,99.27
8189,99.27
8189,99.35
8189,99.35
8189,99.35
8189,99.35
8189,99.35
8189,99.35
8190,99.37
8191,99.12
8193,99.32
8193,99.34
8193,99.34
8193,99.34
8193,99.34
8194,99.21
8195,99.38
8195,99.38
8195,99.38
8195,99.38
8202,98.85
8202,98.85
8202,98.85
8202,98.85
8202,98.85
8202,98.90
8203,99.13
8203,99.13
8203,99.13
8204,99.38
8204,99.38
8205,99.38
8205,99.38
8205,99.38
8205,99.38
8205,99.38
8205,99.38
8207,99.35
8207,99.35
8207,99.35
8207,99.35
8207,99.35
8207,99.35
8209,99.36
8211,99.08
8212,99.17
8212,99.17
8212,99.17
8212,99.17
8212,99.18
8212,99.22
8214,99.17
8214,99.17
8214,99.17
8214,99.17
8214,99.17
8214,99.20
8214,99.20
8214,99.20
8214,99.20
8214,99.20
8214,99.21
8214,99.22
8216,97.11
8216,98.02
8216,98.02
8216,98.02
8216,98.02
8216,98.76
8219,99.31
8219,99.31
8219,99.31
8221,99.33
8221,99.33
8221,99.33
8221,99.33
8221,99.33
8221,99.34
8221,99.34
8221,99.34
8221,99.34
8221,99.34
8221,99.37
8223,99.16
8223,99.16
8223,99.16
8223,99.16
8223,99.17
8224,99.35
8224,99.37
8224,99.37
8224,99.37
8224,99.37
8224,99.37
8229,99.37
8229,99.37
8234,99.37
8237,99.34
8237,99.34
8237,99.34
8237,99.34
8237,99.34
8237,99.37
8238,99.30
8238,99.30
8238,99.31
8238,99.32
8239,99.32
8239,99.32
8239,99.34
8240,99.37
8240,99.37
8240,99.37
8240,99.37
8240,99.37
8241,98.43
8241,98.43
8241,98.43
8241,98.43
8241,98.43
8241,98.71
8241,99.22
8242,99.22
8242,99.22
8242,99.22
8242,99.22
8242,99.22
8245,99.15
8245,99.15
8245,99.15
8245,99.17
8245,99.17
8245,99.17
8246,99.31
8246,99.37
8246,99.37
8246,99.37
8246,99.37
8246,99.37
8247,99.34
8247,99.34
8247,99.34
8247,99.34
8247,99.34
8247,99.34
8249,99.27
8249,99.27
8249,99.27
8249,99.27
8249,99.27
8249,99.29
8250,99.37
8252,99.37
8252,99.37
8252,99.37
8252,99.37
8252,99.37
8252,99.37
8253,99.32
8254,99.25
8254,99.37
8256,99.36
8256,99.37
8256,99.37
8256,99.37
8256,99.37
8256,99.37
8257,99.37
8257,99.37
8257,99.37
8257,99.37
8258,98.48
8258,98.48
8258,98.48
8258,98.48
8258,98.52
8259,99.37
8259,99.37
8259,99.37
8259,99.37
8259,99.37
8259,99.37
8261,98.89
8263,99.18
8263,99.18
8263,99.18
8263,99.18
8263,99.18
8263,99.20
8265,99.36
8266,99.15
8266,99.15
8266,99.15
8266,99.15
8266,99.15
8267,99.32
8267,99.37
8269,99.13
8272,99.37
8272,99.37
8272,99.37
8272,99.37
8272,99.37
8274,99.34
8274,99.35
8274,99.35
8274,99.36
8274,99.36
8278,99.28
8278,99.28
8278,99.28
8278,99.28
8278,99.28
8278,99.37
8278,99.37
8278,99.37
8278,99.37
8278,99.37
8281,98.64
8281,98.64
8281,98.64
8281,98.69
8281,98.74
8281,98.89
8283,99.24
8284,99.37
8284,99.37
8285,99.27
8285,99.27
8285,99.36
8286,99.33
8286,99.33
8286,99.33
8286,99.33
8286,99.33
8288,99.30
8288,99.30
8288,99.34
8288,99.34
8288,99.34
8289,99.28
8289,99.28
8289,99.28
8289,99.28
8289,99.28
8289,99.36
8292,99.34
8295,99.34
8295,99.36
8296,99.32
8296,99.32
8296,99.32
8296,99.32
8296,99.32
8296,99.33
8296,99.33
8296,99.33
8296,99.33
8296,99.33
8296,99.36
8297,99.30
8297,99.30
8297,99.30
8297,99.31
8297,99.33
8298,99.04
8298,99.04
8298,99.25
8298,99.28
8299,99.14
8299,99.14
8299,99.14
8299,99.14
8299,99.14
8299,99.16
8302,99.37
8302,99.37
8302,99.37
8302,99.37
8305,99.27
8305,99.27
8305,99.27
8307,99.32
8307,99.32
8307,99.32
8307,99.32
8307,99.32
8309,99.35
8310,99.16
8310,99.16
8310,99.16
8310,99.16
8310,99.16
8310,99.24
8310,99.35
8310,99.35
8310,99.35
8310,99.35
8310,99.35
8310,99.36
8311,99.20
8311,99.34
8311,99.36
8311,99.36
8311,99.36
8311,99.37
8311,99.37
8312,99.37
8313,98.87
8313,98.87
8313,98.87
8313,98.87
8313,98.87
8313,98.99
8314,99.27
8314,99.27
8314,99.27
8314,99.28
8314,99.28
8314,99.29
8314,99.30
8317,99.36
8317,99.36
8317,99.36
8317,99.36
8320,99.37
8320,99.37
8320,99.37
8320,99.37
8320,99.37
8321,99.28
8321,99.28
8321,99.29
8321,99.29
8321,99.29
8322,99.37
8322,99.37
8322,99.37
8322,99.37
8322,99.37
8322,99.37
8323,99.20
8323,99.24
8323,99.24
8323,99.24
8323,99.24
8324,99.15
8326,99.23
8326,99.23
8326,99.23
8326,99.23
8326,99.23
8328,99.25
8328,99.25
8328,99.25
8328,99.25
8328,99.25
8328,99.37
8333,99.33
8333,99.33
8333,99.33
8333,99.33
8333,99.33
8333,99.33
8334,99.27
8336,99.21
8336,99.37
8337,99.37
8338,99.37
8338,99.37
8338,99.37
8338,99.37
8338,99.37
8345,99.25
8345,99.25
8345,99.25
8345,99.25
8345,99.25
8348,99.36
8348,99.37
8349,99.29
8349,99.30
8350,99.37
8350,99.37
8350,99.37
8350,99.37
8350,99.37
8350,99.37
8351,99.37
8351,99.37
8351,99.37
8351,99.37
8351,99.37
8351,99.37
8352,99.27
8352,99.36
8352,99.36
8353,99.36
8353,99.36
8354,99.22
8356,99.32
8356,99.32
8356,99.32
8356,99.32
8356,99.34
8359,99.36
8359,99.36
8359,99.36
8361,99.21
8361,99.21
8361,99.21
8361,99.21
8361,99.26
8361,99.27
8365,99.36
8365,99.36
8365,99.36
8365,99.36
8365,99.36
8365,99.36
8365,99.36
8366,97.43
8370,97.51
8370,97.51
8370,97.53
8370,97.99
8373,99.17
8373,99.17
8373,99.18
8373,99.21
8373,99.22
8374,99.29
8374,99.29
8374,99.29
8374,99.29
8374,99.29
8375,99.29
8376,99.16
8376,99.16
8376,99.17
8376,99.17
8376,99.17
8376,99.20
8378,99.21
8378,99.36
8379,99.25
8379,99.31
8380,99.33
8380,99.33
8380,99.33
8380,99.36
8384,99.17
8384,99.17
8384,99.18
8384,99.18
8384,99.18
8384,99.36
8384,99.36
8385,99.32
8385,99.32
8385,99.32
8386,99.36
8389,99.31
8389,99.31
8389,99.31
8389,99.31
8389,99.31
8389,99.36
8390,99.33
8392,98.89
8396,99.16
8396,99.16
8396,99.16
8396,99.16
8396,99.21
8396,99.27
8396,99.36
8397,99.24
8398,99.34
8398,99.34
8398,99.34
8398,99.34
8398,99.34
8398,99.34
8399,99.36
8399,99.36
8399,99.36
8399,99.36
8400,99.35
8400,99.35
8401,99.36
8401,99.36
8401,99.36
8401,99.36
8401,99.36
8401,99.36
8402,98.97
8402,99.36
8403,99.11
8403,99.11
8403,99.31
8403,99.31
8403,99.31
8403,99.31
8403,99.31
8403,99.32
8403,99.35
8405,99.34
8405,99.34
8405,99.34
8405,99.34
8405,99.34
8405,99.35
8405,99.36
8405,99.36
8405,99.36
8405,99.36
8405,99.36
8405,99.36
8407,99.36
8413,99.17
8413,99.17
8413,99.17
8413,99.17
8413,99.17
8413,99.29
8413,99.29
8413,99.29
8413,99.29
8413,99.29
8414,99.13
8414,99.14
8414,99.17
8414,99.35
8414,99.35
8417,98.74
8420,99.36
8420,99.36
8420,99.36
8420,99.36
8420,99.36
8423,99.20
8425,99.36
8427,99.36
8427,99.36
8430,99.36
8430,99.36
8430,99.36
8430,99.36
8430,99.36
8430,99.36
8438,99.11
8438,99.11
8438,99.11
8438,99.11
8438,99.11
8438,99.15
8438,99.26
8438,99.26
8438,99.26
8438,99.26
8438,99.26
8438,99.30
8438,99.35
8438,99.35
8438,99.35
8438,99.35
8438,99.35
8438,99.35
8438,99.36
8438,99.36
8438,99.36
8438,99.36
8438,99.36
8438,99.36
8439,99.19
8439,99.19
8439,99.19
8439,99.19
8439,99.20
8439,99.20
8440,99.36
8440,99.36
8440,99.36
8440,99.36
8440,99.36
8440,99.36
8442,99.29
8442,99.36
8442,99.36
8442,99.36
8442,99.36
8442,99.36
8442,99.36
8443,98.91
8444,99.26
8444,99.26
8444,99.27
8444,99.29
8444,99.29
8446,99.29
8446,99.29
8446,99.29
8446,99.29
8446,99.31
8447,99.36
8448,99.36
8448,99.36
8448,99.36
8448,99.36
8448,99.36
8449,99.36
8449,99.36
8449,99.36
8449,99.36
8449,99.36
8450,99.26
8450,99.26
8450,99.26
8450,99.26
8453,99.26
8453,99.26
8453,99.26
8453,99.26
8453,99.26
8453,99.29
8453,99.34
8453,99.34
8453,99.34
8453,99.34
8453,99.34
8453,99.34
8454,99.09
8454,99.09
8454,99.09
8454,99.09
8454,99.09
8454,99.15
8455,99.30
8455,99.30
8455,99.30
8455,99.30
8456,99.35
8456,99.35
8456,99.35
8456,99.35
8456,99.35
8456,99.35
8458,99.33
8458,99.33
8458,99.33
8458,99.33
8458,99.33
8461,99.28
8461,99.35
8461,99.35
8461,99.35
8461,99.35
8461,99.35
8461,99.35
8462,99.20
8463,99.36
8463,99.36
8463,99.36
8463,99.36
8463,99.36
8468,99.29
8469,99.36
8469,99.36
8469,99.36
8469,99.36
8469,99.36
8469,99.36
8471,99.32
8471,99.32
8471,99.32
8471,99.32
8471,99.32
8473,99.34
8473,99.36
8473,99.36
8473,99.36
8473,99.36
8473,99.36
8473,99.36
8473,99.36
8473,99.36
8473,99.36
8473,99.36
8473,99.36
8473,99.36
8474,98.55
8474,99.24
8474,99.24
8474,99.24
8474,99.24
8474,99.24
8475,99.32
8476,99.14
8476,99.14
8476,99.14
8476,99.15
8476,99.17
8478,99.14
8478,99.19
8481,99.29
8485,99.34
8489,99.29
8492,99.26
8492,99.26
8492,99.29
8492,99.29
8492,99.29
8492,99.31
8495,99.32
8496,98.97
8498,98.97
8498,98.97
8498,98.97
8498,98.97
8498,98.98
8498,98.99
8501,99.35
8501,99.35
8501,99.35
8501,99.35
8502,99.12
8502,99.12
8502,99.28
8503,99.21
8505,99.31
8505,99.31
8505,99.31
8505,99.31
8505,99.31
8507,98.45
8513,99.30
8514,99.30
8517,99.33
8517,99.33
8517,99.33
8517,99.33
8517,99.33
8517,99.33
8519,99.19
8519,99.35
8519,99.35
8519,99.35
8519,99.35
8519,99.35
8521,99.33
8521,99.33
8521,99.33
8521,99.33
8521,99.33
8524,99.17
8524,99.17
8524,99.17
8524,99.17
8524,99.23
8524,99.35
8524,99.35
8524,99.35
8526,98.95
8526,98.95
8526,98.95
8526,98.95
8526,98.95
8526,99.04
8526,99.33
8527,98.40
8528,98.79
8528,98.79
8528,98.81
8528,98.81
8528,98.85
8528,98.94
8528,99.25
8528,99.25
8528,99.25
8528,99.25
8528,99.25
8531,99.35
8531,99.35
8531,99.35
8531,99.35
8531,99.35
8531,99.35
8532,99.35
8532,99.35
8532,99.35
8532,99.35
8532,99.35
8532,99.35
8536,99.21
8536,99.23
8536,99.24
8536,99.35
8536,99.35
8536,99.35
8536,99.35
8536,99.35
8538,99.18
8539,99.22
8539,99.22
8539,99.22
8539,99.22
8539,99.33
8543,99.10
8543,99.20
8543,99.20
8543,99.20
8543,99.20
8543,99.20
8543,99.22
8546,99.34
8546,99.34
8546,99.35
8548,99.35
8549,99.24
8549,99.24
8549,99.24
8549,99.24
8549,99.24
8550,99.09
8550,99.09
8550,99.09
8550,99.09
8550,99.09
8550,99.31
8551,99.28
8551,99.28
8551,99.28
8551,99.28
8551,99.28
8551,99.35
8551,99.35
8553,99.16
8553,99.23
8553,99.23
8553,99.23
8553,99.23
8553,99.24
8554,99.35
8554,99.35
8554,99.35
8554,99.35
8554,99.35
8554,99.35
8556,97.08
8556,97.08
8556,97.11
8556,97.11
8556,97.11
8556,97.30
8556,99.09
8556,99.09
8556,99.09
8556,99.09
8556,99.16
8556,99.22
8556,99.26
8556,99.26
8556,99.26
8556,99.26
8556,99.26
8560,99.34
8561,99.30
8561,99.30
8561,99.30
8561,99.30
8561,99.30
8565,99.35
8565,99.35
8565,99.35
8565,99.35
8565,99.35
8565,99.35
8565,99.35
8565,99.35
8565,99.35
8565,99.35
8568,97.68
8568,97.68
8568,97.68
8568,97.68
8568,97.70
8568,97.82
8569,99.35
8572,99.33
8573,99.26
8573,99.32
8574,99.30
8574,99.30
8574,99.30
8574,99.30
8574,99.30
8575,99.15
8575,99.15
8575,99.15
8575,99.15
8575,99.15
8575,99.15
8575,99.28
8575,99.28
8575,99.29
8577,99.35
8577,99.35
8577,99.35
8584,99.02
8587,99.24
8590,99.35
8591,99.28
8592,99.23
8592,99.23
8592,99.23
8592,99.24
8592,99.35
8592,99.35
8592,99.35
8592,99.35
8595,99.35
8595,99.35
8596,99.13
8596,99.13
8596,99.14
8596,99.14
8596,99.14
8596,99.15
8597,99.14
8598,99.32
8598,99.33
8599,99.35
8599,99.35
8599,99.35
8599,99.35
8599,99.35
8599,99.35
8600,99.04
8600,99.04
8600,99.07
8600,99.07
8600,99.07
8600,99.07
8600,99.17
8600,99.32
8600,99.32
8600,99.32
8600,99.32
8600,99.32
8601,99.32
8601,99.32
8601,99.32
8601,99.32
8601,99.32
8604,99.33
8604,99.33
8604,99.33
8604,99.33
8604,99.33
8605,99.32
8605,99.35
8605,99.35
8605,99.35
8605,99.35
8605,99.35
8606,99.32
8606,99.32
8608,99.35
8612,99.35
8612,99.35
8613,99.26
8613,99.26
8613,99.35
8614,99.20
8614,99.20
8614,99.20
8614,99.20
8614,99.20
8614,99.20
8614,99.28
8615,99.32
8619,99.28
8619,99.28
8619,99.28
8619,99.28
8619,99.28
8620,99.16
8620,99.16
8620,99.16
8620,99.16
8620,99.17
8620,99.34
8620,99.34
8620,99.34
8620,99.34
8620,99.34
8623,99.34
8623,99.34
8626,99.04
8626,99.04
8626,99.05
8626,99.34
8626,99.34
8626,99.34
8626,99.34
8626,99.34
8626,99.34
8627,98.15
8629,99.29
8629,99.29
8629,99.30
8629,99.30
8629,99.31
8630,99.03
8630,99.03
8630,99.28
8630,99.28
8630,99.28
8630,99.34
8630,99.34
8630,99.34
8630,99.34
8630,99.34
8630,99.34
8633,99.34
8634,98.73
8635,99.21
8636,99.13
8637,99.30
8639,99.09
8639,99.31
8639,99.31
8639,99.34
8639,99.34
8639,99.34
8639,99.34
8642,99.15
8642,99.15
8642,99.15
8642,99.16
8642,99.17
8642,99.21
8643,99.10
8643,99.10
8643,99.10
8643,99.10
8643,99.34
8643,99.34
8643,99.34
8643,99.34
8643,99.34
8645,99.21
8645,99.21
8645,99.21
8645,99.21
8645,99.21
8646,99.34
8647,99.34
8648,98.85
8648,98.85
8648,98.87
8648,98.87
8648,98.87
8648,98.90
8649,99.24
8651,99.33
8651,99.33
8651,99.33
8651,99.33
8651,99.33
8653,99.28
8653,99.34
8654,99.34
8654,99.34
8654,99.34
8654,99.34
8654,99.34
8654,99.34
8655,99.34
8655,99.34
8655,99.34
8655,99.34
8656,99.34
8657,99.34
8657,99.34
8657,99.34
8657,99.34
8661,99.28
8661,99.28
8666,99.34
8667,99.34
8667,99.34
8667,99.34
8667,99.34
8667,99.34
8668,99.34
8668,99.34
8668,99.34
8668,99.34
8669,98.98
8670,99.30
8670,99.34
8670,99.34
8670,99.34
8670,99.34
8670,99.34
8670,99.34
8672,98.61
8675,99.32
8675,99.32
8675,99.32
8677,99.34
8677,99.34
8677,99.34
8677,99.34
8677,99.34
8677,99.34
8677,99.34
8677,99.34
8677,99.34
8677,99.34
8677,99.34
8677,99.34
8678,99.34
8679,99.14
8679,99.31
8679,99.31
8679,99.31
8679,99.31
8680,99.27
8684,99.32
8690,99.34
8690,99.34
8690,99.34
8690,99.34
8690,99.34
8690,99.34
8691,99.34
8692,99.30
8692,99.30
8693,99.31
8697,98.62
8697,98.62
8697,98.62
8697,98.62
8697,98.66
8697,98.89
8697,99.23
8697,99.34
8697,99.34
8697,99.34
8697,99.34
8697,99.34
8697,99.34
8698,97.75
8698,99.23
8698,99.23
8699,99.33
8699,99.33
8699,99.33
8699,99.33
8699,99.33
8700,99.23
8700,99.30
8700,99.30
8700,99.30
8700,99.30
8700,99.34
8701,99.34
8701,99.34
8701,99.34
8701,99.34
8701,99.34
8701,99.34
8702,99.32
8703,99.34
8703,99.34
8703,99.34
8703,99.34
8703,99.34
8703,99.34
8704,98.85
8704,98.85
8704,98.85
8704,98.85
8704,98.85
8704,99.34
8704,99.34
8704,99.34
8704,99.34
8704,99.34
8706,99.31
8706,99.31
8708,98.94
8709,99.31
8709,99.31
8709,99.31
8709,99.31
8709,99.31
8709,99.33
8711,99.09
8711,99.09
8711,99.09
8711,99.20
8711,99.20
8711,99.20
8711,99.20
8711,99.20
8711,99.30
8712,99.23
8712,99.23
8712,99.23
8712,99.23
8712,99.27
8713,99.34
8713,99.34
8713,99.34
8713,99.34
8713,99.34
8714,99.28
8714,99.33
8714,99.33
8717,99.13
8717,99.13
8718,98.81
8718,98.81
8718,98.81
8718,98.81
8718,98.81
8718,98.81
8718,99.10
8718,99.34
8718,99.34
8723,99.25
8723,99.25
8723,99.25
8723,99.25
8723,99.25
8723,99.25
8725,99.25
8725,99.25
8725,99.25
8725,99.25
8725,99.25
8725,99.34
8726,99.33
8728,99.28
8737,98.92
8738,99.27
8743,99.25
8743,99.25
8743,99.25
8743,99.25
8743,99.25
8743,99.25
8745,99.34
8745,99.34
8745,99.34
8745,99.34
8747,99.21
8747,99.21
8747,99.26
8747,99.26
8747,99.26
8747,99.26
8751,99.26
8751,99.26
8751,99.32
8754,99.21
8754,99.21
8754,99.21
8754,99.21
8754,99.23
8754,99.24
8757,99.27
8757,99.27
8757,99.27
8757,99.33
8761,99.28
8761,99.28
8761,99.28
8761,99.28
8761,99.28
8761,99.28
8761,99.32
8762,98.79
8763,99.12
8763,99.12
8763,99.12
8763,99.12
8763,99.13
8763,99.13
8763,99.33
8763,99.33
8763,99.33
8763,99.33
8763,99.33
8765,99.27
8767,99.32
8767,99.33
8767,99.33
8767,99.33
8767,99.33
8767,99.33
8768,99.30
8769,99.29
8769,99.29
8769,99.29
8769,99.29
8770,99.33
8770,99.33
8770,99.33
8770,99.33
8770,99.33
8770,99.33
8772,99.22
8772,99.22
8772,99.23
8772,99.23
8772,99.23
8772,99.24
8772,99.26
8772,99.29
8773,99.33
8773,99.33
8773,99.33
8773,99.33
8773,99.33
8776,99.27
8776,99.28
8776,99.32
8776,99.32
8776,99.32
8776,99.32
8776,99.32
8776,99.32
8779,99.33
8779,99.33
8779,99.33
8779,99.33
8779,99.33
8779,99.33
8784,99.06
8785,99.32
8785,99.32
8785,99.32
8785,99.32
8785,99.32
8785,99.33
8787,98.98
8787,98.98
8787,98.98
8787,98.98
8787,98.99
8787,99.10
8789,99.09
8789,99.09
8789,99.09
8789,99.09
8789,99.09
8789,99.09
8790,99.33
8790,99.33
8791,99.17
8791,99.17
8791,99.17
8791,99.18
8791,99.33
8792,99.24
8792,99.24
8792,99.24
8792,99.24
8794,99.15
8794,99.15
8794,99.16
8794,99.16
8794,99.16
8795,99.31
8796,99.33
8796,99.33
8796,99.33
8796,99.33
8796,99.33
8796,99.33
8796,99.33
8796,99.33
8797,99.32
8797,99.32
8797,99.32
8797,99.32
8797,99.32
8799,99.06
8799,99.06
8799,99.06
8799,99.06
8799,99.15
8799,99.16
8800,99.29
8800,99.29
8800,99.29
8800,99.29
8800,99.31
8800,99.33
8800,99.33
8800,99.33
8800,99.33
8800,99.33
8804,99.26
8804,99.26
8804,99.26
8805,99.30
8805,99.30
8810,99.32
8810,99.32
8813,99.28
8815,99.33
8818,98.74
8818,98.74
8818,98.74
8818,98.74
8818,98.92
8818,98.99
8820,99.27
8820,99.27
8820,99.27
8820,99.27
8820,99.27
8821,98.20
8821,98.20
8821,98.20
8821,98.20
8821,98.20
8821,98.20
8821,99.24
8822,99.33
8822,99.33
8822,99.33
8822,99.33
8822,99.33
8822,99.33
8826,99.30
8828,98.96
8828,98.96
8828,98.99
8828,98.99
8828,98.99
8828,99.01
8828,99.19
8828,99.19
8828,99.19
8828,99.19
8828,99.19
8828,99.19
8828,99.23
8831,99.21
8831,99.21
8831,99.21
8831,99.21
8831,99.24
8831,99.24
8832,99.28
8832,99.28
8832,99.28
8832,99.28
8834,99.16
8834,99.28
8834,99.28
8834,99.28
8834,99.28
8837,96.15
8840,99.19
8840,99.19
8840,99.20
8840,99.20
8840,99.20
8840,99.20
8843,98.99
8844,99.27
8844,99.27
8844,99.27
8844,99.28
8844,99.30
8844,99.30
8844,99.30
8844,99.30
8844,99.30
8844,99.32
8846,98.98
8848,99.33
8848,99.33
8849,99.31
8850,99.19
8850,99.19
8850,99.19
8850,99.19
8850,99.19
8850,99.20
8850,99.31
8851,99.33
8851,99.33
8851,99.33
8851,99.33
8853,99.33
8857,99.23
8857,99.23
8858,99.27
8864,99.27
8864,99.28
8866,99.24
8866,99.24
8866,99.24
8866,99.24
8866,99.24
8866,99.26
8873,99.20
8873,99.20
8873,99.20
8873,99.20
8873,99.20
8874,99.13
8874,99.13
8874,99.13
8874,99.13
8874,99.13
8874,99.20
8874,99.27
8875,99.33
8875,99.33
8875,99.33
8875,99.33
8876,99.33
8876,99.33
8876,99.33
8876,99.33
8876,99.33
8876,99.33
8876,99.33
8876,99.33
8876,99.33
8876,99.33
8876,99.33
8876,99.33
8877,99.09
8877,99.09
8877,99.09
8877,99.10
8877,99.10
8877,99.10
8880,99.10
8880,99.10
8880,99.10
8880,99.10
8880,99.11
8880,99.32
8885,99.23
8886,99.32
8887,99.25
8887,99.31
8888,99.32
8888,99.32
8888,99.32
8888,99.32
8888,99.32
8891,99.31
8891,99.32
8891,99.32
8891,99.32
8891,99.32
8897,99.25
8898,99.16
8898,99.16
8898,99.16
8898,99.16
8899,99.28
8900,99.32
8900,99.32
8900,99.32
8900,99.32
8901,99.30
8901,99.30
8901,99.30
8901,99.30
8901,99.30
8905,99.21
8905,99.22
8906,98.53
8906,98.53
8906,98.54
8906,98.55
8906,98.56
8906,98.66
8906,99.32
8906,99.32
8906,99.32
8906,99.32
8906,99.32
8906,99.32
8909,99.32
8909,99.32
8909,99.32
8909,99.32
8909,99.32
8916,99.22
8916,99.31
8916,99.31
8916,99.31
8916,99.31
8919,98.59
8919,98.59
8919,98.59
8919,98.59
8919,98.59
8919,99.32
8922,99.16
8925,98.85
8928,99.21
8928,99.32
8928,99.32
8928,99.32
8928,99.32
8928,99.32
8930,99.26
8931,99.32
8934,99.30
8934,99.30
8936,99.32
8942,99.31
8942,99.31
8942,99.31
8942,99.31
8942,99.31
8947,99.32
8947,99.32
8947,99.32
8951,99.17
8951,99.23
8951,99.29
8956,98.87
8956,98.87
8956,98.87
8956,98.87
8956,98.87
8956,98.89
8959,99.31
8960,99.32
8960,99.32
8960,99.32
8960,99.32
8960,99.32
8960,99.32
8960,99.32
8962,99.27
8962,99.27
8962,99.27
8962,99.27
8962,99.27
8965,99.25
8966,99.32
8966,99.32
8966,99.32
8966,99.32
8966,99.32
8966,99.32
8966,99.32
8972,99.29
8973,99.29
8973,99.32
8973,99.32
8973,99.32
8973,99.32
8973,99.32
8973,99.32
8973,99.32
8973,99.32
8973,99.32
8973,99.32
8973,99.32
8975,99.01
8975,99.22
8975,99.22
8975,99.22
8975,99.22
8975,99.22
8976,99.29
8976,99.32
8976,99.32
8976,99.32
8976,99.32
8976,99.32
8977,99.18
8977,99.23
8977,99.26
8979,98.80
8979,98.80
8979,98.80
8979,98.80
8979,98.80
8979,98.85
8980,99.32
8980,99.32
8980,99.32
8980,99.32
8980,99.32
8980,99.32
8981,99.27
8981,99.27
8981,99.27
8981,99.27
8981,99.27
8984,99.20
8984,99.20
8984,99.29
8984,99.30
8984,99.32
8985,99.32
8987,99.32
8989,99.30
8989,99.30
8989,99.32
8989,99.32
8991,99.16
8991,99.21
8992,99.06
8992,99.22
8992,99.22
8992,99.23
8992,99.24
8992,99.27
8993,99.21
8993,99.21
8993,99.21
8993,99.31
8993,99.31
8996,99.21
8996,99.21
8999,99.32
8999,99.32
8999,99.32
8999,99.32
8999,99.32
8999,99.32
9000,99.12
9000,99.12
9000,99.12
9000,99.12
9000,99.12
9000,99.14
9001,99.18
9003,97.17
9003,97.17
9003,97.17
9003,97.17
9003,97.23
9003,97.33
9003,99.32
9003,99.32
9003,99.32
9003,99.32
9003,99.32
9003,99.32
9004,98.92
9004,98.92
9004,98.92
9004,98.92
9004,98.92
9004,98.96
9009,98.03
9009,98.03
9009,98.17
9009,98.26
9009,98.50
9012,99.16
9016,99.31
9016,99.31
9016,99.31
9016,99.31
9016,99.31
9016,99.31
9017,99.31
9017,99.31
9017,99.31
9017,99.31
9017,99.31
9018,99.27
9018,99.27
9018,99.27
9018,99.27
9018,99.27
9019,99.31
9020,99.27
9023,99.23
9023,99.25
9024,99.26
9024,99.26
9024,99.26
9024,99.26
9024,99.26
9024,99.28
9024,99.31
9024,99.31
9024,99.31
9024,99.31
9024,99.31
9024,99.31
9025,99.31
9025,99.31
9026,99.21
9026,99.21
9026,99.22
9026,99.23
9026,99.25
9027,99.30
9033,99.18
9034,99.03
9034,99.03
9034,99.03
9034,99.03
9034,99.03
9034,99.25
9036,99.02
9037,99.15
9037,99.27
9037,99.31
9037,99.31
9037,99.31
9037,99.31
9037,99.31
9038,99.27
9041,99.07
9041,99.07
9041,99.07
9041,99.07
9041,99.08
9041,99.31
9041,99.31
9041,99.31
9041,99.31
9041,99.31
9041,99.31
9042,99.27
9042,99.27
9042,99.27
9044,99.31
9047,99.17
9047,99.17
9047,99.17
9047,99.17
9047,99.18
9047,99.29
9047,99.29
9047,99.29
9047,99.29
9050,99.31
9050,99.31
9050,99.31
9050,99.31
9050,99.31
9053,99.29
9053,99.29
9053,99.29
9053,99.29
9053,99.31
9054,99.24
9054,99.24
9054,99.24
9054,99.28
9054,99.31
9054,99.31
9054,99.31
9054,99.31
9054,99.31
9054,99.31
9056,99.16
9056,99.16
9057,99.28
9057,99.28
9057,99.28
9057,99.28
9057,99.28
9057,99.28
9060,99.31
9060,99.31
9060,99.31
9060,99.31
9060,99.31
9060,99.31
9061,99.31
9061,99.31
9061,99.31
9061,99.31
9061,99.31
9061,99.31
9063,99.28
9063,99.28
9063,99.28
9063,99.28
9063,99.28
9063,99.28
9064,99.00
9064,99.00
9064,99.00
9064,99.08
9065,98.70
9065,99.22
9065,99.28
9065,99.31
9068,99.04
9068,99.26
9068,99.26
9068,99.26
9068,99.26
9068,99.31
9070,99.19
9073,99.07
9073,99.07
9073,99.07
9073,99.10
9073,99.12
9073,99.18
9076,99.04
9078,99.10
9078,99.10
9078,99.10
9078,99.10
9078,99.10
9078,99.10
9081,98.22
9081,98.22
9081,98.22
9081,98.22
9081,98.37
9081,98.47
9081,98.83
9081,98.83
9081,98.84
9081,98.84
9081,98.84
9081,98.88
9083,98.52
9083,98.52
9083,98.52
9083,98.52
9083,98.59
9083,98.78
9084,99.27
9084,99.31
9084,99.31
9084,99.31
9084,99.31
9084,99.31
9084,99.31
9085,98.67
9093,99.29
9093,99.30
9093,99.30
9096,99.31
9097,99.31
9097,99.31
9097,99.31
9097,99.31
9097,99.31
9097,99.31
9097,99.31
9104,99.31
9104,99.31
9104,99.31
9104,99.31
9104,99.31
9105,99.22
9112,99.26
9112,99.26
9112,99.26
9112,99.26
9112,99.26
9117,98.93
9117,98.93
9117,98.93
9117,98.93
9117,98.93
9118,99.21
9118,99.21
9118,99.21
9118,99.21
9118,99.21
9118,99.31
9118,99.31
9118,99.31
9118,99.31
9118,99.31
9118,99.31
9119,99.15
9119,99.15
9119,99.15
9119,99.15
9119,99.17
9119,99.21
9123,98.73
9123,98.73
9123,98.73
9123,98.73
9123,98.73
9123,99.24
9125,99.31
9125,99.31
9125,99.31
9125,99.31
9125,99.31
9125,99.31
9126,99.12
9126,99.12
9126,99.12
9126,99.12
9126,99.12
9126,99.12
9128,99.30
9129,99.16
9130,99.26
9134,99.14
9137,99.17
9138,99.29
9139,99.27
9139,99.27
9139,99.30
9139,99.30
9139,99.30
9139,99.30
9140,99.31
9142,99.18
9142,99.18
9142,99.18
9142,99.18
9142,99.18
9142,99.19
9143,99.30
9150,99.30
9151,99.08
9151,99.08
9151,99.08
9151,99.08
9151,99.08
9151,99.11
9151,99.15
9151,99.15
9151,99.15
9151,99.29
9153,99.20
9153,99.24
9153,99.24
9155,99.27
9155,99.27
9155,99.27
9155,99.27
9155,99.27
9156,99.24
9157,99.15
9157,99.15
9157,99.15
9157,99.15
9157,99.15
9158,99.00
9159,99.11
9160,99.29
9160,99.30
9160,99.30
9160,99.30
9160,99.30
9160,99.30
9160,99.30
9160,99.30
9160,99.30
9160,99.30
9160,99.30
9160,99.30
9162,99.30
9164,99.28
9166,99.19
9166,99.19
9166,99.19
9166,99.19
9166,99.19
9166,99.22
9166,99.30
9168,99.26
9168,99.30
9170,99.30
9172,99.28
9173,99.30
9173,99.30
9173,99.30
9175,99.03
9176,99.25
9176,99.25
9176,99.26
9178,99.02
9178,99.30
9178,99.30
9178,99.30
9178,99.30
9179,99.27
9179,99.27
9181,99.30
9181,99.30
9181,99.30
9181,99.30
9181,99.30
9181,99.30
9189,99.23
9189,99.23
9189,99.23
9189,99.23
9189,99.23
9189,99.23
9189,99.30
9189,99.30
9189,99.30
9189,99.30
9189,99.30
9189,99.30
9191,99.26
9192,99.27
9192,99.28
9192,99.30
9192,99.30
9192,99.30
9192,99.30
9196,99.30
9196,99.30
9196,99.30
9196,99.30
9196,99.30
9196,99.30
9201,99.30
9201,99.30
9201,99.30
9201,99.30
9202,99.08
9203,98.37
9203,99.21
9203,99.21
9203,99.21
9203,99.22
9204,99.28
9204,99.28
9204,99.28
9204,99.28
9204,99.28
9204,99.28
9204,99.29
9204,99.29
9206,99.00
9206,99.00
9206,99.08
9207,98.14
9207,99.18
9207,99.25
9207,99.25
9207,99.25
9207,99.25
9207,99.25
9208,99.14
9208,99.14
9208,99.14
9208,99.14
9210,99.30
9210,99.30
9210,99.30
9210,99.30
9210,99.30
9211,99.23
9211,99.23
9213,99.16
9213,99.23
9213,99.23
9213,99.23
9213,99.23
9213,99.26
9215,99.30
9215,99.30
9229,99.30
9229,99.30
9229,99.30
9229,99.30
9229,99.30
9232,99.23
9235,99.29
9237,99.30
9237,99.30
9237,99.30
9238,99.23
9238,99.23
9238,99.23
9238,99.23
9238,99.23
9239,99.25
9239,99.25
9239,99.25
9239,99.26
9239,99.30
9243,99.22
9243,99.24
9243,99.24
9243,99.24
9243,99.24
9243,99.24
9243,99.27
9243,99.27
9243,99.27
9243,99.27
9244,98.70
9244,98.70
9244,98.70
9244,98.70
9244,98.70
9244,98.74
9247,99.27
9248,99.20
9248,99.25
9256,99.30
9256,99.30
9256,99.30
9256,99.30
9256,99.30
9256,99.30
9260,98.30
9260,98.30
9260,98.30
9260,98.33
9264,99.23
9265,99.30
9265,99.30
9265,99.30
9265,99.30
9265,99.30
9266,99.02
9267,99.30
9267,99.30
9267,99.30
9267,99.30
9267,99.30
9267,99.30
9272,99.27
9273,99.24
9273,99.29
9273,99.29
9273,99.29
9273,99.29
9274,99.22
9274,99.22
9274,99.22
9274,99.25
9274,99.28
9274,99.29
9275,99.24
9276,99.11
9276,99.11
9276,99.16
9276,99.16
9276,99.16
9278,99.12
9278,99.12
9278,99.12
9278,99.13
9278,99.13
9278,99.29
9278,99.29
9278,99.29
9278,99.29
9278,99.29
9278,99.29
9285,99.25
9285,99.29
9285,99.29
9285,99.29
9285,99.29
9285,99.29
9285,99.29
9286,99.03
9286,99.03
9286,99.03
9286,99.03
9286,99.04
9286,99.12
9287,99.18
9288,99.25
9288,99.25
9288,99.26
9290,99.15
9290,99.15
9290,99.15
9290,99.15
9290,99.15
9292,99.18
9293,99.17
9301,99.29
9301,99.29
9301,99.29
9301,99.29
9301,99.29
9302,98.66
9303,99.08
9305,99.20
9306,99.23
9308,99.28
9308,99.28
9308,99.28
9308,99.28
9308,99.28
9308,99.28
9308,99.29
9309,99.15
9309,99.15
9309,99.15
9309,99.15
9309,99.15
9310,99.09
9311,99.29
9311,99.29
9311,99.29
9311,99.29
9311,99.29
9311,99.29
9311,99.29
9311,99.29
9313,99.07
9313,99.07
9313,99.07
9313,99.07
9313,99.08
9315,99.23
9315,99.23
9315,99.24
9317,99.07
9317,99.07
9317,99.07
9317,99.07
9317,99.08
9317,99.29
9323,98.85
9323,98.85
9323,98.85
9323,98.85
9323,98.87
9323,98.89
9325,99.13
9325,99.24
9325,99.29
9325,99.29
9325,99.29
9325,99.29
9327,99.29
9330,99.20
9330,99.20
9330,99.20
9330,99.20
9330,99.20
9334,99.14
9338,99.28
9338,99.29
9339,98.96
9339,98.96
9339,99.00
9339,99.00
9339,99.00
9339,99.00
9339,99.24
9339,99.24
9339,99.25
9339,99.25
9339,99.25
9341,99.18
9341,99.21
9341,99.21
9342,99.27
9342,99.27
9342,99.27
9342,99.27
9342,99.27
9345,99.05
9345,99.05
9345,99.05
9345,99.05
9345,99.05
9345,99.07
9345,99.24
9345,99.28
9345,99.28
9345,99.28
9345,99.28
9346,99.14
9346,99.14
9346,99.17
9346,99.17
9346,99.17
9346,99.23
9346,99.25
9346,99.25
9346,99.25
9347,99.29
9347,99.29
9349,99.24
9349,99.24
9349,99.29
9349,99.29
9349,99.29
9349,99.29
9349,99.29
9349,99.29
9352,97.82
9352,97.82
9352,97.82
9352,97.82
9352,97.82
9352,97.87
9352,99.25
9357,96.83
9357,97.29
9357,97.37
9357,97.37
9357,98.09
9357,99.17
9357,99.17
9357,99.17
9357,99.17
9357,99.17
9357,99.17
9362,99.23
9362,99.23
9362,99.23
9362,99.23
9362,99.25
9363,99.13
9363,99.13
9363,99.13
9363,99.17
9368,99.21
9368,99.21
9368,99.21
9368,99.21
9368,99.21
9368,99.21
9369,99.21
9372,99.15
9372,99.15
9372,99.15
9372,99.15
9372,99.16
9374,99.19
9374,99.19
9374,99.19
9374,99.20
9374,99.20
9374,99.22
9374,99.25
9375,98.90
9375,98.90
9375,98.90
9375,98.90
9375,98.90
9375,98.92
9376,99.28
9381,99.10
9381,99.27
9381,99.27
9381,99.27
9381,99.27
9381,99.27
9382,99.10
9382,99.10
9382,99.20
9385,99.27
9385,99.29
9385,99.29
9385,99.29
9385,99.29
9385,99.29
9385,99.29
9386,99.15
9386,99.15
9386,99.18
9386,99.18
9386,99.18
9386,99.29
9386,99.29
9386,99.29
9386,99.29
9386,99.29
9387,99.16
9387,99.16
9387,99.16
9387,99.16
9387,99.23
9389,99.28
9390,99.25
9390,99.25
9390,99.25
9390,99.25
9391,99.23
9391,99.23
9391,99.23
9391,99.23
9391,99.23
9391,99.26
9394,98.98
9394,98.98
9394,98.98
9394,98.98
9394,98.98
9394,98.98
9395,99.29
9395,99.29
9395,99.29
9395,99.29
9395,99.29
9395,99.29
9396,99.15
9398,99.15
9398,99.15
9398,99.19
9398,99.19
9398,99.20
9398,99.29
9400,99.19
9400,99.28
9400,99.28
9400,99.29
9400,99.29
9400,99.29
9401,99.04
9401,99.04
9401,99.04
9401,99.04
9401,99.04
9401,99.04
9405,99.24
9405,99.25
9405,99.25
9407,99.28
9407,99.28
9407,99.28
9407,99.28
9408,99.28
9410,99.28
9410,99.28
9410,99.28
9410,99.28
9410,99.28
9410,99.28
9413,99.28
9413,99.28
9413,99.28
9413,99.28
9413,99.28
9416,99.15
9416,99.15
9416,99.16
9416,99.16
9416,99.17
9416,99.17
9417,99.21
9418,99.28
9418,99.28
9418,99.28
9418,99.28
9418,99.28
9418,99.28
9419,99.17
9419,99.17
9419,99.17
9419,99.18
9419,99.21
9421,98.88
9421,98.88
9421,98.88
9421,98.88
9421,98.88
9421,98.90
9427,99.28
9429,99.02
9429,99.05
9429,99.05
9429,99.25
9429,99.25
9429,99.25
9429,99.25
9429,99.25
9429,99.25
9430,99.11
9430,99.11
9436,98.65
9437,98.83
9437,99.14
9440,99.18
9440,99.18
9440,99.18
9440,99.18
9440,99.19
9441,99.26
9441,99.28
9441,99.28
9441,99.28
9441,99.28
9441,99.28
9441,99.28
9442,98.98
9442,98.98
9442,98.98
9442,98.98
9442,98.98
9442,98.99
9442,99.28
9442,99.28
9442,99.28
9442,99.28
9442,99.28
9443,98.22
9448,99.18
9448,99.18
9448,99.20
9448,99.20
9448,99.20
9450,99.28
9451,99.28
9451,99.28
9451,99.28
9451,99.28
9451,99.28
9451,99.28
9453,99.28
9455,99.05
9455,99.05
9455,99.05
9455,99.05
9455,99.05
9455,99.05
9455,99.25
9455,99.28
9455,99.28
9455,99.28
9455,99.28
9455,99.28
9456,99.11
9456,99.17
9456,99.21
9457,99.20
9457,99.23
9457,99.28
9457,99.28
9457,99.28
9457,99.28
9457,99.28
9457,99.28
9460,99.26
9462,99.24
9466,99.09
9468,99.05
9468,99.05
9468,99.08
9468,99.10
9468,99.21
9468,99.21
9469,98.40
9469,98.40
9469,98.41
9469,98.41
9469,98.45
9469,99.28
9469,99.28
9469,99.28
9469,99.28
9469,99.28
9469,99.28
9469,99.28
9470,99.21
9470,99.21
9470,99.21
9470,99.22
9470,99.23
9470,99.23
9470,99.23
9470,99.23
9470,99.23
9470,99.23
9470,99.25
9473,99.09
9473,99.09
9473,99.09
9473,99.09
9473,99.09
9476,99.21
9476,99.21
9476,99.21
9476,99.24
9476,99.24
9476,99.25
9479,99.28
9479,99.28
9479,99.28
9479,99.28
9483,99.25
9483,99.25
9483,99.25
9483,99.25
9483,99.25
9484,99.28
9485,99.03
9485,99.28
9485,99.28
9485,99.28
9486,99.26
9488,99.15
9488,99.15
9488,99.15
9488,99.15
9488,99.15
9488,99.15
9490,96.65
9490,96.65
9490,96.65
9490,96.65
9490,96.65
9490,96.65
9493,99.19
9493,99.19
9493,99.19
9493,99.21
9493,99.22
9495,99.28
9495,99.28
9495,99.28
9495,99.28
9495,99.28
9495,99.28
9496,97.67
9496,98.49
9496,98.64
9496,98.64
9496,98.64
9496,99.14
9496,99.14
9496,99.14
9496,99.14
9496,99.15
9496,99.20
9496,99.26
9496,99.26
9496,99.26
9496,99.26
9496,99.28
9497,99.28
9497,99.28
9497,99.28
9497,99.28
9499,99.25
9499,99.28
9499,99.28
9499,99.28
9499,99.28
9499,99.28
9500,99.11
9500,99.22
9502,99.12
9502,99.12
9502,99.12
9502,99.12
9502,99.12
9502,99.14
9505,99.28
9505,99.28
9505,99.28
9505,99.28
9505,99.28
9505,99.28
9509,99.23
9509,99.23
9509,99.23
9509,99.23
9509,99.23
9513,99.19
9513,99.24
9514,99.14
9514,99.14
9515,98.89
9516,99.25
9517,99.13
9517,99.13
9517,99.13
9517,99.13
9517,99.13
9517,99.13
9518,99.21
9518,99.28
9518,99.28
9518,99.28
9518,99.28
9518,99.28
9518,99.28
9520,99.24
9520,99.24
9520,99.25
9520,99.25
9522,99.20
9522,99.24
9524,99.19
9524,99.24
9524,99.28
9526,99.19
9526,99.19
9526,99.19
9526,99.19
9526,99.20
9526,99.25
9526,99.25
9526,99.25
9526,99.25
9526,99.25
9528,99.10
9528,99.10
9529,99.23
9529,99.23
9529,99.23
9529,99.23
9529,99.23
9533,99.23
9535,99.23
9535,99.23
9535,99.23
9535,99.23
9535,99.23
9535,99.23
9536,99.16
9536,99.16
9537,99.25
9538,99.08
9538,99.08
9538,99.08
9538,99.08
9538,99.11
9540,99.27
9546,99.18
9547,99.01
9547,99.01
9547,99.01
9547,99.01
9547,99.01
9547,99.01
9547,99.27
9547,99.27
9547,99.27
9547,99.27
9547,99.27
9547,99.27
9549,99.27
9549,99.27
9550,99.08
9550,99.08
9550,99.08
9550,99.08
9550,99.21
9550,99.24
9551,99.23
9553,99.10
9557,99.27
9567,99.24
9569,99.22
9569,99.22
9572,99.08
9574,99.08
9574,99.08
9574,99.09
9574,99.10
9574,99.10
9574,99.12
9574,99.27
9576,99.19
9576,99.19
9576,99.19
9576,99.19
9576,99.19
9577,99.14
9577,99.14
9577,99.14
9577,99.14
9577,99.14
9577,99.15
9577,99.15
9577,99.15
9577,99.15
9577,99.15
9577,99.18
9577,99.27
9577,99.27
9577,99.27
9578,99.27
9579,99.27
9579,99.27
9579,99.27
9579,99.27
9579,99.27
9580,99.27
9580,99.27
9580,99.27
9580,99.27
9580,99.27
9580,99.27
9588,99.24
9590,99.08
9591,99.23
9591,99.23
9591,99.23
9591,99.23
9591,99.23
9591,99.27
9591,99.27
9591,99.27
9591,99.27
9593,99.26
9593,99.26
9593,99.26
9593,99.26
9593,99.26
9593,99.27
9595,99.27
9595,99.27
9595,99.27
9595,99.27
9595,99.27
9595,99.27
9597,99.23
9600,99.27
9600,99.27
9600,99.27
9600,99.27
9600,99.27
9600,99.27
9602,99.19
9602,99.19
9602,99.19
9602,99.19
9602,99.27
9602,99.27
9604,99.21
9604,99.25
9604,99.25
9604,99.25
9604,99.25
9604,99.25
9604,99.25
9604,99.27
9604,99.27
9609,99.13
9609,99.13
9609,99.13
9609,99.13
9610,98.68
9610,98.68
9610,98.68
9610,98.68
9610,98.68
9610,98.70
9610,99.15
9610,99.27
9610,99.27
9610,99.27
9610,99.27
9610,99.27
9610,99.27
9618,99.27
9618,99.27
9618,99.27
9619,99.27
9619,99.27
9619,99.27
9619,99.27
9619,99.27
9623,99.11
9625,99.11
9626,99.16
9628,99.17
9628,99.25
9628,99.27
9628,99.27
9628,99.27
9628,99.27
9629,99.20
9630,98.94
9630,99.21
9630,99.21
9630,99.21
9630,99.21
9630,99.21
9632,99.24
9632,99.24
9632,99.24
9632,99.24
9632,99.27
9633,99.15
9633,99.15
9633,99.15
9638,99.27
9638,99.27
9638,99.27
9638,99.27
9640,99.02
9640,99.03
9641,99.12
9644,99.23
9644,99.25
9644,99.25
9644,99.25
9644,99.25
9644,99.25
9644,99.25
9647,99.27
9647,99.27
9647,99.27
9647,99.27
9647,99.27
9647,99.27
9651,99.14
9664,99.25
9664,99.25
9664,99.25
9665,99.01
9665,99.01
9665,99.01
9665,99.01
9665,99.02
9665,99.20
9665,99.20
9665,99.21
9666,99.27
9666,99.27
9666,99.27
9666,99.27
9666,99.27
9666,99.27
9673,99.08
9673,99.08
9673,99.08
9673,99.08
9673,99.08
9673,99.12
9674,99.25
9676,99.21
9677,99.06
9677,99.06
9677,99.06
9677,99.06
9677,99.06
9678,98.85
9678,98.85
9678,98.86
9678,98.86
9678,98.89
9678,98.91
9682,99.13
9685,99.06
9685,99.06
9685,99.08
9685,99.08
9685,99.08
9685,99.19
9686,99.21
9686,99.21
9686,99.21
9686,99.26
9688,99.26
9688,99.26
9688,99.26
9688,99.26
9688,99.26
9692,98.84
9692,98.84
9692,98.84
9692,98.85
9692,98.85
9692,98.87
9693,99.01
9693,99.01
9693,99.04
9693,99.10
9693,99.18
9696,99.26
9696,99.26
9696,99.26
9698,99.23
9698,99.23
9700,99.25
9700,99.26
9700,99.26
9700,99.26
9700,99.26
9700,99.26
9702,98.73
9704,99.19
9706,99.24
9706,99.26
9709,99.25
9714,99.26
9714,99.26
9715,99.22
9715,99.22
9715,99.22
9715,99.22
9715,99.22
9718,99.16
9721,99.25
9721,99.25
9721,99.25
9721,99.25
9721,99.25
9721,99.25
9722,98.83
9722,98.83
9722,98.83
9722,98.83
9722,98.83
9724,99.26
9725,99.26
9725,99.26
9725,99.26
9725,99.26
9725,99.26
9725,99.26
9726,99.26
9735,99.00
9735,99.00
9737,99.04
9738,99.24
9739,99.18
9739,99.18
9739,99.18
9739,99.19
9739,99.20
9740,99.18
9740,99.18
9740,99.18
9740,99.18
9741,99.19
9741,99.19
9743,99.19
9747,99.16
9749,99.25
9749,99.26
9750,99.26
9750,99.26
9750,99.26
9750,99.26
9750,99.26
9750,99.26
9753,99.26
9753,99.26
9753,99.26
9753,99.26
9753,99.26
9755,99.08
9755,99.08
9755,99.12
9755,99.12
9755,99.12
9755,99.17
9756,99.22
9757,99.20
9757,99.26
9757,99.26
9760,99.18
9760,99.19
9760,99.19
9760,99.19
9760,99.19
9760,99.22
9760,99.25
9765,99.22
9765,99.22
9766,98.95
9766,99.14
9766,99.14
9766,99.14
9766,99.14
9766,99.14
9766,99.23
9766,99.26
9766,99.26
9766,99.26
9767,98.11
9767,98.11
9767,98.11
9767,98.11
9767,98.11
9767,98.36
9767,99.17
9767,99.17
9767,99.17
9767,99.17
9767,99.17
9767,99.17
9768,98.58
9768,99.17
9768,99.17
9772,99.19
9773,99.26
9773,99.26
9778,99.22
9778,99.22
9778,99.22
9779,99.09
9779,99.09
9779,99.10
9779,99.10
9779,99.14
9783,99.16
9784,99.25
9784,99.26
9786,98.88
9786,98.88
9786,98.89
9786,98.92
9786,99.00
9786,99.00
9786,99.00
9786,99.02
9786,99.02
9787,98.92
9787,98.92
9787,98.93
9787,98.93
9787,98.93
9787,98.98
9788,99.21
9788,99.21
9789,99.26
9789,99.26
9789,99.26
9789,99.26
9789,99.26
9795,99.03
9795,99.03
9795,99.04
9795,99.04
9795,99.04
9795,99.08
9795,99.23
9797,99.21
9797,99.25
9803,99.22
9803,99.22
9803,99.22
9803,99.22
9803,99.22
9804,99.23
9804,99.23
9804,99.23
9804,99.23
9804,99.23
9804,99.25
9804,99.25
9804,99.25
9804,99.25
9804,99.25
9804,99.25
9804,99.25
9804,99.25
9804,99.25
9804,99.25
9804,99.25
9807,99.04
9807,99.04
9807,99.05
9807,99.05
9807,99.05
9807,99.13
9809,99.13
9812,99.25
9812,99.25
9812,99.25
9812,99.25
9812,99.25
9815,99.06
9815,99.06
9815,99.06
9815,99.06
9815,99.06
9815,99.10
9816,99.25
9816,99.25
9816,99.25
9816,99.25
9820,96.74
9820,96.74
9820,96.77
9820,96.79
9820,96.82
9820,97.05
9820,99.25
9820,99.25
9820,99.25
9820,99.25
9821,98.97
9821,98.99
9821,99.02
9825,99.13
9828,98.86
9828,98.86
9828,98.86
9828,98.86
9828,98.86
9828,98.89
9830,99.25
9830,99.25
9831,99.25
9831,99.25
9831,99.25
9834,99.25
9834,99.25
9834,99.25
9834,99.25
9834,99.25
9834,99.25
9836,99.12
9836,99.12
9836,99.13
9836,99.13
9836,99.14
9839,99.05
9839,99.24
9839,99.24
9839,99.24
9841,99.15
9841,99.15
9841,99.15
9841,99.15
9841,99.15
9841,99.17
9844,99.25
9844,99.25
9844,99.25
9844,99.25
9844,99.25
9844,99.25
9845,99.22
9845,99.22
9848,98.96
9848,99.24
9854,99.24
9854,99.24
9854,99.25
9855,99.22
9855,99.22
9859,99.15
9859,99.15
9863,99.06
9865,99.21
9869,99.19
9869,99.19
9869,99.19
9869,99.19
9870,99.25
9870,99.25
9870,99.25
9870,99.25
9873,98.95
9875,98.26
9875,98.26
9875,98.26
9875,98.26
9875,98.26
9875,99.22
9875,99.22
9875,99.22
9875,99.22
9875,99.22
9875,99.25
9877,99.20
9879,99.21
9882,99.06
9882,99.06
9882,99.06
9882,99.07
9882,99.07
9883,98.96
9883,98.96
9883,98.96
9883,98.97
9883,98.97
9883,99.02
9883,99.02
9883,99.03
9883,99.03
9883,99.03
9886,99.16
9886,99.16
9886,99.16
9886,99.16
9886,99.16
9886,99.17
9894,99.19
9899,98.95
9899,98.95
9899,98.95
9899,98.95
9899,98.95
9899,99.14
9899,99.14
9899,99.14
9899,99.14
9899,99.14
9899,99.14
9899,99.25
9901,99.02
9901,99.08
9902,99.12
9902,99.12
9902,99.12
9902,99.12
9903,99.21
9903,99.21
9903,99.21
9903,99.21
9903,99.24
9903,99.25
9904,99.25
9905,99.23
9907,99.13
9907,99.13
9907,99.13
9907,99.13
9907,99.13
9907,99.19
9911,99.16
9911,99.16
9912,99.04
9914,99.25
9914,99.25
9914,99.25
9914,99.25
9914,99.25
9914,99.25
9918,99.17
9918,99.17
9918,99.17
9918,99.17
9918,99.17
9919,99.25
9922,99.24
9922,99.24
9923,99.25
9923,99.25
9923,99.25
9923,99.25
9925,99.22
9926,99.11
9933,99.17
9933,99.24
9933,99.24
9933,99.24
9933,99.24
9935,99.03
9936,99.19
9938,99.22
9938,99.22
9938,99.22
9938,99.22
9938,99.23
9939,98.95
9939,98.95
9944,99.23
9944,99.23
9944,99.23
9944,99.23
9944,99.23
9947,99.24
9947,99.24
9947,99.24
9947,99.24
9947,99.24
9947,99.24
9950,99.16
9950,99.16
9950,99.16
9950,99.16
9950,99.16
9950,99.16
9951,99.07
9951,99.07
9951,99.07
9951,99.07
9951,99.07
9951,99.07
9951,99.20
9951,99.20
9953,99.11
9954,99.24
9958,99.22
9958,99.22
9958,99.22
9958,99.22
9958,99.22
9962,99.06
9962,99.06
9962,99.11
9962,99.11
9962,99.15
9966,99.16
9966,99.16
9966,99.16
9966,99.16
9970,98.60
9970,98.60
9970,98.60
9970,98.62
9970,98.62
9970,98.64
9970,98.98
9970,98.98
9970,98.98
9970,98.98
9970,98.98
9970,99.00
9970,99.20
9970,99.20
9971,99.06
9971,99.06
9971,99.06
9971,99.07
9971,99.10
9971,99.18
9971,99.20
9973,99.02
9973,99.02
9973,99.03
9973,99.03
9973,99.03
9973,99.09
9973,99.13
9973,99.16
9973,99.16
9973,99.16
9974,99.21
9974,99.21
9974,99.22
9981,99.15
9981,99.15
9981,99.15
9981,99.15
9981,99.21
9986,99.24
9986,99.24
9986,99.24
9986,99.24
9986,99.24
9986,99.24
9995,99.24
9995,99.24
9995,99.24
9995,99.24
10003,99.15
10003,99.15
10003,99.15
10003,99.15
10003,99.15
10003,99.15
10004,99.09
10004,99.09
10004,99.09
10004,99.09
10004,99.09
10004,99.09
10008,99.16
10009,99.24
10009,99.24
10009,99.24
10009,99.24
10012,98.17
10012,99.16
10016,98.98
10022,99.14
10022,99.14
10022,99.15
10022,99.21
10024,99.04
10025,99.16
10025,99.23
10028,99.23
10028,99.23
10028,99.23
10028,99.23
10028,99.23
10031,99.17
10031,99.17
10031,99.18
10033,99.14
10034,99.13
10034,99.13
10036,99.12
10038,99.12
10039,99.15
10039,99.15
10039,99.15
10039,99.15
10039,99.15
10039,99.24
10040,99.10
10040,99.10
10040,99.10
10040,99.10
10040,99.10
10040,99.23
10040,99.23
10040,99.23
10040,99.23
10041,99.16
10041,99.16
10041,99.16
10041,99.17
10044,99.02
10044,99.02
10044,99.03
10044,99.03
10044,99.03
10044,99.21
10044,99.21
10044,99.21
10044,99.21
10050,99.05
10052,99.15
10052,99.15
10052,99.16
10052,99.16
10052,99.17
10055,99.13
10055,99.16
10056,99.01
10058,99.15
10059,99.23
10059,99.23
10059,99.23
10059,99.23
10061,99.23
10063,98.94
10063,99.23
10063,99.23
10063,99.23
10063,99.23
10063,99.23
10068,98.98
10068,99.07
10070,99.16
10070,99.17
10071,99.14
10071,99.14
10071,99.18
10072,99.23
10074,99.14
10075,98.83
10075,98.83
10075,98.83
10075,98.83
10075,98.83
10075,98.91
10075,98.91
10075,98.91
10075,98.92
10077,98.24
10077,98.24
10077,99.23
10077,99.23
10077,99.23
10077,99.23
10079,99.10
10079,99.23
10084,99.21
10084,99.23
10085,99.23
10088,98.95
10088,98.95
10088,98.95
10088,98.95
10088,98.95
10088,99.01
10088,99.15
10088,99.15
10088,99.15
10088,99.15
10088,99.17
10089,99.02
10089,99.07
10089,99.16
10090,99.18
10092,98.91
10094,99.20
10101,99.09
10101,99.09
10101,99.09
10101,99.09
10101,99.09
10103,99.23
10103,99.23
10103,99.23
10103,99.23
10103,99.23
10107,99.18
10107,99.23
10112,99.14
10113,99.03
10113,99.03
10113,99.03
10113,99.03
10113,99.03
10113,99.03
10115,99.07
10116,99.18
10117,99.01
10117,99.01
10117,99.01
10117,99.02
10119,99.17
10121,99.23
10121,99.23
10121,99.23
10121,99.23
10123,99.23
10123,99.23
10123,99.23
10123,99.23
10123,99.23
10124,99.04
10124,99.04
10124,99.04
10124,99.04
10124,99.04
10124,99.04
10128,99.23
10130,99.15
10131,97.93
10136,99.07
10141,99.14
10141,99.14
10143,99.23
10144,99.13
10144,99.13
10144,99.13
10146,99.22
10148,98.97
10148,99.23
10148,99.23
10148,99.23
10148,99.23
10148,99.23
10148,99.23
10149,99.18
10150,98.97
10150,98.97
10150,99.00
10150,99.01
10150,99.03
10152,99.23
10152,99.23
10152,99.23
10152,99.23
10152,99.23
10152,99.23
10153,99.18
10154,98.21
10155,99.07
10155,99.07
10155,99.07
10155,99.07
10155,99.10
10155,99.13
10156,98.96
10156,98.96
10156,98.96
10156,98.96
10156,99.02
10157,98.93
10157,99.00
10158,99.23
10158,99.23
10160,99.23
10160,99.23
10160,99.23
10160,99.23
10161,99.21
10161,99.21
10161,99.21
10161,99.21
10161,99.21
10161,99.21
10167,98.50
10167,98.50
10167,98.50
10167,98.50
10167,98.50
10167,98.50
10169,99.02
10171,99.00
10171,99.23
10171,99.23
10171,99.23
10171,99.23
10171,99.23
10173,99.09
10180,99.23
10183,99.23
10184,99.23
10185,99.08
10185,99.08
10185,99.08
10185,99.08
10185,99.08
10185,99.08
10191,99.04
10191,99.04
10191,99.05
10191,99.05
10191,99.06
10191,99.06
10200,99.20
10200,99.22
10201,98.97
10201,98.97
10201,98.97
10201,98.97
10201,98.97
10202,99.14
10202,99.18
10203,98.92
10203,98.92
10203,98.92
10203,98.92
10203,98.93
10203,99.03
10210,99.20
10211,98.88
10211,98.88
10211,98.95
10211,98.95
10211,98.95
10211,98.95
10212,96.81
10212,97.40
10212,97.40
10212,97.40
10212,97.40
10214,99.05
10214,99.05
10214,99.05
10214,99.05
10214,99.05
10214,99.12
10218,99.15
10218,99.15
10218,99.15
10218,99.15
10218,99.15
10220,99.01
10221,99.22
10221,99.22
10221,99.22
10221,99.22
10221,99.22
10222,99.22
10222,99.22
10222,99.22
10222,99.22
10222,99.22
10223,99.10
10223,99.10
10223,99.10
10223,99.10
10223,99.10
10226,99.22
10226,99.22
10226,99.22
10226,99.22
10226,99.22
10226,99.22
10231,99.13
10231,99.13
10234,98.00
10234,99.22
10234,99.22
10234,99.22
10234,99.22
10237,99.19
10237,99.19
10238,99.15
10241,99.08
10243,99.18
10243,99.18
10244,99.22
10247,98.81
10247,99.18
10248,99.11
10249,99.16
10250,98.99
10250,98.99
10250,98.99
10250,98.99
10250,98.99
10250,99.01
10250,99.15
10250,99.22
10251,99.14
10253,98.96
10253,99.01
10253,99.01
10253,99.02
10253,99.02
10253,99.02
10253,99.04
10253,99.20
10257,99.13
10260,99.22
10260,99.22
10260,99.22
10260,99.22
10260,99.22
10267,97.14
10267,97.14
10267,97.14
10267,97.14
10267,97.14
10267,97.35
10268,99.07
10268,99.22
10268,99.22
10268,99.22
10268,99.22
10268,99.22
10274,98.52
10276,99.03
10276,99.03
10276,99.05
10277,99.20
10278,99.15
10278,99.16
10278,99.16
10278,99.16
10278,99.18
10278,99.19
10279,99.05
10279,99.05
10279,99.06
10279,99.06
10279,99.06
10280,99.05
10280,99.17
10280,99.17
10280,99.17
10280,99.17
10280,99.17
10280,99.17
10281,99.16
10281,99.16
10281,99.16
10281,99.19
10281,99.19
10281,99.19
10281,99.19
10281,99.19
10285,99.01
10285,99.01
10285,99.01
10285,99.01
10285,99.01
10285,99.08
10286,99.15
10289,99.15
10289,99.15
10289,99.15
10289,99.15
10290,99.19
10292,99.04
10292,99.04
10292,99.05
10292,99.05
10292,99.08
10292,99.11
10292,99.11
10292,99.11
10292,99.11
10292,99.16
10292,99.22
10293,99.10
10293,99.17
10295,98.80
10295,98.80
10295,98.80
10295,98.80
10295,98.80
10297,98.55
10297,99.19
10298,99.19
10298,99.20
10298,99.20
10298,99.20
10298,99.20
10298,99.20
10305,98.64
10305,98.64
10305,98.64
10305,98.64
10305,98.64
10305,98.76
10308,98.98
10308,99.05
10308,99.05
10308,99.06
10308,99.06
10308,99.06
10308,99.06
10312,99.07
10312,99.07
10312,99.07
10312,99.07
10312,99.07
10315,99.13
10315,99.13
10315,99.13
10315,99.16
10315,99.16
10315,99.16
10315,99.19
10315,99.22
10316,99.19
10316,99.19
10316,99.22
10316,99.22
10316,99.22
10316,99.22
10316,99.22
10316,99.22
10317,99.20
10317,99.20
10317,99.20
10317,99.20
10317,99.21
10317,99.22
10318,99.22
10323,98.75
10323,98.75
10323,98.75
10323,98.75
10323,98.75
10323,98.76
10323,98.96
10323,99.04
10323,99.04
10323,99.04
10323,99.04
10323,99.04
10328,99.21
10328,99.21
10328,99.21
10328,99.21
10328,99.21
10328,99.21
10333,99.17
10333,99.17
10333,99.17
10333,99.17
10333,99.17
10333,99.17
10334,98.95
10334,98.95
10334,98.95
10334,98.95
10334,98.96
10338,99.17
10338,99.21
10341,98.79
10341,98.79
10341,98.79
10341,98.79
10341,98.85
10341,98.97
10341,98.99
10341,98.99
10341,99.01
10341,99.01
10344,99.20
10345,99.21
10346,99.20
10346,99.20
10347,98.88
10347,98.88
10347,98.88
10347,98.89
10347,98.92
10348,99.15
10348,99.15
10348,99.15
10348,99.15
10348,99.15
10348,99.15
10350,98.93
10350,98.93
10350,98.95
10350,98.95
10350,98.95
10351,99.21
10354,99.20
10357,98.74
10357,99.09
10359,98.84
10359,98.84
10359,98.84
10359,98.84
10359,98.84
10359,98.84
10359,99.13
10367,99.21
10367,99.21
10367,99.21
10367,99.21
10367,99.21
10367,99.21
10368,99.13
10368,99.13
10368,99.13
10369,99.13
10369,99.13
10369,99.13
10371,98.90
10371,98.90
10371,98.90
10371,98.90
10371,98.95
10373,99.19
10373,99.19
10373,99.19
10373,99.19
10373,99.19
10374,98.72
10374,99.04
10375,99.14
10376,99.10
10376,99.12
10379,99.16
10379,99.21
10385,99.02
10385,99.21
10385,99.21
10385,99.21
10385,99.21
10385,99.21
10392,99.18
10392,99.18
10395,99.18
10396,99.10
10400,99.07
10400,99.07
10400,99.08
10400,99.08
10400,99.08
10401,99.04
10401,99.21
10401,99.21
10401,99.21
10401,99.21
10403,98.98
10406,99.21
10408,99.12
10408,99.12
10408,99.12
10408,99.12
10408,99.12
10408,99.12
10412,99.18
10412,99.21
10412,99.21
10412,99.21
10416,99.21
10416,99.21
10416,99.21
10416,99.21
10416,99.21
10416,99.21
10417,99.10
10417,99.21
10419,98.90
10421,98.73
10421,99.12
10424,99.14
10424,99.14
10424,99.14
10424,99.14
10424,99.14
10424,99.19
10427,99.18
10431,98.93
10431,98.93
10431,98.93
10431,98.93
10431,98.93
10431,98.99
10431,99.15
10431,99.15
10433,99.09
10439,98.81
10439,99.16
10440,99.21
10440,99.21
10440,99.21
10440,99.21
10440,99.21
10440,99.21
10444,99.16
10446,99.08
10450,98.54
10450,98.54
10450,98.54
10450,98.54
10450,98.54
10450,98.54
10450,99.18
10450,99.21
10450,99.21
10450,99.21
10450,99.21
10450,99.21
10450,99.21
10451,99.16
10452,99.09
10452,99.09
10452,99.09
10452,99.21
10453,99.19
10453,99.19
10455,99.01
10455,99.08
10455,99.09
10456,99.20
10456,99.20
10456,99.20
10456,99.20
10456,99.20
10470,99.14
10473,99.13
10473,99.13
10473,99.13
10473,99.13
10473,99.15
10479,99.16
10481,99.05
10481,99.05
10481,99.05
10481,99.05
10481,99.05
10481,99.06
10484,99.04
10484,99.04
10484,99.04
10484,99.04
10484,99.08
10486,98.90
10486,98.90
10486,98.90
10486,98.90
10486,98.90
10487,99.12
10487,99.12
10487,99.12
10487,99.12
10487,99.12
10489,99.10
10489,99.10
10489,99.10
10489,99.10
10492,97.79
10492,97.79
10492,97.79
10492,97.79
10492,97.79
10492,97.87
10492,99.17
10492,99.17
10492,99.17
10492,99.17
10492,99.17
10492,99.17
10493,99.03
10496,99.20
10496,99.20
10496,99.20
10496,99.20
10497,99.19
10498,99.03
10498,99.03
10498,99.03
10498,99.03
10498,99.03
10498,99.20
10498,99.20
10498,99.20
10498,99.20
10500,99.14
10501,99.11
10506,99.12
10506,99.15
10506,99.20
10506,99.20
10506,99.20
10506,99.20
10509,95.70
10509,95.70
10509,95.70
10509,95.70
10509,95.70
10509,97.44
10510,99.20
10510,99.20
10510,99.20
10510,99.20
10510,99.20
10510,99.20
10515,98.95
10515,98.95
10515,98.95
10515,98.95
10515,98.95
10515,98.95
10515,99.19
10515,99.19
10517,99.20
10517,99.20
10518,99.12
10521,99.15
10521,99.15
10521,99.15
10521,99.15
10521,99.16
10522,98.89
10522,98.89
10522,98.91
10522,98.91
10522,98.92
10522,99.03
10522,99.20
10522,99.20
10522,99.20
10522,99.20
10522,99.20
10524,99.13
10525,99.19
10525,99.19
10525,99.19
10525,99.19
10525,99.19
10525,99.19
10529,98.94
10529,98.94
10529,98.96
10529,98.96
10529,98.96
10529,99.14
10529,99.14
10534,98.97
10534,98.97
10534,98.97
10534,98.98
10534,99.04
10535,99.20
10535,99.20
10535,99.20
10535,99.20
10538,98.86
10538,98.86
10538,98.86
10538,98.86
10538,98.86
10538,98.90
10542,99.19
10543,99.16
10546,99.20
10546,99.20
10547,99.19
10547,99.19
10549,99.19
10549,99.19
10549,99.19
10549,99.19
10549,99.19
10550,98.39
10550,98.39
10550,98.43
10550,98.43
10550,98.43
10551,98.91
10551,98.91
10551,98.91
10551,98.91
10551,98.91
10551,98.91
10551,99.07
10551,99.07
10551,99.07
10551,99.07
10551,99.07
10554,99.01
10554,99.01
10554,99.04
10554,99.04
10554,99.04
10554,99.05
10554,99.20
10556,99.20
10556,99.20
10557,99.07
10557,99.09
10557,99.09
10557,99.09
10557,99.09
10557,99.09
10557,99.13
10557,99.13
10558,98.95
10560,99.10
10560,99.10
10560,99.10
10560,99.10
10560,99.10
10560,99.10
10561,99.12
10562,99.19
10565,99.05
10565,99.05
10565,99.06
10565,99.06
10565,99.06
10567,99.13
10569,98.96
10569,98.96
10569,98.98
10569,98.99
10569,99.03
10571,99.12
10575,98.81
10576,98.72
10576,98.72
10576,98.78
10576,98.78
10576,98.80
10576,98.81
10578,99.09
10578,99.09
10578,99.09
10578,99.09
10578,99.19
10579,99.19
10580,99.08
10583,99.05
10583,99.11
10583,99.11
10583,99.11
10583,99.11
10583,99.11
10584,98.94
10584,99.01
10586,98.03
10586,98.03
10586,98.04
10586,98.04
10586,98.06
10588,99.11
10589,99.03
10589,99.03
10589,99.03
10589,99.03
10589,99.03
10592,99.09
10592,99.09
10592,99.09
10592,99.10
10592,99.10
10593,99.18
10594,98.91
10594,98.92
10594,98.94
10596,99.12
10599,98.98
10599,98.98
10599,98.98
10599,98.98
10599,98.98
10599,99.04
10600,98.96
10602,98.89
10602,98.89
10602,98.89
10602,98.90
10602,99.14
10605,99.19
10606,99.00
10606,99.00
10606,99.00
10606,99.00
10607,99.10
10610,99.05
10612,99.15
10614,99.19
10614,99.19
10614,99.19
10614,99.19
10614,99.19
10614,99.19
10614,99.19
10616,98.98
10617,99.19
10617,99.19
10617,99.19
10617,99.19
10617,99.19
10617,99.19
10618,99.02
10618,99.02
10618,99.02
10618,99.02
10624,97.80
10624,97.80
10624,97.83
10624,97.83
10624,97.83
10624,97.95
10626,98.16
10629,99.06
10629,99.06
10629,99.06
10629,99.06
10629,99.06
10629,99.06
10630,98.90
10630,98.90
10630,98.92
10630,98.95
10630,98.95
10630,99.00
10631,98.84
10631,98.84
10631,98.84
10631,98.84
10631,98.86
10631,98.88
10634,99.06
10634,99.06
10634,99.06
10634,99.06
10634,99.06
10637,98.54
10637,98.54
10637,98.54
10637,98.54
10637,98.54
10637,98.90
10637,99.06
10637,99.06
10637,99.06
10637,99.06
10637,99.07
10641,98.81
10641,98.81
10641,98.81
10641,98.81
10641,98.83
10641,98.84
10641,99.19
10643,98.86
10643,98.86
10643,98.86
10643,98.86
10643,98.86
10644,98.71
10644,98.71
10644,98.71
10644,98.71
10644,98.71
10644,98.71
10647,99.19
10647,99.19
10647,99.19
10647,99.19
10647,99.19
10648,99.12
10648,99.12
10648,99.12
10648,99.12
10650,99.19
10654,99.01
10654,99.19
10655,99.13
10657,99.19
10657,99.19
10657,99.19
10657,99.19
10657,99.19
10659,99.10
10660,98.90
10660,99.12
10661,99.19
10661,99.19
10661,99.19
10661,99.19
10661,99.19
10661,99.19
10662,98.28
10663,98.31
10663,98.31
10663,98.31
10663,98.31
10663,98.31
10663,98.74
10663,99.16
10664,99.12
10664,99.12
10664,99.17
10665,99.19
10666,98.77
10670,99.13
10670,99.13
10670,99.13
10670,99.13
10671,99.08
10671,99.08
10671,99.08
10671,99.08
10671,99.08
10671,99.19
10671,99.19
10671,99.19
10673,99.19
10673,99.19
10673,99.19
10673,99.19
10673,99.19
10673,99.19
10674,99.03
10674,99.03
10674,99.06
10674,99.06
10674,99.06
10674,99.07
10674,99.14
10674,99.15
10674,99.15
10674,99.15
10674,99.15
10674,99.15
10674,99.15
10676,98.98
10676,98.98
10676,98.98
10676,98.98
10676,98.98
10676,98.99
10678,99.18
10678,99.18
10678,99.18
10678,99.18
10678,99.18
10678,99.18
10679,99.01
10679,99.01
10679,99.01
10679,99.02
10681,99.19
10681,99.19
10681,99.19
10681,99.19
10681,99.19
10681,99.19
10683,98.88
10683,98.88
10683,98.88
10683,98.88
10683,98.91
10683,99.15
10684,98.89
10684,98.89
10684,98.89
10684,98.89
10684,98.89
10685,99.18
10691,99.00
10693,98.98
10693,98.98
10693,98.98
10693,98.98
10693,98.98
10693,99.00
10693,99.19
10696,99.13
10696,99.13
10696,99.13
10696,99.13
10696,99.13
10698,99.19
10698,99.19
10698,99.19
10698,99.19
10698,99.19
10702,99.11
10702,99.12
10702,99.12
10703,99.10
10704,99.10
10704,99.10
10704,99.10
10704,99.10
10704,99.10
10705,99.14
10711,99.12
10712,99.16
10712,99.16
10713,98.78
10713,98.78
10713,98.78
10713,98.78
10713,98.79
10713,98.84
10713,99.19
10713,99.19
10713,99.19
10713,99.19
10713,99.19
10716,99.00
10716,99.02
10718,99.11
10718,99.11
10718,99.12
10718,99.13
10718,99.13
10720,99.18
10720,99.18
10720,99.18
10720,99.18
10720,99.18
10726,99.15
10726,99.16
10727,99.05
10730,99.18
10731,99.14
10732,99.08
10733,99.18
10733,99.18
10733,99.18
10733,99.18
10734,99.09
10734,99.09
10734,99.09
10734,99.09
10734,99.09
10736,99.18
10741,99.06
10741,99.06
10741,99.06
10741,99.10
10746,98.90
10748,98.52
10748,98.52
10748,98.52
10748,98.52
10748,98.52
10748,98.59
10748,99.18
10748,99.18
10748,99.18
10748,99.18
10748,99.18
10748,99.18
10749,99.18
10749,99.18
10749,99.18
10749,99.18
10749,99.18
10749,99.18
10750,98.84
10750,98.84
10750,98.85
10750,98.85
10750,98.85
10750,98.88
10751,99.03
10752,99.11
10752,99.14
10752,99.14
10752,99.14
10752,99.14
10752,99.14
10753,99.12
10753,99.12
10753,99.13
10753,99.13
10753,99.15
10753,99.18
10754,99.11
10754,99.11
10754,99.11
10754,99.11
10754,99.12
10755,98.75
10755,98.75
10755,98.81
10755,98.81
10755,98.81
10755,98.85
10756,99.18
10757,99.15
10757,99.15
10760,99.00
10760,99.00
10760,99.00
10760,99.00
10760,99.00
10761,99.06
10761,99.10
10761,99.10
10761,99.10
10761,99.10
10762,99.18
10762,99.18
10763,99.14
10763,99.15
10765,99.11
10765,99.11
10765,99.11
10765,99.12
10765,99.14
10766,98.80
10766,98.80
10766,98.83
10766,98.92
10766,98.92
10766,98.92
10766,99.01
10768,98.94
10770,99.09
10772,98.84
10774,99.18
10774,99.18
10774,99.18
10776,99.06
10776,99.06
10776,99.06
10776,99.06
10781,99.00
10781,99.00
10781,99.01
10781,99.03
10781,99.04
10781,99.18
10781,99.18
10781,99.18
10781,99.18
10781,99.18
10781,99.18
10782,99.01
10782,99.01
10782,99.01
10782,99.01
10782,99.01
10783,99.13
10784,99.12
10784,99.18
10784,99.18
10788,97.08
10788,97.08
10788,97.10
10788,97.10
10788,97.13
10788,97.36
10790,99.18
10790,99.18
10796,94.02
10799,99.16
10806,99.18
10806,99.18
10806,99.18
10806,99.18
10806,99.18
10807,99.15
10807,99.17
10807,99.17
10807,99.17
10807,99.17
10807,99.17
10808,99.13
10809,99.18
10810,99.04
10810,99.04
10810,99.04
10810,99.12
10811,98.79
10815,99.07
10815,99.07
10815,99.07
10815,99.07
10816,98.93
10816,98.93
10816,98.96
10816,98.96
10816,98.96
10817,99.03
10817,99.03
10817,99.03
10819,99.06
10819,99.06
10819,99.06
10819,99.06
10822,99.15
10822,99.15
10822,99.15
10823,99.18
10823,99.18
10823,99.18
10825,99.18
10825,99.18
10827,99.10
10827,99.10
10827,99.12
10831,99.13
10832,98.98
10832,99.17
10832,99.17
10832,99.17
10832,99.17
10832,99.17
10832,99.18
10832,99.18
10834,98.56
10834,98.56
10834,98.57
10834,98.57
10834,98.58
10835,99.07
10835,99.07
10835,99.09
10835,99.09
10835,99.09
10835,99.09
10837,98.14
10837,98.14
10837,98.14
10837,98.14
10837,98.14
10837,99.18
10837,99.18
10837,99.18
10837,99.18
10837,99.18
10837,99.18
10839,99.08
10845,98.92
10845,98.92
10845,98.92
10845,98.92
10845,99.16
10845,99.18
10846,99.09
10849,99.12
10849,99.12
10849,99.12
10849,99.18
10849,99.18
10849,99.18
10849,99.18
10849,99.18
10849,99.18
10851,98.94
10851,98.94
10851,98.98
10851,98.99
10851,99.01
10851,99.10
10854,98.20
10855,99.01
10859,99.04
10859,99.04
10859,99.04
10859,99.04
10859,99.04
10859,99.13
10860,98.55
10860,99.04
10860,99.09
10860,99.09
10860,99.09
10860,99.09
10860,99.09
10860,99.09
10861,98.90
10862,99.05
10862,99.05
10862,99.05
10862,99.05
10862,99.05
10862,99.05
10869,99.13
10870,99.12
10870,99.12
10870,99.12
10870,99.13
10870,99.13
10871,98.99
10871,98.99
10871,98.99
10871,98.99
10871,98.99
10873,99.07
10873,99.07
10873,99.07
10873,99.08
10875,99.17
10875,99.17
10875,99.17
10875,99.17
10877,99.17
10877,99.17
10877,99.17
10877,99.17
10877,99.17
10881,99.14
10882,99.17
10882,99.17
10882,99.17
10882,99.17
10882,99.17
10882,99.17
10886,98.90
10891,99.01
10891,99.01
10891,99.01
10891,99.01
10891,99.01
10891,99.03
10898,98.86
10898,98.86
10898,98.86
10898,98.86
10898,98.86
10898,98.97
10898,99.17
10900,98.85
10900,98.85
10900,98.86
10902,98.95
10904,99.13
10905,99.09
10905,99.09
10905,99.09
10905,99.10
10905,99.12
10906,98.99
10906,98.99
10906,99.01
10906,99.01
10906,99.01
10906,99.05
10907,99.13
10907,99.13
10907,99.13
10907,99.13
10908,98.76
10908,98.82
10908,98.94
10909,98.93
10909,98.93
10909,98.93
10909,98.93
10909,98.93
10915,99.11
10915,99.11
10915,99.11
10915,99.11
10915,99.11
10915,99.17
10915,99.17
10915,99.17
10915,99.17
10915,99.17
10917,99.10
10918,99.17
10920,99.12
10920,99.12
10920,99.12
10920,99.12
10920,99.12
10921,98.86
10921,98.86
10921,98.86
10921,98.86
10921,98.86
10927,98.96
10927,98.96
10927,98.97
10927,98.97
10930,99.08
10930,99.08
10930,99.09
10930,99.09
10930,99.16
10932,99.17
10932,99.17
10932,99.17
10932,99.17
10938,98.95
10938,99.00
10938,99.00
10938,99.00
10938,99.03
10938,99.06
10940,99.09
10940,99.17
10940,99.17
10940,99.17
10940,99.17
10940,99.17
10941,99.14
10941,99.14
10941,99.14
10941,99.14
10941,99.14
10943,98.80
10943,98.80
10943,98.80
10943,98.80
10943,99.17
10943,99.17
10944,97.85
10944,97.85
10944,97.85
10944,97.85
10944,97.85
10944,97.94
10949,99.01
10951,99.03
10955,99.04
10955,99.04
10955,99.04
10955,99.04
10955,99.04
10955,99.04
10959,99.08
10962,98.97
10962,98.97
10962,99.07
10962,99.07
10962,99.08
10963,98.91
10963,98.91
10963,98.91
10963,98.91
10963,98.92
10969,99.09
10969,99.09
10971,99.17
10971,99.17
10971,99.17
10971,99.17
10971,99.17
10971,99.17
10977,99.06
10977,99.06
10977,99.06
10977,99.06
10977,99.06
10978,98.75
10984,99.11
10988,99.13
10990,98.93
10991,99.16
10991,99.16
10991,99.16
10991,99.16
10991,99.16
10991,99.16
10994,99.16
10995,99.10
10996,99.08
10996,99.15
10997,98.96
10997,98.96
10999,98.61
10999,98.61
10999,98.61
10999,98.61
10999,98.61
10999,98.65
11000,99.03
11001,99.10
11003,98.88
11010,99.16
11010,99.16
11010,99.16
11010,99.16
11010,99.16
11011,99.09
11013,99.11
11016,99.16
11017,99.07
11017,99.07
11017,99.07
11017,99.14
11018,98.87
11018,98.87
11018,98.87
11026,99.02
11026,99.07
11026,99.10
11031,97.91
11031,99.16
11031,99.16
11031,99.16
11031,99.16
11031,99.16
11031,99.16
11032,99.16
11032,99.16
11032,99.16
11033,99.11
11034,98.89
11034,98.89
11034,98.89
11034,98.89
11034,98.89
11034,98.92
11034,98.92
11034,98.93
11034,98.93
11034,98.95
11034,99.05
11036,99.16
11040,99.14
11042,99.07
11042,99.07
11042,99.09
11042,99.10
11042,99.16
11042,99.16
11042,99.16
11042,99.16
11042,99.16
11048,99.16
11048,99.16
11048,99.16
11048,99.16
11048,99.16
11049,98.30
11049,98.30
11049,98.30
11049,98.30
11049,98.30
11049,98.33
11049,98.83
11049,98.83
11049,98.84
11049,98.84
11049,98.85
11052,98.93
11061,99.16
11063,99.11
11066,99.05
11066,99.12
11066,99.12
11066,99.13
11066,99.13
11068,99.12
11068,99.12
11068,99.12
11068,99.12
11068,99.16
11069,99.16
11076,99.13
11079,99.08
11080,99.08
11080,99.16
11080,99.16
11080,99.16
11080,99.16
11080,99.16
11080,99.16
11082,97.16
11082,97.16
11082,97.16
11082,97.16
11082,97.16
11082,97.29
11082,99.02
11082,99.16
11082,99.16
11082,99.16
11084,98.90
11084,98.90
11084,98.90
11084,98.92
11084,98.92
11085,99.04
11085,99.04
11087,99.16
11087,99.16
11087,99.16
11087,99.16
11087,99.16
11087,99.16
11090,99.03
11090,99.03
11090,99.03
11090,99.05
11090,99.06
11090,99.07
11091,99.16
11093,98.41
11093,98.41
11093,98.42
11093,98.42
11093,98.47
11093,98.47
11095,98.91
11095,98.91
11095,98.91
11095,98.91
11095,98.91
11095,99.09
11096,99.12
11098,99.12
11098,99.12
11099,99.08
11099,99.08
11099,99.08
11099,99.08
11099,99.10
11103,98.87
11103,98.87
11103,98.87
11103,98.87
11103,98.91
11105,99.15
11105,99.15
11105,99.16
11105,99.16
11105,99.16
11105,99.16
11105,99.16
11106,98.96
11108,99.15
11111,98.58
11111,98.58
11111,98.60
11111,98.60
11111,98.61
11111,98.61
11116,98.92
11116,98.92
11116,98.92
11116,98.93
11116,98.95
11118,98.51
11118,98.51
11118,98.51
11118,98.52
11118,98.52
11118,98.55
11118,98.80
11118,98.80
11118,98.80
11118,98.80
11118,98.80
11118,98.92
11120,99.02
11121,99.10
11121,99.14
11121,99.14
11121,99.14
11121,99.15
11122,98.78
11122,98.78
11122,98.78
11122,98.78
11122,98.78
11122,98.82
11123,98.92
11123,98.92
11123,98.92
11123,98.92
11123,98.94
11125,99.08
11132,98.66
11132,98.66
11132,98.66
11132,98.66
11132,98.66
11132,98.66
11132,98.83
11132,99.10
11133,99.04
11133,99.04
11133,99.04
11133,99.04
11133,99.04
11134,98.89
11135,98.84
11135,98.84
11135,98.84
11135,98.84
11136,99.12
11143,99.10
11143,99.10
11143,99.10
11151,99.08
11151,99.09
11151,99.09
11151,99.12
11151,99.12
11151,99.12
11151,99.15
11151,99.15
11151,99.15
11153,98.90
11155,98.02
11155,98.90
11157,99.00
11157,99.00
11157,99.03
11157,99.08
11157,99.14
11158,98.86
11160,98.94
11160,98.94
11160,98.94
11160,98.96
11162,99.06
11164,99.09
11169,98.89
11169,98.89
11169,98.90
11169,98.91
11169,98.98
11169,99.09
11170,99.09
11171,99.15
11171,99.15
11171,99.15
11171,99.15
11171,99.15
11172,99.15
11172,99.15
11172,99.15
11172,99.15
11172,99.15
11172,99.15
11177,99.01
11177,99.01
11177,99.01
11177,99.01
11177,99.01
11177,99.01
11177,99.04
11180,98.62
11180,99.15
11180,99.15
11180,99.15
11180,99.15
11180,99.15
11181,99.11
11181,99.11
11181,99.11
11181,99.11
11181,99.11
11182,99.11
11190,99.10
11194,97.90
11194,97.90
11194,97.92
11194,97.92
11194,97.92
11195,98.92
11195,98.96
11195,99.15
11195,99.15
11195,99.15
11195,99.15
11195,99.15
11196,99.12
11196,99.12
11196,99.12
11196,99.12
11196,99.12
11197,99.11
11198,99.06
11198,99.06
11198,99.07
11198,99.07
11198,99.07
11200,98.95
11200,98.95
11200,98.95
11200,98.95
11200,98.95
11200,99.10
11200,99.10
11200,99.10
11201,98.87
11201,98.95
11203,98.98
11203,98.98
11203,99.15
11203,99.15
11203,99.15
11203,99.15
11204,98.72
11204,98.72
11204,98.72
11204,98.72
11204,98.73
11204,98.84
11207,99.07
11207,99.08
11207,99.08
11208,99.11
11210,97.46
11210,97.46
11210,97.49
11210,97.49
11210,97.51
11210,97.66
11213,98.95
11213,98.95
11213,98.95
11213,98.95
11213,98.95
11214,98.71
11216,99.15
11216,99.15
11216,99.15
11216,99.15
11217,98.93
11218,99.10
11219,98.44
11219,98.44
11219,98.44
11219,98.44
11219,98.44
11219,98.67
11224,98.92
11224,98.92
11224,99.01
11224,99.14
11230,99.15
11230,99.15
11230,99.15
11230,99.15
11230,99.15
11232,99.15
11232,99.15
11233,98.98
11233,99.00
11238,99.15
11238,99.15
11238,99.15
11238,99.15
11238,99.15
11242,99.15
11243,98.96
11244,98.95
11244,98.95
11244,98.95
11244,98.95
11244,98.96
11244,98.96
11250,98.99
11253,99.14
11253,99.14
11253,99.14
11253,99.14
11257,99.14
11257,99.14
11257,99.14
11257,99.14
11257,99.14
11257,99.14
11262,98.99
11262,98.99
11262,98.99
11264,99.00
11264,99.06
11264,99.09
11266,98.64
11266,98.64
11266,98.64
11266,98.64
11266,98.75
11267,98.70
11267,98.70
11269,99.02
11270,99.09
11270,99.09
11270,99.09
11270,99.09
11270,99.09
11271,99.14
11272,99.14
11272,99.14
11272,99.14
11272,99.14
11272,99.14
11272,99.14
11275,98.96
11277,99.05
11277,99.05
11277,99.05
11282,99.07
11282,99.07
11282,99.12
11282,99.14
11282,99.14
11284,98.91
11286,99.10
11286,99.11
11286,99.14
11287,99.05
11287,99.05
11287,99.06
11287,99.06
11287,99.06
11287,99.07
11289,99.12
11291,98.96
11292,99.10
11292,99.10
11292,99.10
11292,99.10
11292,99.10
11296,98.91
11298,99.11
11298,99.14
11299,99.14
11300,98.99
11300,98.99
11300,98.99
11300,98.99
11300,98.99
11300,99.01
11302,98.71
11302,98.71
11302,98.71
11302,98.71
11302,98.71
11302,98.74
11303,99.11
11303,99.11
11307,99.02
11307,99.02
11307,99.03
11308,99.13
11308,99.13
11308,99.13
11308,99.13
11308,99.13
11308,99.13
11309,98.88
11309,98.88
11309,98.89
11309,98.91
11309,98.92
11310,98.91
11313,99.11
11313,99.14
11314,99.14
11314,99.14
11314,99.14
11314,99.14
11314,99.14
11314,99.14
11317,99.14
11317,99.14
11317,99.14
11317,99.14
11317,99.14
11317,99.14
11324,99.13
11324,99.13
11324,99.13
11324,99.13
11324,99.13
11331,98.99
11332,98.72
11332,98.72
11332,98.72
11332,98.72
11332,98.80
11332,98.92
11334,99.14
11335,98.70
11335,98.89
11335,98.89
11335,98.90
11335,98.94
11335,98.99
11337,98.95
11337,98.95
11337,98.95
11337,98.95
11337,98.96
11337,99.04
11338,99.14
11339,98.99
11339,98.99
11339,98.99
11339,98.99
11339,98.99
11341,99.07
11341,99.08
11347,98.87
11347,98.87
11347,98.87
11347,98.87
11347,98.88
11349,99.01
11349,99.01
11350,98.99
11350,99.04
11350,99.04
11350,99.04
11350,99.04
11350,99.04
11350,99.14
11351,99.13
11351,99.13
11351,99.13
11351,99.13
11351,99.13
11354,99.08
11355,99.05
11355,99.05
11355,99.05
11355,99.05
11355,99.05
11355,99.05
11358,99.10
11359,99.05
11359,99.06
11360,99.00
11360,99.14
11360,99.14
11360,99.14
11360,99.14
11360,99.14
11361,99.08
11361,99.08
11361,99.08
11361,99.09
11361,99.11
11365,99.03
11367,99.10
11368,99.10
11369,98.98
11369,98.98
11369,99.00
11369,99.00
11369,99.00
11370,99.03
11371,98.92
11371,98.92
11371,98.95
11371,98.95
11371,98.95
11371,98.96
11371,98.99
11371,98.99
11371,98.99
11371,98.99
11371,99.02
11372,99.08
11372,99.08
11372,99.08
11372,99.08
11372,99.08
11372,99.08
11374,98.73
11376,99.02
11376,99.02
11376,99.03
11376,99.03
11376,99.08
11380,99.06
11380,99.06
11380,99.07
11380,99.07
11386,98.80
11389,98.76
11389,98.76
11389,98.76
11389,98.76
11389,98.76
11389,98.76
11389,99.03
11389,99.06
11389,99.13
11389,99.13
11389,99.13
11389,99.13
11394,98.71
11394,98.71
11394,98.71
11394,98.77
11396,99.01
11396,99.01
11396,99.01
11396,99.01
11396,99.05
11398,99.13
11398,99.13
11398,99.13
11398,99.13
11404,99.13
11404,99.13
11408,99.12
11409,98.93
11409,98.93
11409,98.95
11409,98.96
11409,99.04
11411,98.92
11411,98.92
11411,98.92
11411,98.92
11411,99.01
11412,99.07
11412,99.07
11412,99.07
11412,99.07
11412,99.08
11415,99.00
11415,99.00
11415,99.03
11415,99.03
11415,99.03
11418,98.78
11418,98.78
11418,98.78
11418,98.78
11418,98.78
11419,98.79
11421,96.73
11427,99.07
11428,99.08
11428,99.08
11428,99.08
11428,99.08
11428,99.08
11430,98.97
11431,99.01
11431,99.01
11432,98.70
11434,99.10
11434,99.10
11434,99.10
11435,98.90
11435,98.90
11435,98.90
11435,98.90
11435,99.02
11435,99.13
11437,99.10
11437,99.10
11437,99.10
11437,99.10
11439,98.04
11447,99.02
11447,99.02
11447,99.02
11447,99.02
11447,99.02
11449,98.99
11449,99.01
11450,99.06
11452,99.09
11452,99.09
11452,99.09
11460,99.03
11460,99.03
11460,99.04
11460,99.05
11469,99.02
11469,99.02
11473,99.00
11473,99.00
11473,99.08
11475,98.94
11475,98.94
11475,98.96
11475,98.96
11475,98.96
11475,99.00
11476,98.61
11476,98.98
11478,98.87
11478,98.87
11478,98.88
11478,98.95
11480,99.13
11480,99.13
11480,99.13
11480,99.13
11480,99.13
11485,98.96
11485,98.96
11485,99.03
11485,99.03
11485,99.04
11485,99.04
11485,99.04
11488,98.85
11488,98.85
11488,98.85
11488,98.85
11488,98.85
11488,98.89
11488,98.95
11488,98.95
11488,98.96
11488,98.96
11488,99.03
11490,98.90
11490,98.90
11490,98.90
11490,98.90
11490,98.93
11492,99.10
11492,99.10
11492,99.10
11492,99.10
11492,99.10
11497,99.09
11499,99.03
11499,99.03
11499,99.04
11501,99.05
11501,99.08
11501,99.09
11508,98.83
11508,98.83
11508,98.87
11508,98.88
11508,98.89
11508,98.90
11508,99.07
11511,99.08
11512,99.07
11512,99.07
11512,99.07
11512,99.07
11513,99.03
11514,98.78
11514,98.78
11514,98.83
11514,98.83
11514,98.85
11516,99.07
11519,99.04
11519,99.04
11519,99.04
11520,99.10
11520,99.12
11520,99.12
11520,99.12
11520,99.12
11520,99.12
11520,99.12
11523,98.99
11524,99.03
11524,99.03
11524,99.03
11524,99.06
11528,98.88
11531,97.50
11531,97.50
11531,97.50
11531,97.50
11531,97.50
11531,97.50
11533,98.93
11534,99.12
11534,99.12
11534,99.12
11534,99.12
11537,99.01
11537,99.01
11537,99.01
11537,99.01
11537,99.01
11537,99.12
11540,98.90
11540,98.90
11540,98.90
11540,98.93
11540,98.93
11540,98.93
11540,98.93
11540,98.96
11540,99.00
11546,99.11
11546,99.11
11546,99.11
11546,99.12
11548,98.88
11548,98.88
11548,98.90
11548,98.92
11548,98.92
11549,98.86
11549,98.86
11549,98.87
11549,98.87
11549,98.87
11549,98.90
11551,98.92
11551,98.92
11551,98.93
11551,98.93
11556,98.89
11558,99.10
11558,99.12
11558,99.12
11558,99.12
11558,99.12
11558,99.12
11562,99.03
11562,99.03
11564,99.12
11564,99.12
11564,99.12
11564,99.12
11564,99.12
11564,99.12
11570,99.09
11575,99.12
11575,99.12
11575,99.12
11575,99.12
11575,99.12
11575,99.12
11581,99.07
11581,99.07
11581,99.07
11581,99.07
11581,99.07
11583,98.72
11583,98.72
11583,98.72
11583,98.73
11583,98.73
11591,98.92
11591,98.92
11591,98.93
11591,98.93
11591,98.93
11591,98.96
11593,99.12
11597,99.00
11597,99.00
11600,98.88
11600,98.88
11600,98.90
11600,98.90
11600,98.90
11600,98.93
11602,98.90
11602,98.91
11602,98.92
11602,99.07
11602,99.07
11602,99.07
11602,99.07
11602,99.07
11604,99.03
11604,99.03
11604,99.04
11604,99.11
11606,99.01
11608,99.10
11609,99.06
11609,99.12
11609,99.12
11609,99.12
11609,99.12
11609,99.12
11614,99.06
11614,99.06
11616,99.08
11617,98.86
11617,98.88
11620,98.99
11620,98.99
11620,99.02
11620,99.07
11622,99.12
11623,99.12
11623,99.12
11625,97.78
11625,97.78
11625,97.78
11625,97.78
11625,97.94
11625,98.93
11625,98.93
11625,98.93
11627,98.92
11627,98.95
11627,98.95
11627,98.95
11627,98.95
11628,99.01
11628,99.01
11628,99.04
11628,99.05
11628,99.05
11629,98.96
11629,98.96
11629,99.09
11629,99.11
11633,99.08
11634,99.08
11635,97.83
11635,97.83
11635,97.83
11635,97.83
11635,97.83
11635,97.95
11636,98.89
11636,98.89
11636,98.89
11636,98.90
11638,99.06
11638,99.06
11638,99.06
11638,99.06
11638,99.06
11638,99.08
11643,99.11
11643,99.11
11643,99.11
11643,99.11
11643,99.11
11643,99.11
11644,99.11
11645,99.11
11645,99.11
11645,99.11
11645,99.11
11651,99.00
11651,99.00
11652,98.99
11654,98.93
11654,98.93
11656,98.95
11657,98.96
11657,98.96
11657,98.96
11657,98.96
11657,98.96
11657,98.96
11658,99.11
11668,98.95
11668,98.95
11668,98.95
11668,98.95
11668,98.95
11668,99.02
11668,99.02
11669,98.94
11676,98.77
11676,98.77
11676,98.85
11676,98.85
11676,98.85
11677,99.06
11677,99.06
11677,99.06
11677,99.06
11678,98.99
11678,98.99
11678,98.99
11679,99.02
11679,99.05
11683,98.92
11687,99.00
11689,99.09
11691,99.11
11695,98.04
11698,98.57
11698,98.57
11698,98.57
11698,98.57
11698,98.57
11699,98.71
11699,98.71
11699,98.71
11699,98.71
11699,99.11
11699,99.11
11699,99.11
11699,99.11
11703,98.97
11703,98.97
11703,98.97
11703,98.99
11705,98.89
11705,98.89
11705,98.94
11705,98.94
11705,98.94
11705,98.94
11708,99.11
11716,99.11
11716,99.11
11716,99.11
11716,99.11
11716,99.11
11716,99.11
11718,99.11
11718,99.11
11718,99.11
11718,99.11
11720,99.05
11720,99.05
11720,99.05
11728,99.04
11728,99.04
11728,99.04
11728,99.04
11728,99.04
11731,99.08
11731,99.08
11731,99.08
11733,98.87
11734,99.03
11734,99.03
11734,99.03
11734,99.03
11734,99.03
11734,99.05
11734,99.05
11734,99.06
11734,99.07
11737,99.01
11737,99.01
11737,99.01
11737,99.01
11737,99.01
11738,99.11
11739,98.76
11739,98.79
11739,98.83
11739,98.92
11740,99.11
11742,99.09
11747,98.26
11747,98.26
11747,98.26
11747,98.26
11749,98.05
11751,99.04
11754,99.09
11754,99.09
11754,99.09
11754,99.09
11754,99.09
11759,98.08
11759,98.08
11759,98.11
11759,98.12
11759,98.12
11759,98.17
11761,98.56
11764,99.05
11766,99.01
11766,99.01
11766,99.02
11766,99.02
11766,99.02
11766,99.04
11771,98.85
11771,98.85
11771,98.85
11771,98.85
11771,98.87
11771,99.06
11773,99.01
11773,99.01
11773,99.01
11773,99.01
11773,99.01
11774,99.07
11774,99.07
11774,99.10
11774,99.10
11774,99.10
11774,99.10
11774,99.10
11777,99.08
11777,99.08
11777,99.08
11777,99.08
11777,99.08
11779,99.10
11781,98.69
11781,98.69
11781,98.69
11781,98.71
11781,99.03
11782,98.88
11782,98.99
11783,98.39
11783,98.39
11783,98.39
11783,98.40
11783,98.41
11783,98.48
11784,98.74
11784,98.74
11784,98.76
11784,98.76
11784,98.88
11784,98.88
11784,98.88
11784,98.88
11785,99.01
11786,99.04
11786,99.04
11787,99.10
11793,98.69
11793,98.73
11793,98.76
11793,98.85
11794,99.10
11794,99.10
11794,99.10
11794,99.10
11794,99.10
11796,98.98
11801,98.97
11801,98.97
11806,98.66
11809,99.08
11809,99.08
11809,99.08
11809,99.09
11811,99.01
11820,98.99
11820,98.99
11820,98.99
11820,98.99
11820,98.99
11823,99.04
11824,98.97
11827,99.05
11827,99.05
11827,99.05
11827,99.05
11827,99.10
11827,99.10
11828,98.99
11828,98.99
11828,98.99
11828,98.99
11828,98.99
11828,98.99
11832,99.01
11833,99.04
11833,99.04
11833,99.04
11833,99.04
11833,99.04
11833,99.04
11834,98.97
11834,98.97
11834,98.97
11834,98.97
11834,98.97
11834,98.97
11836,98.89
11836,98.89
11836,98.89
11836,98.89
11836,98.89
11840,98.88
11840,98.88
11840,98.88
11840,98.88
11840,98.88
11843,98.81
11843,98.81
11843,98.81
11843,98.81
11843,98.81
11843,99.10
11843,99.10
11843,99.10
11843,99.10
11843,99.10
11843,99.10
11844,99.08
11845,98.97
11845,98.97
11846,98.91
11846,98.91
11846,98.91
11846,98.93
11846,98.93
11846,98.98
11850,98.97
11850,98.97
11850,98.97
11850,98.97
11850,98.97
11850,99.07
11856,99.00
11856,99.01
11856,99.01
11856,99.02
11856,99.02
11856,99.02
11857,99.07
11865,99.07
11866,99.03
11866,99.03
11866,99.03
11866,99.03
11866,99.04
11866,99.10
11866,99.10
11866,99.10
11866,99.10
11866,99.10
11866,99.10
11868,99.09
11870,99.06
11873,98.99
11873,98.99
11873,98.99
11875,99.03
11875,99.03
11875,99.03
11875,99.03
11878,99.00
11881,98.83
11881,98.83
11881,98.83
11881,98.88
11881,99.10
11881,99.10
11882,99.00
11882,99.06
11884,99.10
11885,99.07
11885,99.10
11885,99.10
11888,98.83
11889,99.07
11896,99.10
11896,99.10
11896,99.10
11896,99.10
11896,99.10
11896,99.10
11898,97.93
11900,99.10
11902,98.86
11902,98.86
11903,98.92
11903,98.92
11903,98.92
11903,98.92
11903,98.92
11903,98.94
11903,98.98
11903,99.03
11903,99.03
11903,99.09
11903,99.09
11906,99.09
11910,97.51
11910,97.51
11910,97.51
11910,97.51
11910,97.51
11911,97.87
11911,97.87
11911,97.87
11911,97.87
11911,98.08
11914,98.98
11914,98.98
11914,98.98
11914,98.98
11916,98.91
11916,98.93
11916,98.94
11916,98.98
11917,99.09
11918,98.94
11918,98.94
11918,98.94
11918,98.94
11918,98.94
11922,99.09
11924,98.86
11928,99.07
11930,98.84
11930,98.84
11930,98.86
11930,98.86
11930,98.86
11933,99.05
11933,99.05
11935,98.97
11935,98.97
11935,98.97
11935,98.97
11935,98.97
11936,99.09
11936,99.09
11936,99.09
11936,99.09
11936,99.09
11936,99.09
11939,98.94
11939,98.94
11939,98.94
11939,98.94
11939,98.94
11939,98.99
11940,98.77
11940,98.77
11940,98.77
11940,98.89
11941,99.05
11941,99.08
11942,99.09
11950,98.90
11950,98.90
11950,98.93
11956,99.00
11956,99.00
11963,99.09
11963,99.09
11963,99.09
11963,99.09
11963,99.09
11964,98.77
11965,98.77
11965,98.77
11965,98.77
11967,99.01
11967,99.01
11967,99.01
11967,99.02
11970,98.93
11970,98.93
11970,98.93
11970,98.93
11970,98.94
11970,99.03
11973,98.90
11973,98.90
11974,99.09
11979,99.09
11980,98.85
11980,98.97
11980,99.04
11980,99.04
11981,99.09
11981,99.09
11981,99.09
11981,99.09
11981,99.09
11983,99.04
11983,99.08
11984,98.29
11984,99.00
11984,99.00
11984,99.03
11985,98.95
11985,98.95
11986,99.08
11986,99.08
11987,99.04
11992,99.09
11994,98.99
11994,98.99
11994,98.99
11994,98.99
11994,98.99
11994,98.99
11996,99.05
11996,99.05
11996,99.05
12000,98.89
12000,98.96
12003,99.05
12006,99.06
12006,99.06
12006,99.06
12006,99.06
12006,99.06
12007,98.89
12007,98.89
12007,98.89
12007,98.89
12007,98.89
12007,98.98
12008,98.96
12008,98.96
12008,98.96
12008,98.96
12008,98.96
12009,98.92
12009,99.01
12009,99.01
12009,99.01
12009,99.01
12009,99.01
12014,99.04
12016,98.91
12016,98.91
12016,98.99
12023,99.05
12023,99.05
12023,99.05
12023,99.05
12023,99.05
12027,99.04
12034,99.02
12034,99.02
12034,99.02
12035,98.63
12041,98.78
12041,98.78
12041,98.78
12041,98.78
12041,98.78
12041,99.04
12041,99.08
12041,99.08
12041,99.08
12041,99.08
12041,99.08
12043,98.99
12043,98.99
12043,99.01
12046,99.08
12050,98.73
12055,98.15
12057,99.08
12057,99.08
12061,99.02
12063,98.68
12071,98.93
12073,98.91
12073,98.91
12073,98.91
12073,98.93
12074,98.99
12074,98.99
12074,99.01
12074,99.01
12074,99.01
12074,99.03
12080,98.65
12080,98.65
12080,98.65
12080,98.65
12080,98.65
12083,98.98
12083,98.98
12083,98.99
12083,98.99
12083,98.99
12084,99.06
12084,99.06
12084,99.06
12084,99.06
12084,99.06
12084,99.06
12085,98.43
12085,98.43
12085,98.44
12085,98.44
12085,98.45
12086,98.95
12087,99.02
12087,99.02
12088,98.12
12088,98.12
12088,98.12
12088,98.12
12088,98.12
12088,98.21
12090,99.03
12092,99.06
12094,98.81
12094,98.81
12094,98.81
12094,98.81
12094,98.82
12096,98.98
12097,99.07
12101,99.01
12103,99.02
12104,98.99
12112,98.76
12112,98.76
12112,98.76
12112,98.76
12112,98.76
12112,98.76
12113,99.07
12118,98.93
12118,98.94
12118,98.94
12118,98.94
12118,98.97
12121,98.96
12121,98.96
12121,98.97
12121,99.00
12121,99.08
12122,98.88
12122,98.88
12122,98.88
12122,98.88
12122,98.89
12124,98.89
12126,99.07
12131,99.04
12131,99.04
12131,99.04
12131,99.04
12131,99.04
12131,99.04
12132,99.01
12137,99.00
12138,98.99
12139,99.07
12142,98.76
12144,99.08
12144,99.08
12144,99.08
12144,99.08
12144,99.08
12144,99.08
12148,98.98
12148,98.98
12149,99.08
12150,99.08
12153,99.00
12157,98.94
12157,98.94
12157,98.94
12157,98.94
12157,98.94
12157,98.98
12157,98.98
12157,98.99
12157,99.00
12158,99.07
12158,99.07
12158,99.07
12158,99.07
12158,99.07
12160,98.90
12160,98.96
12162,98.88
12162,98.88
12162,98.88
12162,98.88
12162,98.88
12164,99.02
12171,98.13
12171,98.13
12171,98.13
12171,98.13
12171,98.13
12171,98.24
12182,98.98
12185,98.83
12185,98.83
12185,98.83
12185,98.83
12185,98.85
12186,97.25
12186,98.56
12186,98.56
12186,98.56
12186,98.56
12186,98.76
12186,98.94
12187,99.05
12187,99.05
12187,99.05
12197,99.07
12197,99.07
12197,99.07
12197,99.07
12197,99.07
12198,98.85
12201,98.45
12206,99.05
12206,99.06
12215,99.07
12215,99.07
12216,99.07
12216,99.07
12216,99.07
12217,99.05
12219,98.90
12219,98.90
12219,98.90
12219,98.90
12219,98.90
12219,98.92
12221,98.94
12222,98.89
12223,98.94
12223,99.02
12227,96.60
12228,98.24
12228,98.24
12228,98.30
12228,98.30
12228,98.33
12228,98.48
12229,98.86
12229,98.86
12230,99.02
12241,99.06
12241,99.06
12241,99.06
12241,99.06
12243,99.07
12243,99.07
12243,99.07
12247,98.99
12247,99.03
12248,99.02
12251,99.01
12254,99.01
12260,98.63
12264,98.93
12273,99.03
12274,99.07
12274,99.07
12274,99.07
12274,99.07
12274,99.07
12274,99.07
12276,98.87
12277,99.07
12278,98.82
12278,98.82
12278,98.82
12278,98.85
12278,98.89
12278,98.98
12280,98.75
12280,98.99
12280,99.04
12281,98.92
12282,99.07
12282,99.07
12282,99.07
12282,99.07
12282,99.07
12283,98.99
12283,99.02
12283,99.02
12283,99.02
12283,99.02
12283,99.02
12283,99.02
12283,99.03
12283,99.03
12283,99.03
12283,99.03
12283,99.03
12289,99.07
12292,98.82
12294,98.67
12304,98.93
12305,96.78
12305,96.78
12305,96.78
12305,97.69
12307,99.06
12307,99.06
12307,99.06
12307,99.06
12307,99.06
12323,98.70
12330,98.76
12330,98.76
12330,98.76
12330,98.77
12330,98.80
12330,98.85
12330,98.85
12330,98.85
12331,98.99
12336,98.68
12336,98.68
12336,98.68
12336,98.69
12336,98.69
12339,98.82
12339,98.82
12339,98.84
12339,98.87
12339,98.89
12341,99.05
12341,99.05
12341,99.05
12341,99.05
12341,99.05
12343,99.00
12343,99.06
12343,99.06
12343,99.06
12343,99.06
12343,99.06
12346,98.91
12346,98.91
12346,98.92
12346,98.92
12346,98.92
12350,99.02
12356,98.84
12356,98.84
12356,98.87
12356,98.89
12356,99.06
12356,99.06
12357,98.85
12357,98.85
12357,98.85
12357,98.85
12357,98.85
12357,98.85
12357,98.85
12359,98.83
12363,98.88
12363,98.88
12366,99.05
12370,99.03
12375,98.89
12376,98.94
12376,98.94
12376,98.95
12376,98.98
12376,99.06
12377,99.06
12382,98.85
12382,98.85
12383,99.01
12387,98.99
12389,98.87
12389,98.87
12389,98.94
12389,99.00
12390,99.06
12397,98.71
12397,98.71
12397,98.71
12397,98.72
12397,98.74
12397,98.82
12400,99.02
12401,98.82
12401,98.82
12401,98.82
12401,98.82
12401,98.82
12401,98.82
12402,98.97
12403,98.99
12406,98.96
12409,99.01
12409,99.05
12411,98.80
12412,99.06
12412,99.06
12416,99.05
12419,98.97
12419,98.99
12420,99.04
12423,98.91
12423,98.91
12423,98.91
12423,98.96
12423,98.96
12428,99.01
12428,99.01
12431,99.05
12435,99.02
12435,99.02
12435,99.02
12435,99.02
12435,99.02
12437,98.99
12437,98.99
12437,98.99
12437,98.99
12437,98.99
12437,98.99
12437,99.00
12445,99.05
12445,99.05
12445,99.05
12445,99.05
12445,99.05
12445,99.05
12446,98.92
12446,98.92
12446,98.92
12446,98.92
12450,99.04
12450,99.04
12450,99.04
12450,99.04
12450,99.04
12450,99.05
12452,98.87
12452,98.87
12452,98.90
12452,98.90
12452,98.91
12454,98.85
12454,99.05
12454,99.05
12454,99.05
12454,99.05
12454,99.05
12456,98.95
12456,98.95
12458,98.75
12458,98.75
12458,98.75
12458,98.75
12458,98.75
12458,99.02
12462,98.92
12462,98.92
12462,98.92
12462,98.93
12467,98.96
12469,99.05
12469,99.05
12469,99.05
12469,99.05
12471,98.99
12471,98.99
12471,98.99
12471,98.99
12471,98.99
12471,99.05
12472,99.05
12472,99.05
12472,99.05
12472,99.05
12472,99.05
12472,99.05
12474,99.03
12475,99.01
12476,98.52
12476,98.52
12476,98.65
12477,98.52
12477,98.52
12477,98.52
12477,98.52
12477,98.52
12477,98.52
12477,99.02
12477,99.02
12477,99.02
12477,99.02
12478,99.03
12480,98.99
12480,99.03
12480,99.05
12483,99.04
12484,98.99
12485,98.80
12485,98.80
12487,99.05
12487,99.05
12487,99.05
12487,99.05
12487,99.05
12487,99.05
12488,98.93
12489,98.75
12491,98.96
12491,98.96
12491,98.96
12491,98.99
12493,99.03
12496,98.98
12496,98.98
12496,98.98
12496,98.99
12499,98.77
12499,98.77
12499,98.79
12499,98.79
12502,99.05
12502,99.05
12502,99.05
12502,99.05
12502,99.05
12503,99.05
12503,99.05
12503,99.05
12503,99.05
12503,99.05
12503,99.05
12504,98.99
12504,98.99
12505,99.05
12505,99.05
12505,99.05
12505,99.05
12507,98.95
12511,99.05
12511,99.05
12511,99.05
12511,99.05
12511,99.05
12515,99.05
12522,98.90
12528,98.33
12528,98.83
12528,98.83
12528,98.83
12528,98.85
12528,98.85
12528,98.85
12533,98.99
12533,98.99
12533,98.99
12533,98.99
12533,98.99
12537,98.82
12537,98.82
12537,98.85
12537,98.85
12537,98.87
12539,98.76
12540,99.04
12542,99.00
12544,99.00
12545,98.84
12545,98.84
12545,98.84
12545,98.84
12545,98.84
12547,98.87
12547,98.87
12547,98.87
12547,98.92
12547,98.93
12549,98.93
12549,98.93
12549,98.93
12549,98.93
12549,98.93
12560,98.73
12560,98.89
12560,98.92
12560,98.92
12564,98.99
12564,98.99
12564,99.01
12564,99.01
12564,99.02
12567,99.04
12567,99.04
12567,99.04
12567,99.04
12567,99.04
12567,99.04
12568,98.81
12568,98.81
12568,98.82
12568,98.84
12569,98.97
12569,98.97
12569,98.97
12570,99.01
12573,98.84
12575,98.97
12576,98.72
12576,98.72
12576,98.72
12576,98.72
12576,98.72
12577,99.01
12578,99.02
12580,99.00
12580,99.00
12580,99.00
12580,99.00
12582,98.88
12582,98.88
12585,98.91
12585,98.91
12585,98.91
12586,99.00
12586,99.04
12586,99.04
12586,99.04
12586,99.04
12586,99.04
12587,98.78
12595,98.96
12596,98.90
12596,98.90
12596,98.90
12596,98.90
12596,98.90
12596,98.96
12601,98.62
12601,98.62
12601,98.62
12601,98.62
12601,98.80
12602,99.04
12604,98.94
12609,98.79
12609,98.79
12609,98.79
12609,98.79
12609,98.79
12609,98.79
12610,99.02
12610,99.02
12610,99.02
12612,98.77
12612,98.77
12612,98.77
12612,98.77
12612,98.77
12612,98.83
12613,99.00
12613,99.00
12613,99.00
12617,98.99
12617,98.99
12617,99.00
12621,98.98
12621,98.98
12621,98.99
12625,98.93
12625,98.93
12625,98.93
12625,98.93
12625,98.94
12629,98.65
12629,98.65
12629,98.67
12629,98.67
12629,98.78
12629,98.87
12629,98.95
12629,98.95
12629,98.96
12629,98.98
12630,98.87
12630,98.87
12630,98.87
12630,98.87
12630,98.87
12630,98.90
12630,98.90
12630,99.04
12630,99.04
12630,99.04
12630,99.04
12630,99.04
12630,99.04
12631,98.86
12631,98.86
12631,98.88
12631,98.88
12631,98.88
12631,98.98
12635,99.04
12646,98.99
12646,98.99
12646,99.00
12649,98.83
12649,98.83
12649,98.83
12649,98.86
12649,98.91
12649,98.96
12650,98.82
12650,98.82
12650,98.82
12650,98.82
12650,98.82
12655,98.87
12655,98.87
12655,98.87
12655,98.87
12655,98.87
12655,98.87
12659,98.88
12664,98.96
12664,98.96
12667,98.86
12667,99.02
12669,99.03
12669,99.03
12669,99.03
12669,99.03
12669,99.03
12669,99.03
12671,98.65
12672,99.04
12677,98.93
12677,98.93
12677,98.99
12677,98.99
12677,98.99
12678,99.04
12678,99.04
12678,99.04
12678,99.04
12679,98.77
12679,98.80
12680,98.64
12680,98.64
12680,98.64
12680,98.64
12680,98.64
12680,99.04
12680,99.04
12680,99.04
12681,98.96
12681,98.97
12682,98.89
12682,98.89
12682,98.89
12682,98.90
12682,98.90
12686,98.85
12689,98.84
12689,98.84
12689,98.84
12689,98.84
12689,98.84
12689,98.84
12691,98.96
12692,98.63
12692,98.63
12692,98.63
12692,98.63
12692,98.70
12692,98.72
12695,98.72
12695,98.72
12697,98.91
12697,99.03
12698,99.03
12698,99.03
12707,99.03
12707,99.03
12707,99.03
12707,99.03
12707,99.03
12707,99.03
12708,98.91
12713,99.03
12715,99.03
12715,99.03
12715,99.03
12715,99.03
12718,98.96
12718,98.96
12718,98.96
12718,98.96
12718,98.96
12718,98.96
12719,98.95
12719,98.95
12719,98.95
12719,98.95
12719,98.95
12719,98.95
12721,98.75
12721,98.75
12721,98.75
12721,98.80
12721,98.80
12724,99.03
12724,99.03
12727,98.97
12727,98.97
12727,98.97
12727,98.97
12731,98.88
12733,98.36
12733,98.36
12733,98.43
12737,98.85
12737,98.85
12737,98.85
12737,98.88
12737,98.90
12737,98.97
12737,99.03
12742,98.59
12743,98.64
12743,98.64
12743,98.65
12743,98.66
12743,98.66
12743,98.66
12743,98.66
12743,98.66
12743,98.66
12743,98.78
12745,98.87
12749,98.74
12749,98.74
12749,98.74
12749,98.74
12749,98.74
12749,98.84
12755,98.25
12755,98.70
12755,98.98
12755,98.98
12755,98.98
12755,98.98
12755,98.98
12755,99.03
12759,98.58
12759,98.58
12759,98.58
12759,98.58
12759,98.58
12759,98.58
12764,98.83
12765,98.99
12767,99.03
12767,99.03
12767,99.03
12768,98.84
12768,98.84
12768,98.84
12768,98.84
12768,98.84
12770,98.99
12770,98.99
12770,98.99
12770,99.03
12771,99.03
12773,98.93
12773,98.97
12773,98.97
12777,98.95
12784,98.99
12784,98.99
12787,98.76
12787,98.76
12787,98.78
12787,98.81
12790,98.62
12794,98.82
12794,98.82
12794,98.87
12794,98.87
12794,98.87
12794,98.88
12797,98.91
12800,98.84
12803,99.02
12804,98.81
12805,98.89
12806,98.93
12811,98.89
12813,98.88
12813,98.88
12813,98.88
12813,98.88
12813,98.89
12816,98.57
12816,98.57
12816,98.57
12816,98.60
12817,98.95
12817,98.95
12817,98.95
12817,98.95
12817,98.95
12817,98.95
12819,98.55
12819,98.55
12819,98.56
12819,98.56
12819,98.56
12819,98.64
12819,99.00
12823,98.95
12826,99.02
12828,98.84
12828,98.84
12828,98.84
12828,98.84
12828,98.84
12831,99.02
12831,99.02
12831,99.02
12831,99.02
12831,99.02
12831,99.02
12832,99.02
12833,98.92
12833,98.92
12833,98.92
12833,98.92
12842,98.73
12842,98.73
12842,98.73
12842,98.73
12842,98.73
12842,98.74
12844,98.79
12844,98.79
12845,98.99
12845,98.99
12845,98.99
12845,98.99
12845,98.99
12845,98.99
12849,98.96
12849,98.96
12849,98.96
12849,98.96
12849,98.96
12853,99.02
12854,99.02
12854,99.02
12854,99.02
12856,98.21
12856,98.21
12856,98.21
12856,98.21
12856,98.21
12856,98.43
12857,98.86
12857,98.95
12857,98.95
12857,98.96
12862,98.81
12862,98.81
12862,98.81
12862,98.81
12862,98.82
12862,98.95
12872,98.64
12872,98.64
12872,98.66
12872,98.66
12872,98.69
12872,98.77
12879,98.91
12879,98.91
12879,98.91
12879,98.95
12879,98.96
12879,98.98
12888,98.55
12888,98.55
12888,98.55
12888,98.55
12888,98.55
12888,98.57
12890,99.02
12892,98.99
12901,98.96
12901,98.96
12901,98.99
12903,98.98
12908,98.92
12909,99.02
12912,99.02
12912,99.02
12912,99.02
12913,98.98
12913,99.02
12913,99.02
12913,99.02
12913,99.02
12913,99.02
12916,98.35
12916,98.35
12916,98.35
12916,98.35
12916,98.35
12916,98.36
12919,98.25
12919,98.25
12919,98.30
12919,98.31
12919,98.31
12919,98.40
12921,98.92
12921,98.92
12921,98.92
12921,98.92
12921,98.92
12922,98.53
12922,98.53
12922,98.53
12922,98.53
12922,98.53
12922,98.93
12923,98.43
12923,98.43
12923,98.43
12923,98.43
12923,98.55
12928,98.30
12928,98.30
12928,98.30
12928,98.30
12928,98.30
12928,98.30
12933,98.59
12933,98.63
12933,98.91
12933,98.91
12935,98.93
12935,98.93
12935,98.93
12935,98.93
12935,98.93
12942,99.02
12944,98.97
12944,98.99
12945,99.02
12953,98.87
12958,98.88
12958,98.88
12958,98.89
12958,98.89
12961,98.98
12961,99.01
12961,99.01
12961,99.01
12961,99.01
12961,99.01
12968,98.91
12968,98.91
12968,98.91
12968,98.91
12968,98.91
12968,98.94
12974,99.01
12974,99.01
12974,99.01
12974,99.01
12974,99.01
12974,99.01
12976,98.10
12976,98.10
12976,98.10
12976,98.10
12976,98.13
12976,98.22
12978,99.00
12978,99.00
12978,99.01
12983,97.42
12983,97.42
12983,97.43
12983,97.44
12983,97.46
12983,97.67
12984,98.82
12984,98.82
12984,98.82
12984,98.82
12984,98.90
12986,98.77
12986,98.77
12986,98.77
12986,98.77
12986,98.77
12986,98.77
12988,98.97
12991,98.86
12991,98.86
12991,98.87
12991,98.89
12991,98.89
12991,98.91
12993,98.91
12994,98.24
12994,98.24
12994,98.24
12994,98.24
12994,98.24
12994,98.59
12995,98.90
12996,98.89
12996,99.01
12996,99.01
12996,99.01
12996,99.01
12997,98.83
12998,98.99
12998,98.99
12998,98.99
12998,98.99
12998,99.00
13000,98.77
13000,98.77
13000,98.77
13000,98.77
13000,98.77
13000,98.77
13001,99.00
13005,98.99
13005,98.99
13005,98.99
13005,98.99
13005,98.99
13010,98.84
13010,98.84
13010,98.84
13017,99.01
13021,98.98
13024,98.91
13024,98.91
13024,98.91
13025,99.01
13025,99.01
13025,99.01
13025,99.01
13025,99.01
13025,99.01
13030,99.01
13033,98.80
13033,98.80
13033,98.80
13033,98.80
13033,98.80
13037,98.97
13037,99.01
13039,99.01
13048,99.01
13051,98.90
13053,98.84
13053,98.84
13053,98.85
13053,98.89
13053,98.93
13054,98.29
13055,98.77
13055,98.77
13055,98.77
13055,98.84
13055,98.84
13055,98.91
13060,97.98
13060,97.98
13060,98.00
13060,98.00
13060,98.00
13060,99.00
13060,99.01
13060,99.01
13063,98.87
13063,98.87
13063,98.87
13063,98.87
13063,98.87
13063,98.87
13067,99.01
13068,98.70
13068,98.70
13068,98.71
13068,98.71
13068,98.73
13070,99.01
13070,99.01
13070,99.01
13070,99.01
13074,99.01
13074,99.01
13074,99.01
13074,99.01
13074,99.01
13074,99.01
13075,98.90
13075,98.94
13075,98.94
13075,98.94
13079,98.97
13080,98.62
13080,98.62
13080,98.62
13080,98.62
13080,98.62
13080,98.64
13080,99.01
13083,99.01
13084,98.90
13084,98.90
13084,99.01
13084,99.01
13087,99.00
13087,99.00
13087,99.00
13087,99.00
13087,99.00
13087,99.00
13088,99.00
13088,99.00
13088,99.00
13088,99.00
13088,99.00
13092,98.58
13094,97.99
13097,98.96
13100,98.86
13100,98.86
13100,98.87
13100,98.90
13103,98.53
13103,98.53
13103,98.53
13103,98.53
13103,98.64
13103,98.89
13105,99.00
13107,98.67
13107,98.67
13107,98.67
13107,98.67
13107,98.67
13107,98.70
13108,98.92
13111,98.73
13111,98.73
13111,98.76
13111,98.76
13111,98.79
13111,98.82
13114,98.42
13114,98.42
13123,98.96
13123,98.96
13123,98.96
13123,98.96
13129,98.63
13129,98.94
13133,99.00
13133,99.00
13133,99.00
13133,99.00
13133,99.00
13133,99.00
13134,98.92
13134,98.92
13134,98.93
13134,98.93
13134,98.93
13137,98.90
13137,98.92
13137,98.92
13139,98.97
13140,98.59
13140,98.59
13140,98.59
13140,98.59
13140,98.59
13140,98.64
13140,98.99
13140,99.00
13140,99.00
13140,99.00
13146,96.70
13146,96.70
13146,96.70
13146,96.70
13146,96.70
13146,99.00
13148,98.72
13148,98.72
13148,98.72
13148,98.72
13148,98.81
13149,98.97
13150,99.00
13150,99.00
13150,99.00
13150,99.00
13150,99.00
13150,99.00
13152,98.84
13154,98.92
13159,98.90
13159,98.90
13159,98.90
13159,98.90
13161,98.97
13162,98.99
13162,98.99
13163,98.96
13167,98.91
13167,98.91
13167,98.91
13167,98.91
13167,98.91
13169,98.84
13169,99.00
13170,98.93
13170,98.93
13170,98.94
13172,98.90
13176,98.88
13185,98.92
13185,98.92
13185,98.92
13185,98.96
13185,98.99
13186,98.81
13193,98.86
13197,98.75
13197,98.75
13197,98.75
13197,98.75
13197,98.80
13200,98.73
13200,98.73
13200,98.73
13200,98.73
13200,98.73
13200,98.79
13201,98.67
13202,99.00
13203,98.98
13205,98.85
13205,98.85
13205,98.86
13209,98.88
13210,98.99
13212,98.16
13215,97.95
13215,97.95
13215,97.95
13215,97.95
13215,97.95
13215,98.33
13215,98.87
13216,98.94
13219,98.81
13219,98.81
13219,98.83
13219,98.86
13225,98.83
13225,98.83
13225,98.83
13225,98.83
13225,98.83
13225,98.95
13229,98.78
13229,98.79
13233,98.40
13233,98.40
13233,98.40
13233,98.40
13233,98.42
13233,98.43
13234,98.84
13234,98.84
13234,98.84
13234,98.84
13234,98.84
13236,98.98
13236,98.98
13242,98.99
13242,98.99
13242,98.99
13242,98.99
13242,98.99
13242,98.99
13244,98.99
13244,98.99
13244,98.99
13244,98.99
13244,98.99
13244,98.99
13250,98.59
13250,98.59
13250,98.59
13250,98.59
13250,98.59
13251,98.99
13251,98.99
13256,98.80
13256,98.80
13256,98.80
13256,98.81
13256,98.83
13257,98.91
13259,98.94
13259,98.94
13259,98.94
13259,98.96
13260,98.72
13260,98.72
13260,98.75
13260,98.75
13260,98.75
13260,98.91
13260,98.98
13261,98.85
13262,98.90
13262,98.90
13262,98.91
13262,98.91
13267,98.56
13267,98.56
13267,98.56
13267,98.56
13267,98.56
13267,98.76
13276,98.98
13276,98.98
13276,98.98
13276,98.98
13276,98.98
13276,98.98
13278,98.96
13280,98.98
13281,98.40
13281,98.40
13281,98.40
13281,98.40
13281,98.45
13283,98.93
13284,98.78
13284,98.78
13284,98.78
13284,98.78
13284,98.78
13284,98.83
13287,98.94
13290,97.53
13290,97.53
13290,97.53
13290,97.53
13290,97.53
13301,98.76
13301,98.76
13301,98.76
13301,98.76
13301,98.76
13301,98.76
13303,98.25
13304,98.85
13304,98.85
13304,98.85
13304,98.85
13304,98.86
13304,98.99
13304,98.99
13304,98.99
13304,98.99
13304,98.99
13305,98.78
13305,98.78
13305,98.78
13305,98.80
13305,98.82
13308,98.83
13315,98.47
13317,98.82
13317,98.82
13317,98.82
13317,98.82
13317,98.82
13320,98.78
13322,98.97
13322,98.97
13322,98.97
13322,98.97
13322,98.97
13324,98.83
13324,98.83
13324,98.83
13324,98.83
13324,98.83
13324,98.83
13326,98.86
13326,98.86
13326,98.86
13326,98.86
13326,98.86
13326,98.95
13326,98.95
13326,98.95
13339,98.89
13339,98.89
13339,98.91
13339,98.95
13339,98.95
13340,98.69
13340,98.69
13340,98.69
13340,98.69
13340,98.69
13340,98.78
13341,98.88
13341,98.88
13341,98.88
13344,98.85
13346,98.52
13346,98.85
13346,98.85
13346,98.86
13346,98.86
13346,98.86
13346,98.92
13347,98.95
13347,98.95
13347,98.95
13347,98.95
13347,98.95
13353,98.87
13359,98.94
13360,98.95
13363,98.43
13365,98.98
13365,98.98
13365,98.98
13365,98.98
13365,98.98
13366,98.90
13368,98.89
13368,98.89
13368,98.89
13368,98.89
13370,98.93
13371,98.91
13376,98.90
13377,98.95
13378,98.90
13378,98.98
13378,98.98
13378,98.98
13378,98.98
13378,98.98
13380,98.87
13387,98.89
13388,98.71
13388,98.71
13388,98.73
13389,98.84
13389,98.84
13389,98.84
13389,98.84
13389,98.84
13389,98.87
13389,98.87
13389,98.87
13389,98.87
13389,98.87
13390,98.77
13390,98.96
13390,98.96
13390,98.98
13390,98.98
13390,98.98
13390,98.98
13390,98.98
13391,98.89
13391,98.89
13391,98.89
13392,98.98
13393,98.59
13393,98.59
13393,98.59
13393,98.59
13393,98.60
13406,98.81
13406,98.93
13406,98.93
13406,98.93
13406,98.93
13407,98.98
13407,98.98
13407,98.98
13407,98.98
13407,98.98
13407,98.98
13412,98.89
13418,98.95
13418,98.95
13423,98.94
13425,98.76
13425,98.76
13425,98.78
13425,98.78
13425,98.78
13425,98.97
13426,98.62
13429,98.74
13429,98.74
13429,98.74
13429,98.74
13429,98.74
13432,98.88
13433,98.98
13433,98.98
13433,98.98
13433,98.98
13433,98.98
13433,98.98
13434,98.75
13434,98.75
13434,98.76
13434,98.76
13434,98.76
13434,98.76
13437,97.95
13439,98.84
13439,98.84
13439,98.84
13439,98.84
13439,98.85
13443,98.94
13443,98.94
13447,98.98
13449,98.91
13451,98.73
13451,98.73
13451,98.73
13451,98.73
13451,98.73
13451,98.76
13452,98.98
13454,98.76
13456,98.54
13459,98.31
13459,98.31
13459,98.31
13459,98.31
13459,98.31
13459,98.33
13460,98.44
13460,98.44
13460,98.44
13460,98.44
13460,98.44
13460,98.48
13464,98.98
13464,98.98
13467,98.69
13467,98.95
13468,98.98
13468,98.98
13468,98.98
13468,98.98
13468,98.98
13468,98.98
13469,98.98
13469,98.98
13469,98.98
13469,98.98
13469,98.98
13469,98.98
13471,98.81
13471,98.96
13471,98.96
13471,98.96
13471,98.96
13471,98.96
13472,98.94
13472,98.95
13472,98.95
13475,98.78
13475,98.78
13475,98.78
13475,98.78
13475,98.79
13475,98.87
13475,98.87
13475,98.87
13475,98.87
13475,98.87
13476,98.75
13477,98.64
13477,98.64
13477,98.64
13477,98.65
13477,98.67
13479,98.86
13481,98.96
13481,98.96
13481,98.96
13481,98.96
13481,98.96
13482,98.97
13486,98.97
13486,98.97
13488,98.90
13488,98.90
13488,98.90
13488,98.90
13497,98.35
13497,98.35
13497,98.35
13497,98.35
13497,98.35
13497,98.46
13510,97.43
13511,98.81
13511,98.81
13511,98.81
13511,98.81
13511,98.83
13511,98.86
13511,98.95
13511,98.95
13520,98.90
13520,98.90
13520,98.90
13521,98.74
13521,98.74
13521,98.74
13521,98.74
13521,98.74
13522,98.91
13522,98.91
13522,98.91
13522,98.91
13522,98.91
13523,98.67
13523,98.86
13524,98.75
13524,98.89
13526,98.63
13526,98.86
13526,98.87
13528,98.97
13528,98.97
13528,98.97
13529,98.76
13529,98.76
13529,98.76
13529,98.76
13529,98.76
13540,98.84
13540,98.84
13540,98.84
13540,98.88
13540,98.91
13544,98.85
13547,98.92
13549,98.74
13549,98.74
13549,98.76
13549,98.81
13549,98.85
13553,98.30
13553,98.30
13553,98.30
13553,98.30
13553,98.30
13553,98.41
13555,98.71
13556,98.86
13556,98.86
13556,98.86
13556,98.86
13556,98.86
13556,98.86
13557,98.89
13557,98.89
13557,98.89
13557,98.90
13557,98.90
13557,98.94
13562,98.81
13563,98.64
13566,98.80
13566,98.91
13566,98.91
13566,98.91
13566,98.91
13566,98.91
13566,98.91
13573,98.79
13573,98.79
13573,98.79
13573,98.79
13573,98.79
13574,98.82
13574,98.82
13574,98.83
13574,98.83
13574,98.83
13575,98.56
13575,98.56
13575,98.56
13575,98.56
13575,98.56
13575,98.68
13577,98.89
13577,98.89
13577,98.89
13577,98.89
13577,98.89
13579,98.75
13579,98.75
13579,98.75
13579,98.85
13581,98.93
13581,98.93
13601,98.94
13602,98.85
13602,98.85
13602,98.85
13602,98.85
13602,98.85
13602,98.87
13608,98.92
13608,98.92
13608,98.92
13608,98.94
13608,98.94
13610,98.97
13610,98.97
13610,98.97
13610,98.97
13610,98.97
13611,98.83
13611,98.83
13611,98.83
13611,98.83
13611,98.83
13611,98.83
13614,98.96
13614,98.96
13614,98.96
13614,98.96
13614,98.96
13614,98.96
13629,98.89
13630,98.89
13630,98.89
13637,98.89
13639,98.87
13639,98.87
13639,98.87
13641,98.93
13645,98.92
13654,98.93
13656,98.75
13656,98.75
13656,98.75
13656,98.77
13656,98.78
13658,98.79
13658,98.79
13662,98.83
13670,98.71
13670,98.71
13670,98.74
13670,98.78
13670,98.82
13671,98.96
13674,98.86
13674,98.86
13674,98.89
13680,98.85
13680,98.85
13680,98.85
13680,98.85
13680,98.85
13680,98.85
13680,98.92
13680,98.92
13680,98.92
13684,98.62
13686,98.89
13686,98.90
13688,98.95
13688,98.95
13688,98.95
13688,98.95
13688,98.95
13688,98.95
13691,98.96
13691,98.96
13691,98.96
13691,98.96
13691,98.96
13691,98.96
13699,98.93
13704,98.71
13704,98.71
13704,98.73
13706,98.84
13706,98.84
13706,98.84
13706,98.85
13706,98.87
13707,97.89
13710,98.75
13711,98.91
13714,98.90
13714,98.90
13714,98.90
13715,97.85
13724,98.72
13725,98.26
13725,98.26
13725,98.26
13725,98.26
13725,98.27
13725,98.34
13726,98.88
13733,98.88
13733,98.92
13733,98.92
13733,98.92
13733,98.92
13733,98.93
13738,98.88
13740,98.82
13744,98.86
13744,98.86
13744,98.86
13744,98.86
13744,98.86
13751,98.82
13751,98.82
13751,98.82
13751,98.88
13751,98.88
13751,98.94
13752,98.94
13752,98.94
13752,98.94
13752,98.94
13752,98.94
13757,98.95
13757,98.95
13757,98.95
13757,98.95
13757,98.95
13757,98.95
13760,98.48
13760,98.48
13760,98.48
13760,98.48
13760,98.48
13760,98.91
13760,98.91
13762,98.20
13765,98.89
13772,98.95
13773,98.95
13773,98.95
13773,98.95
13773,98.95
13773,98.95
13773,98.95
13775,98.56
13775,98.95
13775,98.95
13775,98.95
13775,98.95
13775,98.95
13775,98.95
13776,98.81
13779,98.90
13779,98.91
13779,98.91
13779,98.91
13779,98.91
13780,98.64
13782,98.88
13785,98.79
13785,98.79
13785,98.79
13785,98.79
13785,98.82
13786,98.83
13786,98.83
13786,98.83
13786,98.83
13788,98.91
13788,98.93
13790,98.73
13790,98.95
13790,98.95
13790,98.95
13791,98.88
13799,98.83
13802,98.95
13803,98.73
13803,98.73
13803,98.74
13803,98.74
13803,98.76
13804,98.75
13804,98.75
13804,98.76
13804,98.77
13804,98.78
13804,98.79
13804,98.85
13804,98.85
13812,98.19
13812,98.48
13817,98.88
13817,98.88
13817,98.88
13817,98.88
13817,98.88
13821,98.72
13821,98.82
13821,98.82
13821,98.84
13821,98.87
13827,98.83
13827,98.83
13827,98.83
13827,98.92
13827,98.95
13827,98.95
13827,98.95
13827,98.95
13827,98.95
13827,98.95
13828,98.34
13828,98.34
13828,98.34
13828,98.34
13828,98.34
13828,98.34
13829,98.91
13832,98.95
13833,98.80
13833,98.80
13833,98.85
13833,98.88
13833,98.92
13836,98.83
13836,98.83
13836,98.83
13836,98.83
13836,98.83
13836,98.83
13838,98.70
13838,98.70
13838,98.70
13838,98.71
13838,98.73
13838,98.83
13842,97.95
13842,97.95
13842,98.00
13842,98.01
13842,98.01
13845,98.89
13849,98.95
13853,96.92
13854,98.48
13854,98.48
13854,98.54
13857,98.95
13857,98.95
13857,98.95
13860,98.43
13871,98.80
13871,98.80
13871,98.81
13871,98.81
13871,98.81
13878,98.92
13879,97.91
13879,97.91
13879,97.91
13879,97.91
13879,97.91
13879,98.21
13881,98.94
13881,98.94
13881,98.94
13881,98.94
13881,98.94
13881,98.94
13884,98.87
13886,98.83
13886,98.83
13886,98.83
13886,98.83
13887,98.92
13887,98.92
13887,98.92
13887,98.92
13887,98.92
13887,98.92
13887,98.94
13892,98.72
13892,98.72
13892,98.72
13892,98.77
13892,98.83
13893,98.78
13893,98.78
13897,98.82
13898,98.84
13898,98.84
13898,98.85
13898,98.85
13898,98.85
13898,98.85
13898,98.85
13898,98.86
13899,98.92
13900,98.90
13900,98.90
13900,98.90
13900,98.90
13901,98.66
13901,98.66
13901,98.66
13901,98.66
13916,98.59
13916,98.59
13916,98.59
13916,98.59
13916,98.59
13916,98.67
13917,98.94
13917,98.94
13917,98.94
13917,98.94
13917,98.94
13919,98.60
13919,98.60
13919,98.60
13919,98.63
13919,98.65
13923,98.94
13923,98.94
13923,98.94
13923,98.94
13923,98.94
13924,98.82
13924,98.82
13924,98.83
13924,98.85
13928,98.90
13929,98.77
13929,98.77
13929,98.77
13931,98.94
13938,98.83
13938,98.83
13938,98.83
13938,98.83
13938,98.83
13939,98.94
13946,98.81
13946,98.81
13946,98.81
13946,98.81
13946,98.81
13947,98.66
13949,98.94
13952,98.94
13963,98.89
13963,98.89
13967,98.91
13968,98.72
13968,98.94
13968,98.94
13968,98.94
13968,98.94
13970,98.80
13970,98.80
13970,98.80
13970,98.80
13970,98.82
13972,98.28
13972,98.28
13972,98.28
13972,98.28
13972,98.28
13972,98.28
13976,98.94
13977,98.87
13977,98.87
13977,98.87
13977,98.88
13979,98.80
13985,98.87
13986,98.45
13986,98.45
13986,98.45
13986,98.45
13986,98.49
13987,98.58
13988,98.86
13996,97.21
13996,97.21
13996,97.21
13996,97.21
13996,97.21
13996,97.72
13997,98.83
13999,98.94
14005,98.19
14005,98.19
14005,98.20
14005,98.20
14005,98.23
14005,98.39
14011,97.82
14014,98.89
14019,98.86
14019,98.93
14019,98.93
14019,98.93
14020,98.87
14020,98.87
14020,98.87
14020,98.87
14020,98.87
14036,98.90
14037,98.84
14038,98.93
14038,98.93
14038,98.93
14038,98.93
14038,98.93
14038,98.93
14040,98.91
14040,98.91
14040,98.91
14040,98.91
14040,98.91
14045,98.93
14045,98.93
14045,98.93
14049,98.74
14049,98.74
14049,98.77
14049,98.77
14049,98.77
14049,98.78
14049,98.93
14056,98.93
14056,98.93
14056,98.93
14056,98.93
14056,98.93
14057,98.88
14057,98.88
14059,98.93
14059,98.93
14059,98.93
14059,98.93
14062,98.60
14062,98.60
14062,98.60
14062,98.62
14062,98.65
14063,98.92
14063,98.92
14063,98.92
14063,98.92
14063,98.92
14065,97.73
14065,97.73
14065,97.73
14065,97.73
14065,97.78
14066,98.88
14070,98.76
14070,98.76
14070,98.76
14070,98.76
14070,98.80
14073,98.93
14098,98.77
14098,98.77
14098,98.77
14098,98.78
14098,98.78
14098,98.83
14100,98.55
14100,98.76
14100,98.76
14100,98.77
14100,98.79
14100,98.86
14101,98.82
14101,98.82
14101,98.82
14101,98.82
14101,98.82
14109,98.72
14113,98.92
14114,98.75
14114,98.75
14114,98.75
14114,98.75
14114,98.75
14114,98.75
14115,97.23
14115,97.23
14115,97.24
14115,97.25
14115,97.25
14124,98.89
14126,98.66
14126,98.66
14126,98.68
14126,98.68
14126,98.68
14126,98.92
14132,98.93
14132,98.93
14132,98.93
14132,98.93
14133,98.88
14137,98.52
14143,98.75
14144,98.92
14144,98.92
14144,98.92
14144,98.92
14147,98.44
14147,98.44
14147,98.44
14147,98.44
14147,98.44
14152,98.76
14152,98.76
14152,98.76
14152,98.92
14152,98.92
14153,98.92
14153,98.92
14153,98.92
14153,98.92
14153,98.92
14155,98.90
14156,98.92
14156,98.92
14157,98.88
14159,98.92
14161,98.92
14163,98.82
14163,98.82
14163,98.83
14163,98.83
14163,98.85
14163,98.87
14167,98.03
14167,98.03
14167,98.03
14167,98.03
14167,98.03
14167,98.27
14171,98.84
14171,98.84
14174,98.92
14175,98.81
14175,98.81
14175,98.87
14181,98.92
14186,98.59
14186,98.59
14186,98.59
14186,98.59
14186,98.59
14186,98.83
14187,98.84
14187,98.90
14191,98.92
14191,98.92
14191,98.92
14197,98.85
14197,98.85
14208,98.75
14209,98.68
14209,98.68
14209,98.71
14209,98.71
14209,98.76
14209,98.82
14210,98.91
14212,98.65
14215,98.79
14217,98.90
14221,98.87
14224,98.92
14224,98.92
14224,98.92
14224,98.92
14231,98.86
14231,98.92
14231,98.92
14231,98.92
14231,98.92
14232,98.76
14232,98.77
14240,98.08
14240,98.08
14240,98.08
14240,98.09
14240,98.13
14240,98.15
14243,98.62
14243,98.62
14243,98.62
14243,98.62
14243,98.62
14243,98.78
14248,98.41
14250,98.89
14253,98.70
14253,98.70
14253,98.72
14253,98.72
14253,98.72
14253,98.78
14255,98.85
14260,98.44
14260,98.44
14260,98.44
14260,98.44
14260,98.44
14260,98.44
14262,98.69
14265,98.68
14265,98.68
14265,98.68
14265,98.68
14265,98.69
14266,98.70
14266,98.70
14266,98.70
14266,98.70
14266,98.70
14267,98.82
14267,98.89
14272,98.66
14272,98.66
14272,98.67
14272,98.67
14272,98.67
14272,98.73
14274,98.87
14278,98.91
14278,98.91
14284,98.25
14284,98.25
14284,98.25
14284,98.25
14284,98.25
14284,98.43
14285,98.88
14285,98.88
14290,98.89
14290,98.89
14290,98.89
14290,98.89
14290,98.89
14292,98.71
14292,98.71
14292,98.71
14292,98.71
14292,98.71
14299,98.19
14306,98.01
14306,98.01
14306,98.02
14306,98.02
14306,98.02
14306,98.15
14319,98.77
14328,98.82
14328,98.86
14329,98.91
14329,98.91
14329,98.91
14329,98.91
14329,98.91
14329,98.91
14334,98.91
14334,98.91
14334,98.91
14334,98.91
14334,98.91
14334,98.91
14337,98.91
14337,98.91
14338,98.71
14338,98.71
14338,98.72
14338,98.91
14338,98.91
14339,98.70
14344,98.70
14344,98.76
14345,98.30
14351,98.85
14352,97.94
14352,97.94
14352,97.94
14352,97.94
14352,97.94
14352,98.08
14357,98.81
14361,98.91
14365,98.91
14371,98.87
14371,98.87
14373,98.68
14373,98.68
14373,98.68
14373,98.87
14373,98.87
14376,98.70
14376,98.71
14381,98.87
14382,98.90
14382,98.90
14382,98.90
14382,98.90
14382,98.90
14384,98.87
14384,98.87
14384,98.87
14384,98.87
14384,98.87
14387,98.88
14389,98.91
14389,98.91
14389,98.91
14389,98.91
14389,98.91
14391,98.81
14391,98.81
14391,98.81
14391,98.81
14391,98.81
14394,98.91
14396,98.91
14397,98.87
14397,98.87
14397,98.89
14397,98.89
14401,98.66
14404,98.84
14404,98.84
14406,98.75
14406,98.75
14412,98.63
14412,98.63
14412,98.66
14412,98.66
14412,98.66
14412,98.83
14414,98.81
14418,98.60
14418,98.90
14419,98.45
14422,98.75
14422,98.75
14424,98.75
14424,98.75
14424,98.79
14424,98.83
14424,98.88
14424,98.88
14424,98.88
14424,98.88
14424,98.88
14424,98.90
14424,98.90
14424,98.90
14424,98.90
14424,98.90
14424,98.90
14429,97.64
14429,97.64
14429,97.64
14429,97.64
14429,97.64
14429,97.79
14433,98.90
14433,98.90
14433,98.90
14433,98.90
14437,98.73
14437,98.73
14438,98.83
14443,98.90
14443,98.90
14443,98.90
14443,98.90
14443,98.90
14447,98.71
14448,98.88
14448,98.88
14448,98.88
14448,98.88
14448,98.88
14449,98.90
14449,98.90
14449,98.90
14449,98.90
14449,98.90
14453,98.82
14457,98.73
14457,98.73
14457,98.74
14457,98.74
14457,98.76
14458,96.24
14458,96.24
14458,96.24
14458,96.24
14458,96.24
14458,98.31
14474,98.85
14474,98.85
14474,98.85
14475,98.88
14475,98.88
14475,98.88
14475,98.88
14475,98.88
14475,98.88
14488,98.90
14489,98.85
14489,98.85
14489,98.85
14489,98.85
14489,98.85
14489,98.85
14494,98.75
14508,98.65
14508,98.65
14508,98.65
14508,98.65
14508,98.65
14508,98.84
14508,98.84
14508,98.84
14508,98.84
14516,98.88
14518,98.64
14521,98.77
14521,98.77
14526,98.15
14526,98.15
14526,98.22
14526,98.22
14526,98.22
14526,98.22
14528,98.84
14534,98.73
14534,98.73
14534,98.73
14534,98.73
14534,98.73
14534,98.73
14537,98.60
14537,98.60
14537,98.61
14537,98.61
14537,98.61
14537,98.64
14539,98.84
14542,98.72
14542,98.72
14546,98.82
14547,98.84
14548,98.70
14550,98.71
14551,98.75
14553,98.64
14553,98.89
14559,98.67
14559,98.67
14559,98.67
14559,98.67
14559,98.67
14562,98.74
14562,98.74
14562,98.74
14562,98.74
14562,98.76
14568,98.89
14568,98.89
14568,98.89
14568,98.89
14568,98.89
14569,98.58
14569,98.58
14569,98.58
14569,98.79
14576,98.84
14584,98.89
14585,98.63
14585,98.63
14585,98.64
14585,98.64
14585,98.64
14585,98.67
14585,98.67
14585,98.67
14587,98.86
14593,98.70
14594,98.88
14594,98.88
14600,98.83
14614,98.87
14614,98.87
14614,98.87
14614,98.87
14615,98.62
14617,98.82
14618,98.82
14618,98.82
14618,98.83
14618,98.85
14620,98.50
14620,98.50
14622,98.89
14622,98.89
14622,98.89
14622,98.89
14622,98.89
14622,98.89
14624,98.77
14625,98.86
14626,98.16
14630,98.61
14630,98.88
14635,98.86
14637,98.78
14638,98.84
14639,98.86
14639,98.86
14639,98.86
14639,98.86
14639,98.86
14641,98.79
14641,98.79
14641,98.79
14641,98.79
14641,98.79
14647,98.86
14647,98.86
14650,98.89
14650,98.89
14650,98.89
14650,98.89
14650,98.89
14650,98.89
14652,98.47
14652,98.47
14652,98.48
14652,98.48
14652,98.48
14652,98.48
14652,98.76
14657,98.89
14657,98.89
14657,98.89
14657,98.89
14657,98.89
14660,98.62
14660,98.62
14660,98.62
14660,98.62
14660,98.62
14660,98.64
14663,98.58
14668,98.57
14671,98.55
14671,98.55
14671,98.55
14671,98.55
14671,98.57
14671,98.63
14674,98.86
14674,98.86
14676,98.85
14681,98.76
14683,98.88
14691,98.64
14700,98.88
14700,98.88
14700,98.88
14700,98.88
14700,98.88
14711,98.80
14711,98.80
14713,98.71
14723,98.88
14723,98.88
14723,98.88
14723,98.88
14723,98.88
14724,98.84
14725,98.84
14725,98.84
14725,98.84
14725,98.84
14725,98.84
14726,98.87
14730,98.88
14730,98.88
14730,98.88
14731,98.72
14731,98.72
14731,98.72
14731,98.72
14731,98.72
14731,98.80
14731,98.80
14731,98.81
14731,98.81
14731,98.81
14736,98.52
14736,98.52
14736,98.52
14736,98.52
14736,98.52
14737,98.83
14737,98.83
14737,98.83
14737,98.83
14737,98.83
14746,98.88
14748,98.88
14749,97.94
14749,97.94
14749,97.95
14749,97.95
14752,98.88
14763,98.52
14763,98.52
14763,98.52
14763,98.52
14763,98.88
14763,98.88
14764,98.48
14764,98.48
14764,98.49
14764,98.49
14764,98.49
14764,98.50
14774,98.88
14774,98.88
14774,98.88
14774,98.88
14774,98.88
14774,98.88
14780,98.73
14780,98.73
14780,98.73
14780,98.73
14780,98.74
14781,98.88
14781,98.88
14781,98.88
14781,98.88
14781,98.88
14781,98.88
14784,98.86
14785,98.84
14786,98.75
14786,98.76
14786,98.80
14787,98.88
14787,98.88
14787,98.88
14787,98.88
14787,98.88
14788,98.18
14788,98.18
14788,98.19
14788,98.28
14788,98.58
14797,98.68
14797,98.68
14797,98.68
14797,98.73
14797,98.73
14797,98.86
14800,98.53
14800,98.53
14800,98.66
14800,98.67
14809,98.87
14809,98.87
14809,98.87
14809,98.87
14814,98.87
14814,98.87
14818,98.79
14818,98.79
14818,98.79
14818,98.79
14821,98.05
14821,98.05
14821,98.05
14821,98.05
14821,98.05
14821,98.16
14823,97.82
14823,98.33
14823,98.33
14823,98.33
14823,98.33
14823,98.33
14825,98.87
14828,98.79
14828,98.87
14828,98.87
14828,98.87
14828,98.87
14828,98.87
14828,98.87
14828,98.87
14828,98.87
14828,98.87
14832,98.83
14835,98.66
14835,98.66
14835,98.73
14836,98.67
14836,98.67
14836,98.68
14836,98.68
14836,98.68
14837,98.59
14837,98.62
14838,98.85
14840,98.83
14850,98.70
14850,98.70
14850,98.70
14850,98.70
14850,98.78
14861,97.53
14869,98.73
14869,98.73
14869,98.73
14869,98.73
14869,98.75
14875,98.70
14875,98.70
14875,98.70
14875,98.71
14875,98.72
14878,98.85
14878,98.85
14880,98.77
14882,98.72
14882,98.72
14882,98.74
14884,98.87
14889,98.87
14889,98.87
14889,98.87
14889,98.87
14889,98.87
14893,98.79
14893,98.79
14893,98.79
14893,98.79
14896,98.55
14896,98.55
14896,98.55
14896,98.55
14896,98.58
14896,98.61
14908,98.87
14908,98.87
14908,98.87
14908,98.87
14908,98.87
14908,98.87
14909,98.60
14910,98.77
14915,98.87
14915,98.87
14915,98.87
14915,98.87
14915,98.87
14915,98.87
14918,98.87
14918,98.87
14918,98.87
14920,98.62
14920,98.62
14920,98.64
14920,98.64
14920,98.68
14920,98.78
14921,98.76
14921,98.76
14921,98.76
14921,98.76
14921,98.78
14924,98.80
14933,96.94
14933,98.04
14933,98.71
14933,98.86
14933,98.86
14933,98.86
14937,98.86
14941,98.69
14943,98.78
14943,98.86
14945,98.37
14949,98.82
14951,98.75
14954,98.66
14954,98.66
14954,98.78
14954,98.85
14955,98.16
14955,98.16
14956,98.81
14959,98.86
14960,98.39
14960,98.39
14960,98.39
14960,98.39
14960,98.39
14960,98.41
14970,98.65
14971,98.69
14971,98.69
14971,98.69
14971,98.69
14971,98.72
14976,98.80
14980,98.79
14980,98.79
14980,98.79
14980,98.86
14986,98.64
14986,98.64
14986,98.65
14986,98.65
14986,98.65
14987,98.80
14992,98.83
14992,98.83
14992,98.83
14994,98.78
14995,98.09
14995,98.20
14996,98.66
14996,98.79
14996,98.79
14996,98.79
14996,98.79
14999,98.83
15002,98.54
15002,98.54
15002,98.54
15002,98.54
15002,98.54
15002,98.54
15003,98.73
15003,98.73
15006,98.78
15006,98.80
15011,98.70
15011,98.70
15011,98.70
15011,98.70
15011,98.71
15011,98.76
15011,98.76
15011,98.76
15011,98.76
15011,98.78
15019,98.86
15019,98.86
15019,98.86
15019,98.86
15019,98.86
15032,98.86
15034,98.77
15038,98.86
15038,98.86
15038,98.86
15044,98.51
15044,98.83
15044,98.83
15044,98.83
15044,98.83
15045,98.64
15045,98.64
15045,98.64
15045,98.64
15045,98.64
15045,98.71
15045,98.85
15045,98.85
15045,98.85
15045,98.85
15045,98.85
15053,98.86
15053,98.86
15053,98.86
15053,98.86
15053,98.86
15053,98.86
15058,98.85
15058,98.85
15058,98.85
15058,98.85
15058,98.85
15060,98.85
15066,98.71
15073,98.85
15075,98.84
15075,98.84
15078,98.84
15078,98.84
15078,98.84
15079,98.80
15080,98.15
15080,98.15
15080,98.15
15080,98.15
15080,98.85
15082,98.55
15082,98.55
15082,98.59
15083,98.85
15083,98.85
15083,98.85
15083,98.85
15083,98.85
15083,98.85
15088,98.80
15090,98.76
15090,98.85
15096,98.81
15096,98.81
15096,98.81
15099,98.79
15100,98.85
15100,98.85
15100,98.85
15100,98.85
15105,98.68
15105,98.68
15105,98.68
15105,98.68
15105,98.68
15105,98.79
15105,98.79
15105,98.79
15105,98.80
15106,98.55
15106,98.55
15106,98.58
15106,98.61
15108,97.48
15112,98.63
15112,98.63
15112,98.63
15112,98.63
15112,98.63
15113,98.69
15113,98.69
15113,98.69
15113,98.71
15113,98.71
15119,98.77
15119,98.77
15119,98.77
15119,98.77
15119,98.79
15120,98.64
15123,98.83
15129,98.85
15132,98.78
15132,98.78
15132,98.78
15135,98.74
15136,98.77
15137,98.73
15137,98.73
15137,98.73
15137,98.73
15137,98.73
15137,98.73
15141,98.77
15141,98.85
15141,98.85
15141,98.85
15141,98.85
15141,98.85
15146,98.85
15152,98.62
15152,98.62
15152,98.62
15152,98.62
15152,98.67
15152,98.69
15153,98.73
15153,98.73
15153,98.73
15153,98.73
15153,98.73
15163,98.35
15163,98.81
15167,98.51
15167,98.51
15167,98.51
15167,98.67
15169,97.70
15169,97.70
15169,97.70
15169,97.70
15169,97.70
15169,97.70
15172,98.69
15172,98.69
15174,97.55
15174,97.55
15174,97.60
15174,97.60
15174,97.67
15176,98.75
15176,98.75
15176,98.84
15176,98.84
15176,98.84
15176,98.84
15183,98.53
15184,98.64
15185,98.72
15186,98.84
15189,98.83
15198,98.35
15198,98.35
15198,98.35
15198,98.35
15198,98.35
15209,98.05
15209,98.05
15209,98.05
15209,98.07
15209,98.10
15209,98.19
15214,98.32
15214,98.32
15214,98.32
15214,98.32
15214,98.32
15214,98.49
15219,96.66
15219,96.66
15219,97.47
15219,97.56
15219,98.05
15223,98.56
15223,98.56
15223,98.56
15223,98.56
15223,98.56
15223,98.56
15230,98.77
15232,98.42
15232,98.42
15232,98.44
15232,98.44
15232,98.44
15232,98.47
15233,98.84
15233,98.84
15233,98.84
15233,98.84
15233,98.84
15234,98.19
15234,98.19
15234,98.19
15234,98.19
15234,98.19
15235,97.95
15242,98.69
15242,98.69
15242,98.69
15242,98.69
15242,98.69
15242,98.83
15244,98.84
15249,98.84
15249,98.84
15249,98.84
15249,98.84
15249,98.84
15249,98.84
15255,98.80
15255,98.81
15255,98.81
15255,98.84
15256,98.84
15256,98.84
15256,98.84
15256,98.84
15259,98.84
15260,98.74
15260,98.75
15260,98.84
15263,98.25
15263,98.25
15263,98.25
15263,98.25
15263,98.39
15276,98.63
15276,98.63
15276,98.63
15276,98.63
15276,98.63
15281,98.67
15284,98.32
15284,98.32
15284,98.32
15284,98.32
15284,98.50
15284,98.84
15286,98.68
15286,98.68
15292,98.56
15292,98.56
15292,98.56
15292,98.56
15292,98.56
15292,98.56
15293,98.84
15297,98.78
15297,98.78
15297,98.78
15297,98.78
15297,98.78
15297,98.78
15302,98.71
15302,98.73
15303,98.76
15305,98.83
15310,98.49
15317,98.80
15318,98.71
15318,98.75
15326,98.77
15326,98.77
15326,98.77
15326,98.77
15326,98.77
15326,98.79
15326,98.79
15326,98.79
15326,98.79
15327,98.64
15328,98.67
15329,98.42
15329,98.46
15329,98.80
15329,98.80
15340,98.77
15340,98.77
15340,98.77
15340,98.77
15340,98.78
15341,98.73
15341,98.73
15341,98.73
15345,98.83
15346,98.79
15351,98.82
15360,98.54
15360,98.54
15360,98.54
15360,98.54
15361,98.57
15363,98.25
15363,98.25
15363,98.26
15363,98.26
15363,98.28
15363,98.31
15364,98.67
15364,98.74
15364,98.74
15364,98.74
15364,98.74
15365,98.69
15367,98.64
15367,98.64
15369,98.64
15369,98.64
15369,98.64
15369,98.64
15369,98.64
15371,98.34
15371,98.83
15371,98.83
15371,98.83
15371,98.83
15371,98.83
15371,98.83
15374,98.47
15388,98.79
15388,98.79
15389,98.07
15389,98.07
15389,98.07
15389,98.07
15389,98.07
15389,98.83
15392,98.77
15392,98.77
15392,98.77
15392,98.77
15392,98.77
15393,98.78
15396,98.62
15397,98.61
15397,98.68
15397,98.83
15397,98.83
15397,98.83
15397,98.83
15399,98.77
15405,98.65
15406,97.51
15406,97.51
15406,97.51
15406,97.51
15406,97.51
15406,97.68
15410,96.45
15410,97.18
15410,98.83
15410,98.83
15410,98.83
15414,98.69
15414,98.69
15414,98.69
15414,98.69
15414,98.69
15421,98.64
15421,98.64
15421,98.70
15421,98.70
15421,98.71
15421,98.71
15421,98.71
15421,98.71
15421,98.80
15421,98.80
15421,98.80
15421,98.80
15421,98.80
15421,98.81
15421,98.81
15430,98.77
15430,98.82
15430,98.82
15430,98.82
15430,98.82
15430,98.82
15433,98.83
15436,98.52
15436,98.52
15436,98.55
15436,98.69
15436,98.69
15436,98.73
15436,98.74
15436,98.74
15436,98.76
15436,98.76
15436,98.76
15444,98.53
15444,98.53
15444,98.53
15444,98.53
15444,98.55
15447,98.83
15447,98.83
15447,98.83
15447,98.83
15452,98.59
15452,98.59
15452,98.59
15452,98.59
15455,98.79
15455,98.82
15455,98.82
15455,98.82
15455,98.82
15455,98.82
15460,98.79
15460,98.79
15460,98.79
15460,98.79
15465,98.51
15465,98.51
15465,98.51
15467,98.76
15473,98.82
15473,98.82
15473,98.82
15473,98.82
15473,98.82
15474,98.75
15480,98.47
15485,98.82
15485,98.82
15485,98.82
15485,98.82
15485,98.82
15485,98.82
15486,98.72
15486,98.72
15486,98.72
15486,98.72
15486,98.72
15488,98.53
15488,98.79
15495,98.63
15495,98.63
15499,98.49
15502,98.55
15502,98.71
15504,98.40
15504,98.40
15504,98.79
15504,98.79
15504,98.79
15504,98.79
15504,98.79
15504,98.79
15507,98.68
15507,98.68
15507,98.70
15507,98.74
15511,97.28
15511,98.62
15511,98.62
15511,98.62
15511,98.69
15513,98.78
15513,98.78
15513,98.78
15513,98.78
15513,98.78
15513,98.78
15521,98.82
15526,98.74
15526,98.74
15529,98.45
15530,98.78
15530,98.78
15530,98.78
15530,98.78
15541,98.71
15543,98.68
15543,98.68
15543,98.68
15543,98.68
15543,98.68
15543,98.68
15544,98.12
15549,98.64
15553,97.62
15554,98.82
15554,98.82
15554,98.82
15554,98.82
15554,98.82
15554,98.82
15566,98.82
15566,98.82
15566,98.82
15566,98.82
15566,98.82
15566,98.82
15569,98.77
15577,98.78
15583,98.47
15583,98.47
15583,98.49
15583,98.49
15583,98.53
15583,98.64
15585,98.75
15585,98.75
15585,98.77
15588,98.81
15588,98.81
15588,98.81
15588,98.81
15588,98.81
15588,98.81
15589,98.79
15593,98.55
15593,98.55
15593,98.81
15601,98.54
15602,98.77
15602,98.77
15602,98.77
15602,98.79
15602,98.81
15602,98.81
15606,98.75
15606,98.78
15606,98.78
15606,98.78
15606,98.78
15606,98.78
15610,98.58
15612,98.46
15613,98.57
15613,98.57
15613,98.60
15613,98.60
15613,98.60
15615,98.81
15615,98.81
15615,98.81
15615,98.81
15615,98.81
15616,98.81
15627,98.81
15627,98.81
15627,98.81
15627,98.81
15627,98.81
15629,98.79
15632,98.80
15636,98.75
15636,98.75
15642,98.50
15647,98.52
15647,98.63
15647,98.63
15647,98.63
15647,98.63
15647,98.68
15655,98.81
15655,98.81
15655,98.81
15655,98.81
15655,98.81
15655,98.81
15658,98.68
15658,98.68
15658,98.68
15658,98.68
15658,98.68
15658,98.68
15659,98.80
15659,98.80
15666,98.73
15667,98.68
15670,98.51
15672,98.81
15674,98.76
15682,98.32
15682,98.32
15682,98.32
15682,98.32
15682,98.33
15683,98.79
15691,98.32
15691,98.32
15691,98.32
15691,98.32
15691,98.32
15691,98.38
15691,98.38
15694,98.81
15694,98.81
15696,98.65
15700,98.57
15703,98.69
15704,98.73
15704,98.73
15719,98.77
15719,98.77
15719,98.79
15720,98.80
15723,98.78
15727,98.71
15727,98.71
15727,98.71
15727,98.71
15727,98.71
15727,98.72
15731,98.76
15731,98.76
15731,98.76
15731,98.76
15736,98.80
15736,98.80
15741,98.79
15742,98.80
15744,98.70
15744,98.70
15747,98.80
15748,98.40
15748,98.40
15749,98.80
15752,98.68
15752,98.68
15752,98.70
15754,97.24
15759,98.03
15759,98.03
15759,98.03
15759,98.03
15759,98.03
15762,98.50
15762,98.50
15762,98.55
15762,98.55
15762,98.55
15765,98.80
15777,97.64
15787,98.66
15787,98.66
15787,98.66
15787,98.66
15787,98.68
15792,98.53
15792,98.74
15794,98.50
15794,98.50
15794,98.50
15794,98.50
15794,98.50
15794,98.50
15796,98.80
15797,98.45
15798,98.75
15805,98.52
15808,98.80
15812,98.80
15812,98.80
15812,98.80
15812,98.80
15812,98.80
15812,98.80
15814,95.99
15814,95.99
15814,96.04
15814,96.04
15814,96.24
15814,96.61
15816,98.72
15816,98.72
15816,98.72
15816,98.72
15816,98.72
15816,98.72
15818,98.02
15818,98.02
15818,98.02
15818,98.02
15818,98.02
15818,98.25
15826,98.69
15828,98.54
15831,98.54
15831,98.54
15831,98.56
15831,98.56
15831,98.58
15835,98.77
15839,98.80
15839,98.80
15839,98.80
15839,98.80
15839,98.80
15840,98.23
15840,98.23
15840,98.26
15840,98.26
15840,98.26
15840,98.32
15846,98.56
15846,98.56
15846,98.56
15846,98.56
15846,98.56
15849,98.76
15850,98.77
15864,98.77
15878,98.33
15878,98.33
15878,98.33
15878,98.33
15878,98.33
15878,98.70
15878,98.70
15883,98.67
15885,98.79
15885,98.79
15885,98.79
15885,98.79
15885,98.79
15895,98.42
15904,98.51
15905,98.76
15906,98.76
15906,98.76
15906,98.77
15909,96.83
15909,96.83
15909,96.83
15909,96.83
15909,96.90
15909,97.17
15910,98.62
15910,98.62
15910,98.62
15910,98.62
15910,98.62
15910,98.62
15917,98.30
15917,98.30
15917,98.30
15917,98.30
15917,98.30
15924,98.61
15932,98.55
15932,98.55
15948,97.72
15948,97.72
15948,97.73
15948,97.73
15948,97.80
15949,97.96
15949,97.96
15949,97.96
15949,97.99
15960,98.76
15960,98.76
15960,98.76
15960,98.76
15961,98.73
15961,98.73
15961,98.77
15961,98.77
15961,98.77
15961,98.77
15961,98.77
15961,98.77
15962,98.73
15962,98.73
15971,98.61
15971,98.61
15984,97.08
15984,97.39
15984,98.78
15984,98.78
15984,98.78
15985,98.78
15985,98.78
15985,98.78
15985,98.78
15985,98.78
15989,98.77
15992,98.67
15992,98.67
15992,98.67
15992,98.67
15992,98.67
15994,98.73
15997,98.49
16000,98.00
16000,98.00
16000,98.00
16000,98.00
16000,98.00
16000,98.06
16003,98.78
16003,98.78
16003,98.78
16003,98.78
16003,98.78
16005,98.60
16012,98.72
16012,98.72
16012,98.72
16012,98.72
16014,98.58
16014,98.58
16014,98.58
16014,98.60
16014,98.60
16014,98.74
16015,98.74
16016,98.42
16016,98.42
16016,98.42
16016,98.42
16016,98.42
16017,98.27
16019,98.78
16019,98.78
16019,98.78
16019,98.78
16019,98.78
16019,98.78
16038,98.55
16038,98.55
16038,98.55
16038,98.55
16038,98.55
16038,98.55
16039,98.47
16039,98.73
16041,98.66
16043,98.78
16043,98.78
16043,98.78
16043,98.78
16043,98.78
16043,98.78
16045,98.24
16045,98.24
16045,98.24
16045,98.24
16045,98.29
16045,98.29
16045,98.29
16045,98.36
16045,98.37
16045,98.64
16049,98.49
16049,98.49
16049,98.49
16049,98.49
16049,98.55
16060,98.31
16062,98.70
16062,98.70
16062,98.70
16062,98.71
16062,98.75
16064,98.57
16064,98.57
16064,98.59
16064,98.59
16064,98.61
16069,98.67
16069,98.67
16069,98.67
16069,98.67
16069,98.67
16069,98.78
16069,98.78
16069,98.78
16069,98.78
16069,98.78
16069,98.78
16074,97.93
16074,98.78
16074,98.78
16074,98.78
16074,98.78
16074,98.78
16074,98.78
16075,98.78
16076,98.57
16076,98.57
16076,98.58
16076,98.59
16076,98.60
16077,97.89
16077,97.89
16077,97.89
16077,97.89
16077,97.89
16077,97.89
16080,98.63
16086,98.50
16086,98.50
16086,98.53
16086,98.53
16086,98.53
16086,98.56
16088,98.73
16088,98.73
16088,98.73
16088,98.73
16089,98.72
16092,98.74
16098,98.64
16098,98.64
16098,98.64
16098,98.64
16098,98.64
16098,98.64
16098,98.71
16098,98.71
16100,98.65
16100,98.65
16100,98.65
16100,98.65
16100,98.65
16100,98.65
16102,97.53
16102,97.53
16102,97.53
16102,97.53
16102,97.53
16104,98.13
16104,98.13
16104,98.13
16104,98.14
16104,98.15
16104,98.15
16106,97.66
16106,97.66
16106,97.66
16106,97.66
16106,97.66
16106,97.83
16112,98.77
16112,98.77
16112,98.77
16112,98.77
16112,98.77
16112,98.77
16113,98.72
16120,96.78
16120,97.10
16120,97.10
16120,97.10
16120,97.29
16124,98.77
16124,98.77
16124,98.77
16124,98.77
16124,98.77
16124,98.77
16125,97.97
16125,97.97
16125,97.97
16125,97.97
16125,98.29
16125,98.63
16128,97.52
16128,97.52
16128,97.52
16128,97.52
16128,97.56
16128,97.76
16130,98.04
16135,98.77
16135,98.77
16135,98.77
16135,98.77
16135,98.77
16135,98.77
16136,98.77
16136,98.77
16136,98.77
16136,98.77
16136,98.77
16136,98.77
16148,98.35
16149,98.77
16149,98.77
16149,98.77
16149,98.77
16149,98.77
16149,98.77
16164,98.72
16164,98.72
16164,98.77
16164,98.77
16164,98.77
16164,98.77
16164,98.77
16164,98.77
16166,98.60
16166,98.60
16166,98.60
16166,98.60
16166,98.60
16167,98.72
16167,98.72
16168,94.95
16171,98.73
16171,98.77
16171,98.77
16171,98.77
16171,98.77
16171,98.77
16171,98.77
16174,98.43
16175,98.06
16175,98.06
16175,98.06
16175,98.07
16175,98.07
16175,98.15
16177,98.77
16177,98.77
16177,98.77
16177,98.77
16178,98.77
16178,98.77
16184,98.62
16184,98.62
16184,98.69
16184,98.69
16189,98.61
16189,98.61
16190,98.60
16190,98.60
16190,98.60
16190,98.60
16190,98.63
16191,98.59
16191,98.59
16192,98.67
16197,98.69
16198,98.65
16200,98.77
16201,98.76
16201,98.76
16201,98.76
16201,98.76
16201,98.76
16203,98.59
16205,98.03
16208,98.77
16212,98.76
16212,98.76
16212,98.76
16212,98.76
16216,98.77
16216,98.77
16216,98.77
16216,98.77
16216,98.77
16216,98.77
16217,98.15
16217,98.15
16217,98.17
16217,98.17
16217,98.17
16217,98.24
16221,98.72
16221,98.72
16235,98.34
16235,98.34
16235,98.34
16237,98.77
16237,98.77
16237,98.77
16237,98.77
16237,98.77
16238,98.26
16238,98.26
16238,98.26
16238,98.26
16238,98.26
16240,98.37
16240,98.37
16240,98.37
16240,98.37
16240,98.37
16240,98.43
16240,98.66
16243,98.76
16247,98.75
16247,98.75
16255,98.45
16255,98.45
16255,98.45
16255,98.45
16255,98.56
16255,98.56
16263,98.62
16263,98.62
16263,98.62
16263,98.62
16263,98.62
16264,98.76
16265,98.70
16265,98.70
16270,98.42
16270,98.42
16270,98.42
16270,98.42
16270,98.42
16280,98.72
16282,98.37
16282,98.37
16282,98.37
16282,98.37
16282,98.37
16290,98.69
16290,98.70
16292,98.58
16293,98.76
16293,98.76
16293,98.76
16293,98.76
16293,98.76
16293,98.76
16294,98.66
16294,98.66
16294,98.66
16294,98.66
16298,97.25
16298,97.25
16298,97.25
16298,97.25
16298,98.17
16299,98.65
16299,98.69
16299,98.76
16299,98.76
16299,98.76
16299,98.76
16299,98.76
16299,98.76
16301,97.81
16309,98.76
16313,98.72
16313,98.72
16318,98.74
16318,98.74
16318,98.74
16318,98.74
16319,98.35
16319,98.39
16319,98.76
16319,98.76
16319,98.76
16319,98.76
16337,98.52
16340,98.37
16354,98.39
16354,98.39
16354,98.63
16354,98.63
16354,98.63
16354,98.63
16355,98.66
16359,98.48
16359,98.48
16359,98.48
16359,98.48
16359,98.48
16359,98.52
16360,98.59
16360,98.59
16368,98.67
16368,98.67
16368,98.67
16368,98.67
16368,98.67
16369,98.57
16373,98.75
16373,98.75
16373,98.75
16373,98.75
16373,98.75
16373,98.75
16379,98.68
16382,98.75
16382,98.75
16385,98.71
16385,98.71
16385,98.75
16388,98.62
16388,98.62
16390,98.55
16390,98.55
16391,98.32
16391,98.32
16391,98.32
16391,98.32
16391,98.32
16397,98.75
16397,98.75
16397,98.75
16397,98.75
16397,98.75
16402,98.64
16408,98.75
16413,98.55
16415,98.69
16416,98.75
16416,98.75
16416,98.75
16416,98.75
16416,98.75
16416,98.75
16416,98.75
16416,98.75
16416,98.75
16416,98.75
16419,98.56
16419,98.56
16420,98.46
16420,98.54
16425,98.75
16426,98.69
16426,98.69
16426,98.69
16428,98.75
16428,98.75
16428,98.75
16428,98.75
16428,98.75
16436,98.58
16436,98.58
16436,98.60
16438,98.33
16439,98.69
16441,98.66
16441,98.66
16441,98.66
16441,98.66
16441,98.66
16441,98.66
16444,98.51
16444,98.51
16444,98.51
16444,98.51
16444,98.51
16444,98.53
16449,98.17
16449,98.17
16449,98.17
16449,98.17
16449,98.17
16450,98.55
16450,98.55
16450,98.55
16450,98.55
16450,98.67
16451,98.42
16451,98.42
16451,98.49
16451,98.52
16451,98.52
16451,98.60
16454,98.69
16454,98.69
16454,98.69
16454,98.69
16458,98.75
16464,98.27
16464,98.27
16464,98.39
16464,98.39
16464,98.39
16464,98.61
16465,98.65
16465,98.65
16465,98.65
16465,98.65
16473,98.28
16473,98.28
16473,98.28
16473,98.28
16473,98.28
16480,98.72
16480,98.72
16480,98.72
16482,98.59
16484,98.75
16494,98.62
16495,98.73
16495,98.73
16495,98.73
16496,98.47
16500,98.53
16500,98.53
16500,98.54
16518,98.74
16518,98.74
16518,98.74
16518,98.74
16523,98.52
16523,98.52
16523,98.52
16523,98.52
16523,98.54
16524,98.74
16524,98.74
16524,98.74
16524,98.74
16524,98.74
16524,98.74
16527,98.61
16527,98.61
16527,98.61
16527,98.61
16527,98.61
16527,98.74
16531,98.53
16531,98.53
16531,98.53
16531,98.53
16531,98.53
16533,98.74
16533,98.74
16533,98.74
16533,98.74
16533,98.74
16538,97.70
16538,97.70
16538,97.70
16538,97.70
16538,97.71
16538,97.79
16540,98.62
16540,98.62
16540,98.62
16540,98.62
16540,98.62
16542,98.45
16542,98.45
16542,98.49
16542,98.49
16542,98.49
16542,98.52
16550,98.32
16550,98.32
16550,98.32
16550,98.32
16550,98.34
16550,98.36
16551,98.32
16551,98.32
16551,98.35
16551,98.41
16553,98.68
16553,98.68
16553,98.69
16553,98.74
16553,98.74
16554,98.67
16554,98.67
16554,98.67
16556,98.71
16556,98.71
16566,98.63
16566,98.63
16566,98.63
16566,98.64
16566,98.68
16573,98.69
16573,98.69
16580,98.74
16580,98.74
16580,98.74
16580,98.74
16580,98.74
16584,98.52
16592,98.74
16599,98.67
16599,98.67
16599,98.67
16599,98.67
16599,98.67
16604,98.52
16604,98.52
16604,98.52
16604,98.52
16604,98.52
16605,98.49
16605,98.49
16605,98.51
16605,98.52
16605,98.52
16613,98.74
16619,98.47
16619,98.74
16623,98.74
16645,98.73
16645,98.73
16645,98.73
16645,98.73
16645,98.73
16645,98.73
16647,98.25
16647,98.25
16647,98.25
16647,98.25
16656,98.61
16656,98.61
16662,98.43
16662,98.43
16662,98.47
16662,98.47
16662,98.47
16662,98.56
16668,98.71
16668,98.71
16669,97.79
16674,98.72
16675,98.68
16686,98.73
16686,98.73
16686,98.73
16686,98.73
16686,98.73
16686,98.73
16694,98.33
16694,98.33
16694,98.33
16694,98.33
16694,98.33
16695,98.73
16705,98.49
16705,98.49
16712,98.14
16712,98.53
16712,98.53
16715,98.65
16719,98.73
16719,98.73
16719,98.73
16719,98.73
16719,98.73
16726,98.42
16726,98.42
16726,98.44
16726,98.51
16729,98.69
16729,98.69
16742,98.60
16742,98.60
16742,98.60
16742,98.60
16742,98.60
16742,98.60
16749,98.35
16749,98.35
16749,98.35
16749,98.35
16749,98.35
16749,98.35
16761,98.48
16763,98.58
16763,98.58
16763,98.58
16763,98.58
16768,98.61
16768,98.61
16768,98.61
16768,98.62
16778,98.52
16778,98.52
16778,98.52
16778,98.52
16778,98.54
16780,98.69
16780,98.69
16780,98.69
16780,98.69
16780,98.69
16780,98.69
16781,98.66
16782,97.69
16782,97.69
16782,97.69
16782,97.69
16782,97.71
16782,97.72
16782,98.66
16782,98.66
16794,98.50
16800,98.64
16801,98.72
16801,98.72
16806,98.72
16806,98.72
16806,98.72
16806,98.72
16806,98.72
16806,98.72
16808,97.89
16817,98.50
16823,98.63
16823,98.63
16823,98.67
16823,98.67
16823,98.67
16823,98.67
16829,98.72
16830,98.24
16832,98.68
16832,98.68
16833,98.72
16833,98.72
16833,98.72
16833,98.72
16843,98.58
16851,98.55
16851,98.55
16852,98.52
16852,98.52
16852,98.52
16852,98.52
16852,98.52
16852,98.53
16856,98.72
16856,98.72
16856,98.72
16856,98.72
16856,98.72
16856,98.72
16861,98.54
16861,98.54
16861,98.56
16868,98.61
16877,98.67
16882,98.46
16892,98.16
16892,98.16
16892,98.16
16892,98.17
16892,98.17
16892,98.30
16898,97.60
16898,97.60
16898,97.61
16898,97.61
16898,97.61
16899,98.55
16900,98.69
16900,98.69
16900,98.69
16900,98.69
16900,98.69
16913,98.53
16913,98.53
16913,98.53
16915,98.65
16916,97.96
16919,98.55
16919,98.55
16919,98.55
16919,98.56
16920,98.47
16924,98.37
16924,98.37
16924,98.37
16924,98.37
16948,97.72
16948,97.72
16948,97.72
16948,97.76
16948,97.84
16949,98.17
16949,98.17
16949,98.21
16949,98.22
16949,98.23
16949,98.32
16950,98.42
16950,98.42
16950,98.44
16950,98.44
16950,98.47
16951,98.67
16953,98.57
16953,98.57
16953,98.57
16953,98.57
16953,98.57
16957,98.71
16957,98.71
16958,98.65
16959,98.32
16959,98.32
16959,98.35
16959,98.35
16959,98.35
16959,98.37
16959,98.71
16965,98.45
16970,98.65
16970,98.65
16970,98.65
16970,98.65
16970,98.65
16970,98.65
16974,98.37
16975,98.16
16975,98.60
16975,98.70
16975,98.71
16975,98.71
16975,98.71
16975,98.71
16976,98.61
16976,98.61
16976,98.61
16976,98.61
16976,98.61
16976,98.70
16976,98.70
16976,98.70
16983,98.52
16983,98.52
16983,98.52
16983,98.52
16983,98.52
16983,98.52
16985,98.42
16985,98.42
16985,98.42
16985,98.42
16985,98.42
17005,98.10
17005,98.10
17005,98.32
17020,98.51
17023,98.52
17023,98.52
17023,98.52
17023,98.60
17025,98.43
17025,98.43
17025,98.43
17025,98.43
17025,98.43
17025,98.51
17047,98.52
17047,98.52
17047,98.66
17049,98.50
17050,98.70
17050,98.70
17050,98.70
17050,98.70
17050,98.70
17050,98.70
17054,98.61
17058,98.68
17058,98.68
17059,98.70
17059,98.70
17059,98.70
17059,98.70
17059,98.70
17059,98.70
17063,97.61
17063,97.61
17063,97.61
17063,97.61
17063,97.69
17067,98.70
17079,98.51
17084,98.64
17084,98.64
17084,98.64
17084,98.64
17088,98.63
17088,98.63
17088,98.65
17088,98.65
17098,98.58
17099,98.41
17103,98.70
17107,98.48
17121,98.65
17121,98.65
17121,98.65
17121,98.65
17121,98.65
17121,98.65
17129,98.02
17132,98.50
17132,98.50
17132,98.50
17132,98.50
17132,98.51
17132,98.62
17132,98.62
17132,98.67
17138,98.49
17138,98.49
17138,98.51
17139,98.57
17144,98.46
17144,98.46
17145,98.36
17145,98.36
17145,98.38
17145,98.39
17145,98.41
17147,98.65
17147,98.65
17147,98.65
17148,98.52
17151,98.55
17159,98.62
17159,98.62
17159,98.67
17171,98.37
17179,98.54
17179,98.54
17179,98.54
17181,98.17
17198,98.64
17203,98.38
17208,98.66
17222,98.58
17222,98.58
17222,98.58
17222,98.58
17222,98.58
17222,98.58
17223,98.21
17223,98.21
17223,98.21
17223,98.21
17223,98.21
17223,98.21
17225,98.63
17225,98.63
17225,98.63
17225,98.63
17226,98.60
17226,98.60
17226,98.60
17226,98.60
17226,98.60
17229,98.51
17229,98.51
17229,98.51
17229,98.51
17229,98.51
17231,98.58
17231,98.58
17231,98.62
17231,98.63
17231,98.65
17234,98.60
17236,98.65
17242,98.32
17242,98.32
17242,98.35
17242,98.35
17244,98.65
17244,98.65
17252,97.77
17258,98.65
17259,98.61
17259,98.61
17259,98.61
17259,98.61
17259,98.61
17262,98.54
17262,98.59
17265,98.53
17276,97.24
17280,97.35
17280,97.35
17280,97.41
17280,97.41
17280,97.41
17301,98.68
17303,98.51
17303,98.51
17303,98.51
17303,98.51
17303,98.51
17303,98.53
17315,98.58
17315,98.58
17315,98.58
17315,98.58
17315,98.58
17317,98.46
17317,98.46
17317,98.46
17317,98.46
17323,98.63
17330,98.61
17330,98.61
17330,98.61
17330,98.61
17336,98.58
17341,98.50
17341,98.50
17341,98.51
17344,98.53
17344,98.53
17344,98.53
17344,98.54
17344,98.54
17347,98.61
17347,98.61
17348,98.57
17348,98.57
17348,98.65
17360,98.59
17360,98.59
17360,98.59
17362,98.58
17362,98.58
17362,98.58
17362,98.58
17365,98.64
17372,98.53
17372,98.53
17372,98.53
17372,98.53
17372,98.53
17372,98.53
17378,98.68
17378,98.68
17378,98.68
17378,98.68
17378,98.68
17378,98.68
17379,98.65
17382,98.65
17382,98.65
17382,98.65
17382,98.65
17382,98.65
17384,98.43
17394,98.62
17394,98.62
17394,98.62
17394,98.64
17404,98.30
17404,98.30
17404,98.30
17404,98.30
17404,98.30
17410,98.30
17410,98.30
17410,98.33
17410,98.35
17410,98.41
17414,97.98
17414,97.98
17414,98.02
17414,98.02
17414,98.02
17414,98.14
17414,98.61
17414,98.68
17414,98.68
17414,98.68
17414,98.68
17414,98.68
17415,98.68
17416,98.47
17428,98.51
17428,98.51
17428,98.51
17428,98.51
17428,98.51
17428,98.51
17438,98.57
17438,98.57
17438,98.57
17438,98.57
17438,98.57
17438,98.57
17441,97.66
17441,97.66
17441,97.66
17441,97.66
17441,97.66
17441,98.42
17450,98.65
17452,98.45
17452,98.45
17452,98.45
17452,98.45
17452,98.45
17462,98.44
17464,98.23
17464,98.23
17464,98.23
17464,98.23
17464,98.23
17476,98.47
17481,97.87
17481,97.87
17481,97.87
17481,97.87
17482,98.62
17482,98.62
17482,98.62
17482,98.62
17482,98.62
17485,98.13
17491,97.72
17493,98.45
17501,98.65
17501,98.65
17501,98.65
17501,98.65
17501,98.65
17504,98.67
17505,98.45
17508,98.63
17508,98.63
17508,98.63
17512,97.66
17512,98.13
17512,98.13
17512,98.13
17512,98.13
17512,98.15
17512,98.24
17514,97.32
17514,97.32
17514,97.32
17514,97.32
17514,97.33
17514,97.39
17515,98.67
17522,98.62
17523,97.92
17523,97.92
17523,97.92
17523,97.92
17523,97.92
17528,98.53
17532,98.52
17532,98.52
17532,98.52
17532,98.52
17534,98.56
17540,98.54
17540,98.54
17540,98.55
17540,98.55
17540,98.55
17543,98.67
17573,98.56
17583,98.33
17583,98.33
17583,98.33
17583,98.33
17583,98.33
17586,98.49
17586,98.49
17586,98.49
17586,98.49
17586,98.53
17586,98.54
17588,98.38
17588,98.43
17588,98.44
17588,98.44
17588,98.44
17588,98.44
17588,98.44
17588,98.47
17591,98.53
17591,98.53
17591,98.53
17591,98.66
17594,98.38
17602,98.62
17602,98.66
17602,98.66
17602,98.66
17602,98.66
17602,98.66
17610,98.60
17610,98.60
17610,98.61
17610,98.62
17614,97.48
17614,97.79
17614,98.65
17614,98.65
17615,98.66
17615,98.66
17615,98.66
17615,98.66
17615,98.66
17615,98.66
17625,98.62
17625,98.62
17625,98.62
17625,98.62
17625,98.62
17628,97.88
17628,97.88
17628,97.93
17628,97.93
17628,97.93
17628,98.02
17643,98.66
17654,98.39
17654,98.39
17654,98.60
17654,98.66
17654,98.66
17660,96.45
17660,96.45
17660,96.48
17660,96.49
17660,96.49
17660,96.79
17663,98.43
17665,98.66
17678,98.44
17683,98.66
17683,98.66
17683,98.66
17683,98.66
17683,98.66
17689,98.48
17689,98.48
17689,98.48
17689,98.49
17689,98.59
17695,98.04
17695,98.04
17695,98.04
17695,98.04
17695,98.04
17695,98.20
17695,98.64
17703,98.65
17712,97.58
17712,97.58
17712,97.68
17712,97.68
17712,97.68
17712,98.54
17723,98.65
17727,98.59
17727,98.59
17727,98.64
17729,98.62
17729,98.62
17729,98.62
17729,98.62
17734,97.56
17736,98.35
17739,96.94
17747,98.63
17747,98.63
17747,98.63
17747,98.63
17768,98.54
17768,98.54
17768,98.54
17768,98.54
17768,98.54
17768,98.54
17769,94.61
17769,94.61
17769,94.61
17769,94.61
17769,94.61
17769,94.91
17769,98.27
17769,98.30
17778,98.08
17778,98.08
17778,98.08
17778,98.08
17795,98.65
17799,98.52
17799,98.52
17799,98.52
17799,98.53
17799,98.56
17802,96.47
17805,96.83
17805,96.83
17805,96.91
17805,96.92
17805,96.93
17805,97.11
17805,98.46
17806,98.47
17806,98.47
17806,98.57
17808,98.53
17808,98.53
17808,98.53
17808,98.53
17818,98.40
17818,98.40
17818,98.40
17818,98.40
17818,98.40
17818,98.40
17825,98.53
17828,98.39
17838,98.22
17838,98.64
17841,97.53
17841,98.46
17841,98.53
17841,98.53
17841,98.53
17846,98.11
17846,98.11
17846,98.11
17846,98.11
17846,98.21
17846,98.31
17847,98.36
17847,98.36
17847,98.37
17847,98.37
17847,98.40
17847,98.43
17849,98.64
17849,98.64
17860,98.31
17860,98.31
17866,98.55
17868,98.64
17872,98.33
17872,98.33
17872,98.33
17872,98.33
17872,98.33
17872,98.34
17872,98.62
17872,98.62
17872,98.62
17872,98.62
17872,98.62
17872,98.62
17875,98.64
17882,98.64
17884,98.64
17884,98.64
17884,98.64
17884,98.64
17884,98.64
17884,98.64
17885,98.55
17885,98.55
17885,98.55
17885,98.55
17885,98.55
17891,96.56
17893,98.64
17893,98.64
17893,98.64
17893,98.64
17894,98.57
17896,98.23
17896,98.23
17896,98.23
17896,98.23
17896,98.23
17896,98.26
17898,98.54
17898,98.54
17898,98.54
17900,98.59
17913,98.64
17915,98.39
17917,98.63
17921,98.16
17921,98.16
17921,98.16
17921,98.16
17921,98.16
17921,98.16
17925,98.59
17925,98.59
17925,98.59
17925,98.59
17925,98.59
17925,98.59
17934,98.57
17947,97.12
17948,98.57
17949,98.57
17949,98.64
17949,98.64
17949,98.64
17949,98.64
17953,98.35
17953,98.35
17953,98.36
17955,98.46
17955,98.46
17955,98.46
17955,98.54
17955,98.54
17959,98.63
17959,98.63
17959,98.63
17959,98.63
17959,98.63
17962,98.48
17967,98.21
17969,98.37
17969,98.37
17969,98.37
17969,98.37
17969,98.46
17982,98.53
17982,98.53
17982,98.53
17982,98.53
17983,98.63
17983,98.63
17983,98.63
17983,98.63
17983,98.63
17983,98.63
17986,98.51
17986,98.51
17986,98.52
17986,98.52
17989,98.26
17989,98.26
17989,98.30
17989,98.30
17989,98.30
17995,98.34
17995,98.34
17995,98.34
17995,98.34
17995,98.34
17995,98.34
18007,98.38
18007,98.38
18016,97.32
18026,98.39
18035,98.35
18044,98.61
18060,98.63
18060,98.63
18060,98.63
18060,98.63
18060,98.63
18060,98.63
18068,97.50
18071,98.43
18071,98.43
18071,98.43
18071,98.43
18075,98.55
18091,98.18
18091,98.59
18092,98.60
18101,98.31
18101,98.31
18101,98.34
18106,98.02
18106,98.02
18106,98.04
18106,98.04
18106,98.04
18106,98.08
18108,98.26
18108,98.26
18108,98.26
18108,98.26
18108,98.26
18108,98.51
18109,98.39
18109,98.39
18109,98.40
18109,98.40
18109,98.40
18110,98.58
18110,98.58
18110,98.58
18110,98.58
18110,98.58
18131,98.44
18131,98.44
18131,98.44
18132,98.60
18132,98.60
18136,98.54
18153,98.39
18153,98.39
18153,98.39
18153,98.39
18153,98.45
18156,98.61
18156,98.61
18156,98.61
18156,98.61
18156,98.61
18168,98.41
18168,98.41
18168,98.41
18168,98.52
18168,98.62
18168,98.62
18168,98.62
18169,98.54
18169,98.54
18169,98.54
18169,98.54
18169,98.54
18169,98.54
18170,98.62
18170,98.62
18170,98.62
18170,98.62
18170,98.62
18173,98.62
18173,98.62
18173,98.62
18173,98.62
18173,98.62
18176,98.59
18179,98.58
18179,98.62
18188,98.03
18188,98.03
18188,98.03
18188,98.03
18188,98.03
18188,98.09
18193,98.57
18194,98.44
18194,98.44
18194,98.49
18194,98.49
18194,98.51
18194,98.51
18201,98.54
18201,98.54
18201,98.54
18201,98.54
18203,98.42
18212,98.62
18213,98.22
18222,98.42
18233,98.52
18233,98.52
18233,98.52
18233,98.52
18233,98.56
18242,98.49
18250,96.78
18253,97.35
18253,97.35
18253,97.38
18253,97.38
18253,97.38
18253,97.61
18254,98.60
18254,98.60
18254,98.60
18254,98.61
18256,98.48
18262,97.71
18262,97.71
18262,97.71
18262,97.71
18262,97.71
18262,98.55
18262,98.55
18262,98.55
18262,98.55
18262,98.55
18273,98.08
18275,96.08
18275,96.08
18275,96.08
18275,96.08
18275,96.19
18275,96.54
18285,98.55
18285,98.55
18285,98.55
18285,98.55
18285,98.55
18285,98.55
18292,98.53
18294,98.07
18294,98.07
18294,98.07
18294,98.07
18294,98.07
18294,98.07
18297,98.61
18297,98.61
18297,98.61
18297,98.61
18302,98.51
18302,98.51
18302,98.51
18302,98.51
18302,98.58
18307,97.87
18312,98.41
18315,98.44
18315,98.44
18315,98.44
18315,98.44
18315,98.44
18321,97.96
18321,97.96
18321,97.97
18321,97.97
18321,97.97
18321,98.06
18328,98.30
18328,98.30
18328,98.30
18328,98.30
18328,98.37
18328,98.52
18335,98.61
18335,98.61
18335,98.61
18335,98.61
18335,98.61
18335,98.61
18339,98.47
18339,98.47
18339,98.47
18339,98.47
18339,98.47
18339,98.52
18342,97.90
18342,97.90
18342,97.92
18342,97.92
18342,97.93
18342,98.04
18346,98.40
18371,98.14
18373,98.60
18375,98.02
18383,98.48
18384,97.93
18393,98.26
18404,98.39
18404,98.40
18404,98.40
18410,98.30
18419,98.37
18425,98.60
18426,98.52
18426,98.52
18430,98.54
18430,98.54
18436,98.30
18439,98.31
18439,98.60
18439,98.60
18439,98.60
18439,98.60
18439,98.60
18440,98.45
18440,98.50
18444,98.60
18444,98.60
18444,98.60
18444,98.60
18444,98.60
18444,98.60
18446,98.51
18446,98.51
18446,98.51
18446,98.51
18446,98.57
18452,98.43
18452,98.43
18452,98.48
18452,98.48
18452,98.50
18460,98.60
18460,98.60
18460,98.60
18460,98.60
18460,98.60
18460,98.60
18468,98.60
18469,98.59
18471,98.53
18471,98.53
18471,98.53
18473,98.54
18473,98.54
18473,98.54
18473,98.54
18483,98.31
18483,98.31
18483,98.31
18483,98.31
18483,98.31
18483,98.32
18486,98.31
18486,98.59
18489,98.53
18489,98.53
18489,98.57
18489,98.57
18489,98.57
18490,98.48
18490,98.48
18490,98.48
18492,98.59
18495,97.18
18495,98.26
18495,98.26
18495,98.26
18495,98.26
18497,98.22
18497,98.59
18497,98.59
18497,98.59
18497,98.59
18500,98.59
18500,98.59
18500,98.59
18500,98.59
18500,98.59
18502,98.43
18502,98.43
18502,98.43
18502,98.43
18502,98.43
18502,98.56
18503,98.20
18504,98.59
18506,96.93
18506,98.59
18506,98.59
18506,98.59
18506,98.59
18506,98.59
18509,96.57
18509,96.57
18509,96.57
18509,96.57
18509,96.57
18509,98.57
18510,98.48
18510,98.48
18510,98.52
18510,98.52
18510,98.52
18532,96.47
18532,96.47
18532,96.47
18532,96.47
18532,96.49
18532,96.79
18535,98.42
18535,98.42
18548,98.56
18570,98.14
18570,98.14
18570,98.16
18570,98.16
18570,98.16
18571,97.68
18571,97.68
18571,97.73
18571,97.73
18571,97.80
18585,98.31
18585,98.31
18585,98.31
18585,98.31
18585,98.31
18590,97.66
18590,97.66
18590,97.66
18590,97.66
18590,97.66
18590,97.66
18594,98.33
18606,98.40
18612,98.51
18612,98.51
18612,98.51
18612,98.51
18612,98.51
18614,98.55
18615,98.48
18615,98.48
18618,98.58
18618,98.58
18618,98.58
18618,98.58
18618,98.58
18618,98.58
18619,98.41
18619,98.41
18619,98.41
18619,98.41
18619,98.41
18620,98.58
18620,98.58
18629,98.58
18630,98.05
18630,98.05
18630,98.05
18630,98.07
18630,98.23
18637,98.37
18637,98.37
18637,98.42
18637,98.42
18637,98.42
18637,98.47
18639,98.54
18639,98.54
18639,98.54
18639,98.54
18639,98.54
18642,98.58
18647,98.37
18647,98.37
18651,98.49
18652,98.58
18652,98.58
18652,98.58
18652,98.58
18652,98.58
18652,98.58
18653,97.86
18657,97.87
18657,97.88
18657,97.89
18657,97.98
18662,97.86
18662,97.86
18664,98.50
18664,98.50
18664,98.50
18664,98.50
18664,98.54
18664,98.57
18665,98.23
18673,98.24
18679,98.46
18679,98.46
18679,98.52
18679,98.52
18680,98.58
18688,98.32
18691,97.65
18691,97.65
18691,97.67
18691,97.67
18691,97.67
18691,97.79
18693,98.53
18698,98.51
18705,98.29
18705,98.29
18705,98.34
18705,98.34
18705,98.46
18707,98.54
18716,98.56
18716,98.56
18718,97.94
18718,97.94
18718,97.94
18718,97.94
18718,98.18
18718,98.44
18722,98.58
18764,98.51
18771,98.32
18772,98.57
18775,98.50
18777,98.31
18777,98.31
18780,98.20
18780,98.33
18780,98.33
18780,98.33
18780,98.34
18789,98.33
18789,98.33
18789,98.34
18789,98.34
18797,98.57
18797,98.57
18797,98.57
18797,98.57
18797,98.57
18797,98.57
18807,98.38
18807,98.38
18807,98.41
18807,98.41
18807,98.41
18808,98.28
18809,98.48
18809,98.48
18809,98.48
18809,98.48
18809,98.48
18816,98.49
18816,98.49
18816,98.50
18816,98.50
18816,98.50
18816,98.52
18820,98.57
18820,98.57
18820,98.57
18820,98.57
18820,98.57
18828,98.13
18842,98.28
18842,98.28
18842,98.36
18842,98.46
18848,98.37
18848,98.37
18859,98.54
18859,98.54
18859,98.54
18859,98.54
18865,98.35
18870,97.44
18870,97.44
18870,97.44
18870,97.44
18870,97.86
18881,97.86
18881,97.86
18881,97.86
18881,97.86
18881,98.20
18885,98.56
18885,98.56
18885,98.56
18885,98.56
18885,98.56
18885,98.56
18890,98.49
18898,98.28
18919,98.37
18919,98.56
18919,98.56
18919,98.56
18919,98.56
18919,98.56
18919,98.56
18920,98.37
18920,98.37
18920,98.37
18920,98.37
18920,98.37
18920,98.37
18926,98.39
18940,98.56
18942,98.34
18942,98.46
18942,98.46
18942,98.46
18942,98.46
18942,98.46
18942,98.46
18951,98.44
18957,98.52
18957,98.52
18957,98.56
18963,98.41
18967,98.56
18976,97.92
18983,98.39
18983,98.39
18983,98.39
18983,98.39
18983,98.39
18983,98.40
18984,98.23
18984,98.23
18987,98.56
18987,98.56
18991,98.15
18991,98.23
18996,98.56
18996,98.56
18996,98.56
18996,98.56
18996,98.56
18996,98.56
18998,98.23
19002,98.42
19009,98.37
19011,98.33
19011,98.33
19011,98.33
19011,98.33
19011,98.35
19014,93.54
19014,93.54
19014,93.54
19014,93.54
19014,94.63
19014,98.09
19015,98.27
19016,98.25
19016,98.25
19022,97.50
19022,97.50
19022,97.50
19022,97.50
19022,97.50
19022,98.16
19027,98.24
19030,98.42
19030,98.42
19030,98.42
19030,98.42
19030,98.42
19035,98.32
19035,98.32
19035,98.32
19035,98.32
19035,98.32
19035,98.32
19046,98.55
19047,98.21
19047,98.21
19047,98.21
19047,98.21
19047,98.21
19047,98.27
19058,98.12
19062,98.24
19062,98.24
19062,98.24
19062,98.24
19062,98.24
19062,98.28
19064,98.43
19064,98.43
19064,98.43
19066,98.55
19066,98.55
19066,98.55
19066,98.55
19066,98.55
19066,98.55
19067,98.44
19068,98.20
19068,98.20
19068,98.20
19068,98.20
19068,98.23
19068,98.23
19072,98.37
19075,98.22
19081,98.48
19081,98.48
19081,98.48
19081,98.48
19081,98.48
19082,98.55
19082,98.55
19108,98.32
19108,98.32
19108,98.32
19108,98.32
19108,98.42
19108,98.42
19108,98.42
19108,98.48
19108,98.48
19108,98.50
19111,97.53
19120,98.55
19120,98.55
19120,98.55
19121,98.46
19121,98.46
19121,98.46
19121,98.46
19126,96.61
19126,96.61
19126,96.61
19126,96.61
19126,96.64
19126,96.87
19131,98.27
19132,98.43
19135,97.97
19143,98.49
19143,98.51
19144,98.31
19146,98.54
19146,98.54
19146,98.54
19146,98.54
19154,98.34
19155,98.45
19161,97.79
19171,98.53
19171,98.53
19171,98.53
19177,98.51
19177,98.51
19177,98.51
19177,98.51
19181,98.33
19181,98.33
19181,98.36
19187,98.14
19196,97.90
19196,97.90
19196,97.91
19196,97.91
19196,98.46
19201,97.79
19202,98.52
19205,98.21
19212,97.20
19212,97.20
19212,97.20
19212,97.20
19212,97.20
19212,97.51
19224,98.11
19224,98.11
19224,98.11
19224,98.11
19224,98.11
19224,98.18
19226,98.54
19228,98.27
19228,98.27
19228,98.28
19228,98.28
19228,98.28
19228,98.30
19241,97.69
19242,97.56
19242,97.56
19242,97.56
19242,97.62
19242,97.71
19260,98.54
19264,98.42
19265,98.39
19265,98.39
19265,98.39
19265,98.39
19265,98.39
19266,98.12
19266,98.12
19266,98.17
19266,98.20
19272,98.52
19278,98.28
19278,98.28
19278,98.28
19278,98.29
19278,98.37
19279,98.53
19281,98.49
19281,98.50
19281,98.51
19283,98.44
19283,98.44
19283,98.44
19283,98.48
19298,98.37
19309,98.35
19309,98.35
19309,98.36
19310,98.24
19310,98.24
19310,98.24
19310,98.24
19310,98.24
19321,98.35
19334,98.27
19334,98.27
19334,98.27
19334,98.27
19334,98.27
19337,98.46
19349,98.53
19360,96.19
19361,97.53
19374,98.48
19374,98.48
19374,98.48
19374,98.48
19374,98.51
19378,98.29
19378,98.29
19378,98.31
19378,98.31
19383,98.46
19386,98.48
19386,98.53
19386,98.53
19386,98.53
19386,98.53
19386,98.53
19388,97.87
19390,97.96
19390,98.04
19390,98.29
19393,98.49
19393,98.49
19393,98.49
19397,98.16
19397,98.16
19397,98.16
19397,98.16
19397,98.16
19438,97.85
19438,97.85
19438,97.85
19438,97.86
19438,97.86
19438,97.96
19440,98.37
19440,98.37
19440,98.37
19440,98.37
19441,98.52
19441,98.52
19441,98.52
19441,98.52
19441,98.52
19444,98.38
19450,98.17
19450,98.17
19450,98.17
19450,98.17
19450,98.17
19450,98.46
19452,97.76
19452,97.76
19452,97.76
19452,97.76
19452,97.76
19452,97.96
19467,98.09
19467,98.09
19467,98.09
19467,98.09
19467,98.10
19472,98.33
19472,98.33
19472,98.33
19472,98.33
19472,98.33
19472,98.33
19475,98.48
19475,98.48
19475,98.52
19480,98.46
19482,97.98
19490,97.36
19490,97.36
19490,97.36
19490,97.36
19490,97.36
19490,97.36
19491,98.13
19491,98.13
19491,98.13
19491,98.13
19494,97.13
19503,98.52
19503,98.52
19503,98.52
19503,98.52
19506,97.85
19506,97.85
19506,97.85
19506,97.85
19506,97.85
19506,97.87
19508,98.38
19512,98.52
19512,98.52
19512,98.52
19512,98.52
19512,98.52
19518,98.52
19518,98.52
19533,98.51
19540,98.28
19540,98.28
19540,98.28
19540,98.28
19540,98.28
19541,98.51
19552,98.51
19552,98.51
19552,98.51
19552,98.51
19552,98.51
19552,98.51
19558,98.30
19558,98.30
19558,98.30
19561,98.04
19561,98.04
19561,98.04
19561,98.04
19561,98.06
19562,98.51
19562,98.51
19562,98.51
19562,98.51
19562,98.51
19568,98.43
19571,98.26
19574,98.51
19581,98.49
19581,98.49
19581,98.49
19581,98.49
19581,98.51
19582,98.48
19582,98.48
19582,98.48
19582,98.49
19587,98.38
19591,98.38
19591,98.38
19591,98.38
19591,98.38
19593,98.48
19599,97.84
19600,98.34
19602,98.48
19602,98.48
19602,98.48
19602,98.48
19602,98.51
19609,98.51
19609,98.51
19609,98.51
19609,98.51
19609,98.51
19614,98.51
19626,98.47
19626,98.47
19626,98.47
19626,98.47
19626,98.47
19628,96.02
19628,96.02
19628,96.02
19628,96.02
19628,96.02
19631,98.24
19631,98.51
19631,98.51
19631,98.51
19631,98.51
19638,97.93
19638,98.34
19643,98.48
19643,98.48
19645,98.51
19645,98.51
19645,98.51
19652,98.21
19652,98.21
19652,98.21
19652,98.22
19652,98.27
19652,98.41
19654,98.16
19654,98.16
19654,98.16
19654,98.16
19655,98.30
19655,98.38
19664,98.44
19667,98.50
19667,98.50
19670,98.18
19670,98.18
19670,98.19
19670,98.24
19674,98.44
19678,98.50
19678,98.50
19678,98.50
19678,98.50
19678,98.50
19691,98.44
19700,98.48
19700,98.50
19700,98.50
19700,98.50
19700,98.50
19700,98.50
19705,97.65
19705,97.65
19705,97.65
19705,97.65
19705,97.65
19707,98.39
19716,98.22
19716,98.22
19716,98.22
19716,98.22
19716,98.22
19716,98.25
19717,98.40
19717,98.40
19717,98.44
19717,98.44
19717,98.44
19725,98.22
19725,98.22
19725,98.22
19725,98.22
19725,98.23
19728,98.44
19730,98.30
19730,98.30
19730,98.30
19730,98.30
19730,98.30
19730,98.30
19732,97.38
19732,97.38
19732,97.44
19732,97.44
19732,97.45
19735,98.26
19737,98.30
19737,98.46
19741,98.16
19741,98.50
19741,98.50
19741,98.50
19741,98.50
19741,98.50
19743,97.12
19743,97.12
19743,97.13
19743,97.15
19743,97.18
19743,97.41
19759,97.43
19766,98.46
19766,98.46
19766,98.46
19766,98.46
19766,98.46
19766,98.46
19768,97.12
19768,97.12
19768,97.28
19768,97.28
19768,97.42
19768,97.45
19768,98.50
19779,98.37
19779,98.40
19779,98.40
19779,98.40
19779,98.40
19779,98.43
19779,98.44
19791,98.16
19791,98.16
19791,98.16
19791,98.16
19794,98.49
19795,98.27
19798,98.16
19802,98.45
19804,98.44
19804,98.44
19804,98.44
19804,98.44
19804,98.44
19804,98.44
19814,98.49
19814,98.49
19814,98.49
19814,98.49
19814,98.49
19820,98.22
19820,98.22
19820,98.22
19820,98.22
19820,98.23
19820,98.30
19825,98.32
19825,98.35
19831,98.49
19831,98.49
19831,98.49
19831,98.49
19831,98.49
19831,98.49
19834,98.30
19834,98.30
19834,98.32
19834,98.33
19835,98.46
19835,98.49
19838,98.34
19838,98.34
19838,98.49
19839,98.34
19839,98.38
19839,98.49
19839,98.49
19839,98.49
19839,98.49
19845,98.49
19846,98.49
19849,98.24
19854,98.27
19854,98.27
19854,98.31
19854,98.33
19865,98.49
19865,98.49
19865,98.49
19865,98.49
19865,98.49
19865,98.49
19865,98.49
19869,97.95
19869,97.95
19869,97.95
19869,97.95
19869,97.95
19871,98.49
19871,98.49
19871,98.49
19871,98.49
19871,98.49
19871,98.49
19872,98.41
19881,97.60
19883,98.25
19884,98.17
19884,98.17
19884,98.20
19884,98.22
19888,98.28
19898,97.93
19899,98.49
19899,98.49
19899,98.49
19899,98.49
19899,98.49
19899,98.49
19900,98.13
19900,98.13
19902,98.48
19902,98.48
19902,98.49
19923,98.46
19923,98.46
19923,98.46
19923,98.46
19923,98.46
19924,98.29
19929,97.92
19937,98.48
19937,98.48
19937,98.48
19937,98.48
19937,98.48
19937,98.48
19945,98.48
19946,98.15
19946,98.22
19947,98.31
19949,98.48
19949,98.48
19949,98.48
19949,98.48
19949,98.48
19950,98.48
19950,98.48
19955,98.48
19965,98.41
19965,98.41
19966,98.48
19966,98.48
19966,98.48
19966,98.48
19966,98.48
19971,98.48
19975,96.87
19975,96.87
19975,96.87
19975,96.89
19975,96.92
19975,97.13
19975,98.08
19975,98.08
19975,98.08
19975,98.08
19975,98.09
19975,98.10
19975,98.36
19975,98.36
19975,98.36
19975,98.36
19975,98.36
19980,96.58
19990,98.48
19990,98.48
19990,98.48
19990,98.48
19995,98.17
19995,98.17
19995,98.26
19995,98.26
19995,98.26
19995,98.28
19995,98.48
19997,98.28
20000,98.27
20000,98.27
20000,98.29
20000,98.33
20007,97.16
20007,97.16
20007,97.16
20007,97.16
20007,97.17
20007,98.42
20007,98.46
20007,98.48
20007,98.48
20007,98.48
20007,98.48
20007,98.48
20007,98.48
20007,98.48
20007,98.48
20007,98.48
20008,98.37
20008,98.37
20015,96.74
20015,96.74
20015,96.79
20015,96.80
20015,96.91
20015,97.12
20022,98.26
20022,98.46
20022,98.48
20022,98.48
20024,98.41
20024,98.41
20024,98.41
20024,98.41
20024,98.41
20024,98.41
20028,98.45
20034,98.37
20034,98.46
20034,98.47
20034,98.47
20034,98.47
20034,98.47
20035,98.37
20035,98.40
20035,98.40
20035,98.40
20035,98.40
20035,98.42
20037,98.37
20039,98.41
20039,98.41
20039,98.41
20039,98.41
20039,98.41
20039,98.41
20044,98.25
20044,98.25
20044,98.25
20044,98.33
20048,98.43
20053,98.41
20053,98.41
20060,98.47
20060,98.47
20060,98.47
20060,98.47
20060,98.47
20066,98.32
20066,98.32
20066,98.32
20066,98.33
20069,98.26
20069,98.26
20072,98.47
20080,97.73
20080,97.73
20080,97.73
20080,97.73
20080,97.73
20080,98.35
20097,98.28
20101,98.29
20130,96.99
20130,98.18
20130,98.18
20130,98.18
20130,98.18
20130,98.18
20132,97.89
20132,97.89
20132,97.89
20132,97.89
20132,97.89
20132,98.23
20139,98.24
20153,98.43
20153,98.43
20153,98.43
20153,98.43
20153,98.44
20153,98.47
20153,98.47
20153,98.47
20153,98.47
20153,98.47
20160,98.26
20164,98.22
20165,98.21
20166,98.06
20166,98.06
20166,98.06
20166,98.06
20166,98.06
20166,98.27
20173,98.47
20174,98.26
20174,98.30
20174,98.30
20174,98.30
20174,98.30
20176,98.22
20177,98.47
20177,98.47
20177,98.47
20177,98.47
20177,98.47
20177,98.47
20184,97.57
20184,97.57
20184,97.57
20184,97.57
20184,97.57
20184,97.62
20191,98.08
20191,98.08
20191,98.08
20191,98.08
20191,98.08
20197,98.35
20197,98.35
20197,98.35
20197,98.35
20197,98.35
20197,98.35
20199,98.46
20199,98.46
20199,98.46
20199,98.46
20199,98.46
20201,98.22
20201,98.22
20201,98.22
20201,98.22
20201,98.22
20205,97.08
20205,97.08
20205,97.08
20205,97.08
20205,97.14
20211,98.14
20211,98.46
20211,98.46
20211,98.46
20211,98.46
20215,98.09
20216,98.45
20216,98.45
20216,98.45
20222,97.44
20222,97.44
20222,97.44
20222,97.44
20222,97.44
20224,98.37
20224,98.37
20224,98.37
20224,98.37
20224,98.37
20224,98.37
20230,97.66
20231,97.70
20231,97.70
20231,97.72
20231,97.72
20231,97.76
20233,97.09
20239,98.27
20239,98.27
20239,98.27
20239,98.27
20239,98.37
20248,98.28
20248,98.32
20248,98.34
20249,98.44
20252,97.69
20252,97.69
20252,97.71
20252,97.71
20252,97.73
20254,98.04
20255,98.42
20264,98.23
20264,98.23
20264,98.23
20264,98.23
20264,98.27
20264,98.40
20268,97.65
20268,97.65
20268,97.65
20268,97.65
20268,97.65
20268,97.65
20268,98.12
20269,98.35
20269,98.35
20269,98.35
20269,98.35
20285,97.71
20290,98.46
20291,98.32
20292,98.27
20292,98.27
20292,98.27
20293,98.46
20296,98.16
20296,98.16
20296,98.17
20296,98.20
20299,97.98
20299,97.98
20299,97.99
20299,98.01
20299,98.05
20299,98.08
20300,98.09
20300,98.09
20300,98.10
20300,98.10
20300,98.10
20300,98.14
20301,98.44
20305,98.46
20305,98.46
20305,98.46
20305,98.46
20312,98.46
20312,98.46
20312,98.46
20312,98.46
20312,98.46
20312,98.46
20316,98.11
20316,98.11
20316,98.11
20316,98.11
20316,98.11
20316,98.20
20317,98.30
20317,98.30
20317,98.46
20317,98.46
20317,98.46
20317,98.46
20317,98.46
20317,98.46
20318,98.19
20318,98.19
20318,98.19
20318,98.19
20318,98.19
20318,98.19
20320,97.39
20320,97.39
20320,97.40
20320,97.42
20320,97.42
20320,97.57
20322,98.25
20322,98.25
20322,98.25
20322,98.25
20322,98.25
20323,98.45
20332,98.28
20332,98.28
20332,98.28
20332,98.28
20332,98.28
20335,98.35
20335,98.35
20343,97.39
20345,98.45
20348,97.99
20348,97.99
20348,98.00
20348,98.00
20348,98.00
20349,98.40
20349,98.40
20356,98.11
20356,98.11
20356,98.13
20356,98.13
20356,98.24
20370,98.45
20370,98.45
20370,98.45
20370,98.45
20370,98.45
20370,98.45
20379,98.45
20379,98.45
20379,98.45
20379,98.45
20379,98.45
20415,98.32
20422,98.45
20422,98.45
20422,98.45
20422,98.45
20422,98.45
20436,98.36
20436,98.36
20436,98.36
20436,98.36
20436,98.36
20436,98.36
20438,97.11
20438,97.11
20438,97.11
20438,97.11
20438,97.12
20438,97.17
20439,98.42
20447,98.45
20454,98.30
20456,98.44
20456,98.44
20456,98.44
20456,98.44
20457,98.36
20457,98.36
20457,98.36
20457,98.36
20457,98.36
20457,98.40
20457,98.40
20461,98.37
20507,98.09
20507,98.09
20507,98.09
20507,98.09
20507,98.22
20507,98.22
20512,98.21
20512,98.24
20512,98.27
20517,98.16
20517,98.16
20517,98.16
20517,98.16
20517,98.16
20517,98.24
20519,98.44
20519,98.44
20519,98.44
20519,98.44
20522,96.38
20522,96.38
20522,96.39
20522,96.39
20522,96.52
20522,98.25
20522,98.25
20522,98.29
20537,98.37
20537,98.37
20537,98.37
20537,98.37
20537,98.39
20541,97.99
20548,98.44
20549,98.42
20553,98.44
20557,98.41
20557,98.41
20557,98.41
20557,98.41
20557,98.41
20568,98.32
20568,98.32
20571,98.39
20571,98.39
20571,98.39
20571,98.39
20571,98.39
20571,98.39
20585,98.30
20593,98.43
20597,98.43
20597,98.43
20597,98.43
20597,98.43
20597,98.43
20597,98.43
20598,98.43
20608,98.25
20608,98.25
20608,98.26
20608,98.26
20608,98.27
20608,98.32
20609,98.31
20609,98.31
20617,98.43
20617,98.43
20617,98.43
20617,98.43
20617,98.43
20624,98.36
20625,98.41
20625,98.41
20625,98.41
20625,98.41
20625,98.41
20630,98.14
20630,98.43
20649,97.66
20649,97.66
20649,97.67
20649,97.67
20649,97.67
20649,97.79
20652,98.43
20659,98.22
20664,98.35
20664,98.40
20664,98.40
20664,98.40
20667,98.43
20667,98.43
20667,98.43
20667,98.43
20667,98.43
20667,98.43
20677,98.43
20677,98.43
20677,98.43
20677,98.43
20677,98.43
20679,98.27
20679,98.27
20679,98.28
20682,98.07
20682,98.43
20707,98.43
20707,98.43
20707,98.43
20707,98.43
20707,98.43
20707,98.43
20713,98.26
20713,98.26
20713,98.26
20713,98.26
20713,98.26
20713,98.26
20714,98.35
20714,98.35
20717,98.42
20723,97.96
20723,97.96
20723,97.96
20723,97.96
20723,97.96
20723,98.10
20723,98.10
20723,98.13
20725,98.29
20731,97.89
20750,97.82
20750,98.04
20751,98.42
20754,98.23
20754,98.23
20754,98.23
20757,96.83
20758,98.42
20758,98.42
20758,98.42
20758,98.42
20758,98.42
20761,98.39
20761,98.39
20761,98.39
20761,98.40
20761,98.40
20761,98.40
20773,98.25
20773,98.25
20773,98.32
20773,98.42
20773,98.42
20787,98.42
20787,98.42
20787,98.42
20787,98.42
20787,98.42
20787,98.42
20794,98.12
20794,98.12
20798,98.42
20798,98.42
20798,98.42
20798,98.42
20798,98.42
20798,98.42
20799,98.42
20799,98.42
20799,98.42
20799,98.42
20801,98.42
20801,98.42
20801,98.42
20801,98.42
20801,98.42
20814,98.39
20823,98.22
20823,98.22
20823,98.28
20823,98.28
20823,98.29
20823,98.40
20825,98.38
20827,98.23
20827,98.23
20827,98.23
20827,98.23
20827,98.23
20830,98.11
20834,98.24
20834,98.24
20837,98.28
20843,97.94
20843,97.94
20843,97.94
20843,97.94
20846,98.21
20854,97.54
20854,97.54
20854,97.54
20854,97.54
20854,97.54
20859,98.41
20859,98.41
20859,98.41
20859,98.41
20859,98.41
20859,98.41
20865,98.15
20867,96.89
20876,98.41
20876,98.41
20876,98.41
20876,98.41
20876,98.41
20876,98.41
20885,98.41
20885,98.41
20885,98.41
20887,98.11
20887,98.11
20887,98.12
20887,98.12
20887,98.13
20895,98.37
20895,98.37
20895,98.37
20895,98.37
20895,98.39
20897,97.64
20897,98.27
20897,98.27
20897,98.27
20897,98.27
20897,98.27
20899,98.41
20899,98.41
20899,98.41
20899,98.41
20899,98.41
20900,97.89
20900,97.89
20900,97.89
20900,97.89
20900,97.93
20921,98.24
20921,98.24
20921,98.24
20921,98.24
20921,98.24
20925,98.27
20925,98.41
20925,98.41
20925,98.41
20925,98.41
20925,98.41
20926,98.21
20927,98.41
20927,98.41
20927,98.41
20927,98.41
20927,98.41
20930,98.41
20930,98.41
20930,98.41
20930,98.41
20930,98.41
20934,98.31
20936,98.31
20940,98.11
20959,98.24
20961,98.02
20961,98.02
20961,98.02
20961,98.02
20961,98.02
20977,98.40
20977,98.40
20977,98.40
20977,98.40
20977,98.40
20982,98.40
20984,98.22
20984,98.38
20984,98.38
20984,98.38
20987,97.61
20992,98.17
20992,98.17
20997,97.67
20998,98.23
20998,98.23
20998,98.23
20998,98.27
21014,98.06
21014,98.06
21014,98.25
21014,98.25
21017,98.06
21017,98.06
21017,98.06
21017,98.06
21017,98.06
21017,98.14
21017,98.24
21028,98.18
21033,97.55
21034,98.33
21035,97.62
21036,97.94
21036,97.94
21036,97.94
21036,97.94
21036,97.94
21036,97.99
21041,98.22
21041,98.22
21041,98.22
21041,98.22
21041,98.22
21045,98.13
21049,98.40
21049,98.40
21049,98.40
21049,98.40
21049,98.40
21052,98.37
21052,98.37
21052,98.37
21052,98.37
21052,98.37
21052,98.37
21054,98.34
21054,98.34
21061,98.28
21070,97.93
21070,97.93
21070,97.96
21070,97.99
21070,97.99
21088,97.40
21088,97.40
21088,97.40
21088,97.40
21088,97.40
21088,97.94
21093,98.40
21093,98.40
21093,98.40
21093,98.40
21093,98.40
21099,98.40
21099,98.40
21099,98.40
21099,98.40
21099,98.40
21099,98.40
21104,98.23
21114,98.34
21114,98.34
21114,98.34
21114,98.34
21119,98.18
21119,98.18
21119,98.20
21132,98.21
21132,98.21
21132,98.21
21132,98.21
21132,98.21
21133,98.38
21133,98.38
21133,98.38
21133,98.38
21133,98.38
21134,98.01
21134,98.01
21134,98.06
21137,98.25
21141,98.32
21141,98.32
21142,98.39
21142,98.39
21142,98.39
21142,98.39
21148,98.31
21160,97.23
21160,97.23
21160,97.28
21160,97.31
21160,97.33
21160,97.44
21169,98.30
21169,98.30
21169,98.30
21169,98.30
21169,98.30
21169,98.34
21173,98.16
21173,98.16
21173,98.25
21179,98.39
21179,98.39
21179,98.39
21179,98.39
21179,98.39
21179,98.39
21182,98.39
21182,98.39
21187,96.89
21187,96.89
21187,96.94
21187,96.94
21187,97.02
21187,97.18
21188,98.03
21188,98.03
21188,98.04
21192,97.94
21192,97.94
21192,97.94
21192,97.94
21192,97.94
21193,98.30
21196,98.03
21201,98.22
21201,98.22
21201,98.22
21201,98.22
21201,98.22
21201,98.22
21208,98.39
21208,98.39
21208,98.39
21208,98.39
21208,98.39
21208,98.39
21209,98.22
21224,98.39
21224,98.39
21225,97.82
21225,97.82
21225,97.82
21225,97.82
21225,97.82
21226,98.39
21226,98.39
21226,98.39
21226,98.39
21226,98.39
21226,98.39
21227,98.27
21229,97.96
21229,97.96
21229,97.96
21229,97.96
21229,97.96
21229,98.09
21229,98.21
21229,98.21
21229,98.22
21230,98.14
21230,98.14
21230,98.14
21230,98.14
21230,98.14
21231,97.46
21231,97.46
21231,97.52
21231,97.54
21231,97.55
21231,97.65
21253,98.31
21255,98.14
21266,98.00
21274,98.38
21274,98.38
21274,98.38
21274,98.38
21274,98.38
21276,97.57
21276,97.57
21276,97.58
21276,97.58
21276,97.59
21276,97.75
21289,97.73
21289,97.73
21289,97.73
21289,97.73
21289,97.73
21289,97.74
21292,97.96
21297,97.76
21297,97.76
21297,97.76
21297,97.76
21297,97.76
21302,97.91
21302,97.91
21302,97.91
21302,97.92
21302,97.92
21313,98.11
21313,98.11
21313,98.12
21313,98.19
21313,98.22
21340,98.38
21340,98.38
21340,98.38
21340,98.38
21340,98.38
21343,98.31
21343,98.31
21347,98.11
21348,97.68
21348,97.68
21348,97.68
21348,97.69
21348,97.69
21348,97.69
21351,98.08
21351,98.08
21351,98.13
21351,98.13
21351,98.21
21372,98.37
21372,98.37
21372,98.37
21372,98.37
21372,98.37
21372,98.37
21377,98.16
21382,98.02
21382,98.02
21390,98.09
21390,98.09
21390,98.30
21394,98.12
21394,98.12
21394,98.27
21394,98.27
21394,98.27
21394,98.36
21411,98.35
21431,98.02
21431,98.34
21436,96.99
21439,98.37
21439,98.37
21439,98.37
21439,98.37
21447,98.29
21447,98.29
21447,98.29
21447,98.29
21447,98.37
21449,98.32
21449,98.37
21449,98.37
21449,98.37
21449,98.37
21449,98.37
21461,96.73
21462,98.29
21462,98.29
21462,98.29
21462,98.29
21476,97.49
21476,97.49
21476,97.49
21476,97.49
21476,97.49
21476,97.80
21483,98.02
21484,98.37
21485,97.89
21485,97.89
21485,97.94
21485,98.01
21487,98.37
21487,98.37
21487,98.37
21493,98.29
21503,98.02
21512,97.69
21512,97.69
21512,97.69
21512,97.69
21512,97.71
21512,97.81
21513,98.20
21521,98.28
21521,98.28
21521,98.28
21521,98.28
21521,98.28
21521,98.28
21521,98.36
21521,98.36
21521,98.36
21524,98.05
21537,97.31
21537,97.31
21537,97.31
21537,97.31
21537,97.31
21537,97.50
21544,98.07
21551,97.93
21551,97.93
21551,97.93
21551,97.93
21551,97.93
21551,97.99
21559,98.13
21559,98.13
21559,98.14
21559,98.14
21565,98.21
21565,98.21
21565,98.21
21565,98.21
21565,98.21
21565,98.21
21566,97.53
21566,97.53
21566,97.53
21566,97.53
21566,97.53
21566,97.69
21574,98.21
21574,98.21
21574,98.21
21574,98.21
21574,98.21
21580,98.02
21586,98.13
21586,98.13
21586,98.13
21586,98.13
21586,98.13
21590,97.60
21590,97.60
21590,97.61
21590,97.61
21590,97.61
21590,97.72
21593,98.29
21593,98.29
21593,98.29
21593,98.29
21593,98.29
21602,97.33
21619,98.36
21619,98.36
21619,98.36
21619,98.36
21619,98.36
21619,98.36
21631,98.25
21631,98.25
21636,98.35
21636,98.35
21647,97.90
21653,98.23
21653,98.23
21674,98.31
21674,98.31
21700,98.35
21700,98.35
21700,98.35
21700,98.35
21700,98.35
21700,98.35
21701,98.35
21716,98.29
21717,98.35
21717,98.35
21717,98.35
21717,98.35
21717,98.35
21724,98.35
21724,98.35
21725,98.10
21729,98.17
21729,98.21
21729,98.21
21730,98.31
21730,98.31
21730,98.31
21730,98.31
21730,98.31
21731,98.30
21731,98.30
21747,95.81
21747,95.81
21747,95.82
21747,95.82
21747,95.98
21747,96.25
21748,98.16
21748,98.16
21748,98.16
21748,98.16
21748,98.16
21748,98.16
21749,98.09
21749,98.09
21749,98.09
21749,98.09
21765,98.33
21765,98.33
21765,98.33
21765,98.33
21765,98.33
21765,98.33
21773,98.14
21773,98.15
21775,98.06
21779,98.15
21779,98.15
21779,98.15
21779,98.15
21779,98.15
21779,98.30
21780,97.64
21789,97.75
21792,98.28
21792,98.28
21792,98.28
21792,98.28
21792,98.28
21795,98.20
21803,98.10
21803,98.21
21803,98.21
21804,98.29
21807,98.20
21825,97.76
21825,97.76
21825,97.78
21825,97.80
21825,97.82
21825,97.96
21827,97.17
21827,97.17
21827,97.17
21827,97.19
21827,97.23
21827,97.44
21828,98.13
21828,98.13
21828,98.26
21828,98.29
21842,97.98
21855,97.96
21861,98.29
21863,98.17
21891,98.34
21891,98.34
21891,98.34
21891,98.34
21891,98.34
21900,98.09
21900,98.09
21910,97.79
21910,97.79
21919,96.96
21919,96.96
21919,96.96
21919,96.96
21919,97.17
21919,97.30
21932,98.33
21935,98.33
21939,98.14
21947,98.17
21954,98.24
21956,98.25
21956,98.33
21956,98.33
21956,98.33
21956,98.33
21956,98.33
21958,97.24
21963,98.32
21963,98.32
21963,98.32
21963,98.32
21963,98.32
21963,98.32
21967,98.21
21980,97.87
21980,97.87
21981,98.27
21981,98.27
21981,98.27
21981,98.27
21981,98.29
21992,98.33
21993,97.34
22004,97.83
22004,97.83
22004,97.84
22015,97.55
22026,98.06
22026,98.06
22026,98.06
22026,98.06
22026,98.06
22033,98.30
22033,98.30
22033,98.30
22034,98.26
22042,98.05
22042,98.05
22042,98.07
22055,97.39
22055,98.32
22055,98.32
22055,98.32
22055,98.32
22055,98.32
22065,98.08
22067,98.21
22067,98.21
22069,98.06
22069,98.27
22069,98.27
22069,98.27
22069,98.27
22069,98.27
22069,98.32
22094,98.20
22102,98.14
22102,98.14
22102,98.14
22102,98.15
22112,98.20
22117,97.94
22117,97.94
22117,97.94
22117,97.94
22117,98.05
22132,98.32
22132,98.32
22132,98.32
22132,98.32
22132,98.32
22132,98.32
22144,98.01
22156,97.68
22158,74.84
22158,96.38
22158,97.86
22158,97.86
22158,97.86
22158,97.86
22159,98.12
22173,97.78
22182,98.31
22183,97.94
22186,98.05
22186,98.05
22186,98.05
22186,98.05
22186,98.05
22186,98.05
22196,96.35
22196,96.35
22196,96.58
22196,96.58
22196,96.58
22196,96.58
22196,98.19
22196,98.19
22196,98.22
22196,98.22
22196,98.31
22204,98.19
22205,98.19
22208,98.04
22224,98.25
22224,98.25
22224,98.25
22224,98.25
22224,98.25
22230,97.78
22230,97.78
22230,97.78
22230,97.78
22230,97.78
22236,98.02
22236,98.08
22241,97.69
22241,97.69
22241,97.73
22241,97.73
22241,97.73
22241,97.87
22244,98.03
22245,98.31
22245,98.31
22245,98.31
22245,98.31
22245,98.31
22256,98.31
22256,98.31
22256,98.31
22256,98.31
22256,98.31
22256,98.31
22259,98.13
22263,98.31
22266,96.62
22267,98.17
22270,98.13
22272,98.08
22272,98.08
22279,98.20
22283,98.31
22289,98.09
22289,98.09
22289,98.09
22289,98.09
22289,98.12
22291,98.13
22291,98.13
22291,98.16
22292,97.38
22292,97.38
22292,97.38
22292,97.38
22292,97.38
22306,97.97
22306,97.97
22306,97.97
22306,97.97
22311,97.85
22318,97.89
22323,98.17
22323,98.17
22323,98.17
22323,98.17
22333,96.01
22333,98.30
22334,98.30
22334,98.30
22334,98.30
22334,98.30
22334,98.30
22335,98.30
22335,98.30
22335,98.30
22335,98.30
22336,98.20
22336,98.22
22336,98.22
22342,97.96
22346,98.30
22346,98.30
22346,98.30
22346,98.30
22346,98.30
22346,98.30
22365,97.80
22365,97.80
22365,97.80
22385,98.27
22387,98.30
22396,97.85
22396,97.85
22396,97.85
22396,97.85
22396,97.86
22396,97.96
22397,98.13
22397,98.13
22397,98.13
22397,98.13
22397,98.13
22397,98.13
22403,98.16
22403,98.16
22403,98.16
22403,98.16
22404,97.70
22404,98.08
22415,96.96
22419,98.30
22419,98.30
22419,98.30
22419,98.30
22419,98.30
22419,98.30
22446,97.87
22446,97.87
22446,97.87
22446,97.87
22446,97.87
22446,98.29
22446,98.29
22446,98.29
22446,98.29
22446,98.29
22446,98.29
22449,97.76
22449,97.76
22449,97.76
22449,97.76
22449,97.76
22449,97.84
22454,97.91
22454,97.91
22454,97.91
22454,97.91
22454,98.04
22456,98.11
22458,97.73
22458,98.08
22458,98.08
22458,98.09
22458,98.09
22458,98.16
22476,98.29
22476,98.29
22483,98.14
22483,98.14
22483,98.14
22483,98.14
22483,98.14
22483,98.23
22485,97.97
22499,98.29
22500,98.29
22503,98.22
22503,98.22
22503,98.22
22503,98.22
22504,97.81
22505,98.20
22505,98.20
22505,98.21
22520,98.22
22520,98.29
22520,98.29
22524,98.17
22524,98.29
22524,98.29
22524,98.29
22524,98.29
22524,98.29
22524,98.29
22529,97.89
22529,97.89
22529,97.98
22535,98.03
22535,98.03
22535,98.09
22535,98.12
22535,98.14
22540,98.27
22540,98.27
22540,98.27
22540,98.27
22540,98.27
22549,98.20
22555,98.04
22560,97.75
22560,97.75
22560,97.75
22560,97.75
22560,97.75
22560,97.75
22563,98.24
22567,97.56
22567,97.56
22567,97.56
22567,97.60
22567,97.60
22567,97.99
22570,98.28
22570,98.28
22570,98.28
22570,98.28
22570,98.28
22580,98.28
22580,98.28
22580,98.28
22580,98.28
22580,98.28
22580,98.28
22589,98.28
22589,98.28
22589,98.28
22589,98.28
22589,98.28
22592,98.23
22635,98.20
22636,97.75
22645,97.95
22645,97.95
22646,98.28
22649,97.98
22652,98.28
22652,98.28
22654,97.60
22656,98.07
22675,97.50
22676,98.02
22676,98.02
22676,98.02
22679,98.04
22686,98.20
22686,98.20
22686,98.20
22686,98.20
22686,98.20
22688,98.17
22688,98.17
22688,98.17
22688,98.17
22688,98.17
22698,98.22
22698,98.27
22698,98.27
22698,98.27
22708,97.70
22708,97.70
22708,97.70
22708,97.70
22708,97.70
22709,98.27
22715,98.27
22715,98.27
22723,98.18
22723,98.18
22723,98.27
22723,98.27
22736,98.18
22741,97.64
22741,97.64
22741,97.64
22741,97.64
22741,97.64
22741,97.81
22752,97.87
22752,97.87
22752,97.87
22752,97.87
22752,97.87
22752,98.02
22763,98.27
22763,98.27
22763,98.27
22767,98.27
22767,98.27
22767,98.27
22767,98.27
22767,98.27
22774,98.27
22774,98.27
22774,98.27
22774,98.27
22774,98.27
22782,97.96
22787,98.27
22787,98.27
22787,98.27
22787,98.27
22787,98.27
22787,98.27
22810,98.27
22812,98.23
22817,97.86
22817,97.86
22818,98.26
22821,97.86
22821,97.86
22821,97.86
22821,97.86
22821,97.86
22821,97.86
22826,97.64
22826,97.64
22826,97.64
22826,97.64
22826,97.72
22828,97.75
22828,97.75
22835,98.26
22835,98.26
22835,98.26
22835,98.26
22835,98.26
22836,97.97
22852,98.18
22852,98.20
22852,98.20
22852,98.20
22852,98.20
22852,98.20
22861,97.25
22861,97.25
22861,97.25
22861,97.25
22861,97.25
22861,97.25
22861,97.70
22861,97.70
22861,97.70
22861,97.70
22861,97.70
22861,97.70
22869,98.08
22870,98.19
22871,98.26
22871,98.26
22878,98.19
22878,98.19
22878,98.19
22878,98.19
22878,98.19
22878,98.26
22880,98.17
22880,98.17
22880,98.17
22880,98.17
22880,98.17
22880,98.17
22889,97.08
22889,97.08
22889,97.08
22889,97.08
22889,97.17
22893,97.32
22893,97.32
22893,97.35
22893,97.35
22893,97.51
22893,97.69
22899,98.26
22900,98.26
22900,98.26
22900,98.26
22905,97.48
22908,98.13
22908,98.13
22908,98.13
22908,98.13
22908,98.13
22919,98.19
22919,98.19
22919,98.19
22930,97.36
22930,97.36
22930,97.41
22930,97.41
22930,97.44
22937,98.21
22939,97.44
22939,97.44
22939,97.44
22939,97.44
22943,97.92
22945,97.44
22945,97.44
22945,97.48
22945,97.48
22945,97.48
22945,97.62
22945,98.26
22945,98.26
22945,98.26
22945,98.26
22945,98.26
22945,98.26
22947,97.55
22947,97.55
22947,97.72
22952,98.25
22952,98.25
22952,98.25
22952,98.25
22952,98.25
22952,98.25
22961,98.02
22961,98.02
22961,98.02
22961,98.02
22961,98.02
22961,98.11
22964,98.14
22970,98.25
22987,97.99
22987,97.99
22987,98.00
22996,98.17
22996,98.17
22996,98.17
23009,98.25
23015,97.65
23015,97.65
23015,97.83
23015,97.83
23023,97.41
23023,98.25
23023,98.25
23023,98.25
23023,98.25
23023,98.25
23028,97.98
23028,97.98
23028,97.98
23028,97.98
23028,97.98
23028,97.98
23034,98.19
23043,97.99
23067,97.68
23067,97.68
23067,97.68
23067,97.68
23067,97.68
23068,98.00
23081,97.81
23081,97.81
23081,97.81
23081,97.82
23081,97.85
23084,98.24
23089,97.98
23089,97.98
23096,97.02
23096,97.02
23096,97.03
23096,97.03
23096,97.03
23097,98.19
23097,98.19
23100,98.06
23105,96.28
23105,96.28
23105,96.28
23105,96.28
23105,96.28
23106,98.14
23106,98.14
23106,98.14
23106,98.14
23118,96.85
23118,96.85
23118,96.86
23118,96.87
23118,96.99
23118,97.18
23133,98.04
23133,98.04
23137,98.23
23137,98.23
23137,98.23
23137,98.23
23137,98.23
23143,98.01
23143,98.01
23143,98.01
23143,98.01
23143,98.01
23143,98.13
23157,98.24
23157,98.24
23165,98.14
23168,97.70
23174,97.98
23174,97.98
23174,97.99
23174,97.99
23174,98.05
23177,98.24
23177,98.24
23177,98.24
23177,98.24
23177,98.24
23177,98.24
23183,98.17
23183,98.17
23183,98.17
23183,98.22
23183,98.22
23183,98.22
23191,97.59
23191,97.59
23191,97.59
23191,97.59
23191,97.59
23195,98.23
23211,98.20
23220,97.67
23220,97.67
23220,97.67
23220,97.67
23220,97.67
23221,98.23
23221,98.23
23221,98.23
23221,98.23
23221,98.23
23221,98.23
23224,98.14
23224,98.14
23224,98.20
23237,97.48
23237,97.48
23237,97.48
23237,97.48
23237,97.48
23237,97.69
23241,98.23
23241,98.23
23241,98.23
23241,98.23
23243,98.14
23243,98.14
23243,98.14
23243,98.14
23258,98.08
23258,98.23
23258,98.23
23258,98.23
23258,98.23
23258,98.23
23277,97.59
23277,97.59
23277,97.61
23277,97.61
23277,97.61
23285,97.87
23285,97.87
23285,97.90
23285,97.90
23285,97.90
23285,97.92
23287,98.01
23287,98.01
23291,98.18
23291,98.18
23291,98.19
23292,97.46
23292,97.46
23292,97.46
23292,97.56
23296,98.23
23296,98.23
23296,98.23
23296,98.23
23296,98.23
23296,98.23
23296,98.23
23296,98.23
23303,97.67
23303,97.67
23303,97.69
23303,97.69
23303,97.69
23303,98.17
23309,97.84
23310,98.21
23310,98.21
23322,98.05
23322,98.05
23322,98.08
23322,98.08
23336,97.08
23336,97.08
23336,97.08
23336,97.08
23336,97.09
23338,97.65
23338,97.65
23338,97.65
23338,97.65
23338,97.65
23338,97.86
23342,98.22
23342,98.22
23342,98.22
23342,98.22
23345,97.86
23348,98.01
23357,98.17
23358,97.42
23370,98.03
23370,98.03
23372,97.95
23372,97.95
23372,98.12
23372,98.12
23373,98.10
23373,98.10
23374,98.22
23376,98.02
23376,98.04
23376,98.19
23379,98.20
23379,98.20
23379,98.20
23379,98.20
23379,98.20
23380,98.22
23380,98.22
23380,98.22
23380,98.22
23380,98.22
23380,98.22
23384,98.21
23384,98.21
23384,98.21
23386,97.45
23386,97.45
23388,97.98
23388,97.98
23389,97.96
23397,98.15
23402,98.13
23402,98.13
23402,98.15
23405,97.94
23406,97.78
23406,98.22
23406,98.22
23406,98.22
23406,98.22
23406,98.22
23414,98.11
23421,96.31
23424,98.00
23426,96.97
23426,96.97
23426,97.02
23426,97.02
23426,97.04
23427,97.76
23427,97.76
23427,97.76
23427,97.76
23427,97.76
23427,97.78
23430,97.96
23430,98.22
23432,97.45
23432,97.45
23432,97.47
23432,97.49
23432,97.52
23432,97.57
23441,98.16
23441,98.16
23443,98.22
23443,98.22
23443,98.22
23462,98.22
23462,98.22
23470,97.48
23470,97.48
23470,97.48
23470,97.48
23470,97.48
23475,97.87
23475,97.87
23475,97.87
23475,97.87
23475,97.87
23493,98.21
23493,98.21
23498,98.12
23499,97.14
23499,97.14
23499,97.15
23499,97.15
23499,97.20
23499,97.38
23502,98.14
23502,98.14
23502,98.15
23508,97.64
23516,97.97
23516,97.97
23518,97.26
23518,97.26
23518,97.28
23518,97.30
23518,97.32
23518,97.46
23520,98.15
23520,98.15
23520,98.15
23520,98.15
23520,98.15
23523,97.81
23523,97.81
23523,97.81
23523,97.81
23523,97.81
23525,98.21
23525,98.21
23525,98.21
23525,98.21
23525,98.21
23531,97.75
23531,97.75
23531,97.80
23542,97.70
23542,97.70
23542,97.70
23542,97.70
23542,97.84
23546,96.63
23559,98.14
23559,98.21
23559,98.21
23559,98.21
23559,98.21
23559,98.21
23573,97.93
23573,98.17
23583,97.06
23588,98.01
23592,98.21
23604,98.21
23604,98.21
23604,98.21
23619,97.87
23622,98.12
23622,98.12
23622,98.12
23622,98.12
23622,98.12
23633,97.91
23633,97.91
23633,97.91
23633,97.94
23633,97.94
23642,98.18
23642,98.18
23642,98.18
23646,97.47
23646,97.47
23646,97.47
23646,97.47
23646,97.47
23646,97.47
23651,98.01
23651,98.11
23658,97.95
23658,97.95
23658,97.97
23675,97.74
23675,97.74
23675,97.77
23675,97.78
23675,97.78
23680,97.61
23680,97.61
23680,97.70
23680,97.70
23680,97.72
23685,98.15
23690,97.24
23690,97.24
23690,97.24
23690,97.24
23690,97.24
23690,97.24
23691,97.89
23691,97.89
23704,98.20
23704,98.20
23704,98.20
23704,98.20
23704,98.20
23712,96.94
23714,97.58
23714,97.58
23714,97.58
23714,97.58
23714,97.58
23715,97.44
23715,97.44
23715,97.44
23715,97.44
23715,97.47
23717,98.05
23724,97.88
23724,97.88
23729,98.07
23730,97.30
23730,97.30
23730,97.30
23730,97.30
23730,97.30
23730,97.69
23746,97.70
23759,97.24
23759,97.24
23759,97.32
23759,97.32
23759,97.32
23759,97.48
23770,98.16
23770,98.16
23770,98.19
23771,97.28
23771,97.28
23771,97.28
23771,97.28
23771,97.29
23774,98.19
23778,98.16
23778,98.16
23778,98.16
23778,98.16
23778,98.16
23787,95.18
23787,95.18
23787,95.18
23787,95.18
23787,95.32
23787,96.13
23796,97.78
23802,97.29
23802,97.29
23802,97.29
23802,97.29
23802,97.29
23802,97.67
23802,97.96
23805,97.87
23831,97.56
23831,97.56
23831,97.56
23836,98.14
23837,97.65
23837,97.65
23837,97.72
23837,97.83
23838,98.15
23838,98.15
23838,98.17
23847,97.69
23847,97.69
23847,97.69
23847,97.74
23847,97.89
23860,98.07
23860,98.07
23860,98.07
23860,98.07
23867,97.93
23870,98.18
23870,98.18
23870,98.18
23870,98.18
23870,98.18
23871,97.69
23872,98.06
23877,98.12
23877,98.12
23877,98.12
23877,98.12
23877,98.12
23884,97.84
23894,97.92
23894,98.18
23894,98.18
23894,98.18
23894,98.18
23901,97.76
23902,98.11
23924,97.90
23924,97.90
23924,97.90
23924,97.90
23924,97.90
23924,97.90
23924,98.09
23924,98.09
23924,98.14
23939,97.87
23942,97.98
23951,97.95
23951,97.95
23951,97.97
23960,98.02
23960,98.02
23960,98.02
23960,98.02
23960,98.02
23960,98.12
23964,97.93
23964,97.93
23964,97.95
23964,97.96
23967,98.05
23971,97.75
23971,97.75
23971,97.75
23971,97.75
23971,97.78
23976,97.31
23981,97.85
23981,97.85
23981,97.94
23981,97.94
23981,97.94
23997,97.78
24000,98.00
24000,98.00
24000,98.00
24000,98.00
24000,98.00
24000,98.00
24002,98.17
24006,98.17
24006,98.17
24006,98.17
24006,98.17
24011,98.17
24030,97.24
24030,97.24
24030,97.24
24030,97.24
24030,97.24
24043,97.16
24050,98.08
24050,98.08
24050,98.08
24050,98.08
24050,98.12
24052,97.84
24052,97.84
24052,97.85
24052,97.93
24066,97.90
24074,98.11
24074,98.11
24078,97.64
24109,98.02
24109,98.02
24109,98.02
24109,98.06
24115,98.17
24117,98.13
24117,98.13
24117,98.13
24117,98.13
24124,97.99
24124,97.99
24124,97.99
24124,97.99
24124,97.99
24126,97.32
24147,97.84
24147,97.84
24147,97.84
24147,97.84
24147,97.88
24152,97.81
24152,97.81
24152,97.94
24152,97.94
24152,97.94
24154,97.70
24154,97.70
24154,97.70
24154,97.70
24154,97.70
24154,97.70
24165,96.70
24171,98.08
24204,97.66
24204,97.66
24204,97.66
24204,97.66
24204,97.66
24211,97.05
24211,98.16
24241,98.11
24246,97.60
24246,97.60
24246,97.60
24246,97.68
24246,97.68
24251,98.16
24256,98.16
24269,97.94
24269,97.94
24282,96.96
24284,98.15
24288,97.77
24301,97.66
24307,96.75
24313,97.79
24324,97.29
24324,97.29
24324,97.29
24324,97.29
24324,97.29
24324,97.49
24345,97.39
24345,97.39
24356,97.10
24356,97.10
24356,97.26
24360,98.15
24362,98.00
24362,98.00
24362,98.00
24362,98.00
24362,98.00
24365,97.60
24365,97.60
24365,97.62
24365,97.62
24365,97.62
24365,97.62
24368,98.12
24370,97.52
24370,97.52
24370,97.52
24370,97.52
24370,97.54
24370,98.15
24392,97.01
24394,97.98
24398,97.46
24398,97.46
24398,97.46
24398,97.51
24398,97.51
24398,97.67
24398,98.14
24407,98.09
24419,98.14
24419,98.14
24432,97.99
24435,92.54
24435,92.54
24435,92.54
24435,92.54
24435,92.56
24435,92.84
24438,98.05
24446,97.91
24472,96.17
24472,96.17
24472,96.17
24472,96.17
24472,96.17
24472,96.51
24474,97.97
24475,98.14
24486,97.84
24494,98.14
24494,98.14
24494,98.14
24494,98.14
24496,97.45
24496,97.45
24496,97.45
24496,97.45
24496,97.45
24505,98.14
24505,98.14
24505,98.14
24505,98.14
24505,98.14
24505,98.14
24512,97.81
24515,97.45
24515,97.45
24515,97.50
24515,97.50
24515,97.50
24518,98.14
24519,97.87
24519,97.87
24519,97.87
24519,97.87
24519,97.87
24522,97.91
24530,97.77
24530,97.77
24530,97.77
24532,97.57
24532,97.57
24532,97.62
24532,97.69
24549,98.13
24549,98.13
24549,98.13
24549,98.13
24549,98.13
24557,97.92
24557,97.92
24557,97.94
24557,97.94
24560,97.80
24560,97.80
24560,97.80
24560,97.80
24560,97.81
24569,97.36
24569,97.36
24569,97.36
24569,97.36
24569,97.37
24570,97.89
24578,98.09
24578,98.09
24578,98.09
24581,98.13
24582,95.74
24582,97.24
24582,97.75
24582,98.13
24582,98.13
24582,98.13
24582,98.13
24582,98.13
24582,98.13
24591,97.77
24591,97.77
24591,97.77
24591,97.78
24594,97.89
24605,98.13
24605,98.13
24605,98.13
24605,98.13
24605,98.13
24605,98.13
24616,97.96
24631,98.13
24645,97.64
24657,97.96
24657,97.96
24673,97.81
24673,97.81
24673,97.81
24673,97.85
24673,97.98
24676,98.10
24676,98.10
24676,98.10
24676,98.10
24676,98.10
24677,98.12
24677,98.12
24677,98.12
24677,98.12
24677,98.12
24679,97.82
24683,98.12
24698,97.89
24704,97.71
24704,97.71
24707,97.79
24707,97.79
24707,97.79
24708,97.70
24708,97.76
24709,97.55
24709,97.55
24709,97.55
24712,96.96
24712,96.96
24712,96.96
24712,96.96
24712,96.97
24712,97.11
24712,97.82
24715,97.71
24725,97.40
24730,98.12
24730,98.12
24730,98.12
24730,98.12
24731,96.80
24732,98.05
24732,98.05
24732,98.07
24732,98.10
24750,97.90
24755,97.88
24772,98.07
24772,98.07
24772,98.07
24772,98.07
24772,98.07
24772,98.09
24775,97.88
24776,97.74
24776,97.82
24776,97.90
24786,96.09
24786,96.09
24786,96.09
24786,96.09
24786,96.20
24786,96.55
24789,97.96
24789,97.96
24789,97.96
24789,97.96
24789,97.96
24789,97.97
24802,98.06
24802,98.06
24802,98.06
24802,98.06
24802,98.06
24814,98.07
24814,98.07
24815,97.65
24815,97.65
24815,97.65
24815,97.65
24815,97.65
24815,97.72
24816,97.93
24817,98.02
24828,97.53
24828,97.53
24828,97.53
24828,97.53
24828,97.56
24828,97.73
24829,97.92
24829,97.92
24829,97.92
24829,97.92
24829,97.92
24829,97.92
24830,97.22
24866,98.11
24866,98.11
24866,98.11
24866,98.11
24866,98.11
24870,98.11
24870,98.11
24870,98.11
24870,98.11
24870,98.11
24871,98.11
24872,97.87
24875,97.81
24875,97.91
24878,97.79
24878,97.90
24887,97.93
24887,97.93
24887,97.93
24887,97.93
24888,97.96
24888,97.96
24904,98.07
24905,96.22
24905,96.22
24905,96.25
24905,96.33
24905,96.44
24905,97.08
24908,97.83
24930,98.10
24931,97.73
24931,97.73
24931,97.79
24931,97.87
24931,97.98
24936,98.10
24940,97.13
24956,97.02
24956,97.33
24956,97.33
24956,97.33
24956,97.33
24956,98.10
24956,98.10
24956,98.10
24956,98.10
24956,98.10
24956,98.10
24963,97.60
24963,97.60
24964,97.70
24964,97.70
24964,97.74
24975,97.94
24981,97.67
25009,97.59
25020,98.09
25020,98.10
25020,98.10
25020,98.10
25020,98.10
25020,98.10
25025,96.60
25025,96.60
25025,96.60
25025,96.87
25025,97.33
25035,97.57
25036,98.10
25036,98.10
25036,98.10
25036,98.10
25036,98.10
25049,98.10
25049,98.10
25049,98.10
25049,98.10
25049,98.10
25049,98.10
25052,97.56
25052,97.62
25052,97.84
25056,97.60
25066,96.43
25066,96.43
25066,96.43
25066,96.43
25066,96.45
25078,98.09
25078,98.09
25078,98.09
25078,98.09
25080,97.87
25080,97.87
25080,97.89
25080,97.89
25080,97.94
25080,98.01
25080,98.06
25084,97.72
25084,97.76
25110,98.06
25110,98.06
25110,98.06
25110,98.06
25110,98.06
25114,97.03
25114,97.03
25114,97.03
25114,97.03
25114,97.03
25114,97.37
25125,98.09
25125,98.09
25125,98.09
25125,98.09
25127,97.50
25139,97.71
25139,97.71
25139,97.72
25139,98.01
25145,97.96
25145,97.97
25148,97.82
25148,97.88
25149,97.27
25160,97.84
25160,97.84
25160,97.87
25163,98.09
25163,98.09
25164,98.06
25164,98.06
25164,98.08
25173,97.76
25173,97.76
25173,97.76
25178,98.09
25181,97.75
25194,97.59
25194,97.59
25194,97.59
25194,97.59
25202,98.08
25202,98.08
25202,98.08
25205,98.08
25205,98.08
25206,97.50
25206,97.50
25206,97.54
25206,97.54
25206,97.54
25209,97.84
25213,98.08
25213,98.08
25224,97.65
25224,97.75
25231,97.75
25241,97.89
25264,97.55
25264,97.55
25264,97.55
25264,97.55
25264,97.55
25264,97.65
25274,98.05
25280,98.08
25295,97.25
25305,98.07
25305,98.07
25305,98.07
25305,98.07
25305,98.07
25310,98.06
25310,98.06
25310,98.06
25314,96.80
25314,96.80
25314,96.85
25314,96.86
25314,96.90
25314,97.10
25326,97.87
25326,97.87
25326,97.87
25326,97.87
25326,97.87
25326,98.03
25331,97.93
25334,97.65
25334,97.65
25334,97.65
25334,97.65
25334,97.65
25334,97.85
25353,96.05
25353,96.05
25353,96.05
25353,96.05
25353,96.09
25359,97.67
25359,97.67
25370,97.92
25406,97.78
25406,97.78
25406,97.78
25406,97.78
25406,97.78
25408,96.54
25415,97.42
25415,97.42
25415,97.46
25415,97.46
25415,97.46
25438,97.95
25440,97.77
25440,97.77
25440,97.80
25442,96.42
25442,96.42
25442,96.49
25442,96.49
25442,96.55
25442,96.82
25443,98.07
25447,97.42
25447,97.97
25470,97.51
25470,97.51
25470,97.51
25470,97.51
25470,97.51
25470,97.65
25477,97.99
25490,97.50
25490,97.50
25490,97.55
25490,97.57
25507,96.87
25507,96.87
25507,96.91
25507,96.92
25507,96.95
25507,97.15
25511,98.06
25520,97.23
25528,97.71
25528,97.71
25528,97.71
25528,97.71
25528,97.71
25528,97.86
25531,97.98
25531,97.98
25531,98.03
25544,97.82
25557,96.76
25567,97.33
25567,97.33
25567,97.34
25567,97.34
25567,97.36
25578,97.97
25587,97.91
25591,97.78
25591,97.87
25591,98.05
25591,98.05
25591,98.05
25607,98.05
25607,98.05
25607,98.05
25607,98.05
25607,98.05
25614,97.66
25614,97.66
25630,97.79
25649,98.05
25649,98.05
25649,98.05
25649,98.05
25649,98.05
25649,98.05
25654,97.45
25654,97.45
25654,97.45
25654,97.45
25654,97.45
25660,97.69
25660,97.69
25661,96.69
25661,96.69
25661,96.69
25661,96.69
25661,96.70
25661,97.02
25665,97.80
25665,97.80
25670,97.16
25670,97.16
25670,97.20
25670,97.20
25670,97.21
25670,97.43
25671,97.70
25671,98.05
25671,98.05
25671,98.05
25671,98.05
25671,98.05
25671,98.05
25676,97.12
25676,97.12
25676,97.12
25676,97.12
25676,97.29
25678,97.76
25687,97.45
25687,97.45
25694,97.75
25701,98.04
25701,98.04
25722,96.80
25725,97.57
25732,97.44
25732,97.44
25732,97.44
25732,97.60
25732,97.60
25732,97.60
25741,97.78
25741,97.78
25741,97.78
25741,97.78
25741,97.78
25746,97.96
25746,97.96
25746,97.96
25746,97.96
25746,97.96
25746,97.96
25747,98.04
25747,98.04
25747,98.04
25747,98.04
25747,98.04
25764,97.06
25764,97.06
25773,97.21
25773,97.21
25773,97.21
25773,97.21
25773,97.21
25773,97.79
25780,97.99
25780,97.99
25780,98.01
25783,98.04
25783,98.04
25783,98.04
25783,98.04
25783,98.04
25783,98.04
25787,97.29
25787,97.29
25787,97.29
25787,97.32
25787,97.32
25796,97.47
25805,97.32
25835,97.89
25835,97.89
25835,97.89
25835,97.89
25835,97.89
25835,97.91
25837,97.79
25837,97.79
25837,97.80
25841,97.96
25841,97.96
25863,97.77
25879,98.03
25879,98.03
25879,98.03
25879,98.03
25879,98.03
25879,98.03
25880,97.62
25880,97.62
25880,97.63
25880,97.64
25880,97.65
25880,98.03
25880,98.03
25880,98.03
25880,98.03
25894,97.88
25900,97.62
25900,97.62
25900,97.62
25900,97.63
25900,97.67
25909,98.03
25918,97.56
25918,97.56
25918,97.56
25918,97.56
25918,97.56
25950,97.87
25950,97.87
25950,97.87
25950,97.87
25950,97.87
25954,97.90
25958,97.81
25959,97.84
25959,97.84
25959,97.84
25959,97.84
25971,97.70
25971,97.82
25972,97.79
25972,97.79
25972,97.79
25972,97.79
25972,97.81
25972,97.87
25975,98.02
25975,98.02
25975,98.02
25975,98.02
25976,97.84
25976,97.84
25976,97.84
25976,97.84
25976,97.84
25976,97.84
25991,97.47
26003,97.12
26003,97.12
26003,97.13
26003,97.13
26003,97.15
26003,97.35
26005,98.02
26005,98.02
26005,98.02
26005,98.02
26005,98.02
26005,98.02
26019,97.64
26019,97.64
26019,97.66
26019,97.66
26020,98.02
26024,97.54
26024,97.54
26026,97.90
26026,98.02
26026,98.02
26026,98.02
26026,98.02
26026,98.02
26029,97.59
26029,97.59
26029,97.69
26031,97.77
26031,97.77
26031,97.77
26031,97.77
26031,97.77
26031,97.77
26033,96.15
26033,96.15
26033,96.18
26033,96.22
26033,96.24
26033,96.41
26043,98.01
26048,97.56
26056,98.02
26068,97.66
26071,97.80
26077,96.91
26077,96.91
26077,96.99
26077,97.04
26077,97.05
26083,97.78
26101,97.71
26104,97.78
26104,97.78
26104,97.78
26104,97.78
26104,97.78
26131,97.76
26136,97.32
26139,97.31
26139,97.31
26139,97.31
26139,97.31
26139,97.32
26143,96.77
26147,97.67
26155,98.01
26155,98.01
26155,98.01
26155,98.01
26155,98.01
26155,98.01
26166,96.66
26166,96.66
26166,96.69
26166,96.69
26166,96.74
26166,96.94
26177,98.01
26177,98.01
26182,97.91
26182,97.91
26198,96.94
26198,96.94
26198,96.94
26198,96.94
26198,96.94
26215,97.73
26233,97.48
26233,97.48
26233,97.50
26233,97.51
26233,97.52
26253,97.54
26253,97.54
26253,97.54
26253,97.57
26253,97.57
26260,97.41
26260,97.41
26260,97.41
26260,97.41
26260,97.44
26263,97.45
26263,97.45
26263,97.46
26263,97.48
26263,97.49
26263,97.63
26264,97.15
26264,97.15
26264,97.26
26264,97.26
26264,97.26
26264,97.33
26281,97.90
26282,97.75
26284,97.79
26287,97.04
26287,97.04
26287,97.04
26287,97.04
26287,97.04
26304,97.53
26304,97.53
26304,97.53
26304,97.53
26304,97.53
26304,97.81
26311,97.74
26343,97.73
26353,97.80
26360,96.83
26381,97.17
26381,97.17
26381,97.17
26381,97.17
26381,97.19
26381,97.49
26390,97.99
26390,97.99
26390,97.99
26390,97.99
26408,96.81
26408,96.81
26408,96.81
26408,96.81
26408,96.87
26426,97.17
26426,97.17
26426,97.25
26426,97.26
26426,97.30
26426,97.47
26437,97.09
26437,97.09
26437,97.11
26437,97.11
26437,97.11
26437,97.26
26447,97.76
26461,97.99
26466,97.73
26466,97.73
26466,97.74
26466,97.74
26466,97.74
26484,97.19
26484,97.19
26484,97.22
26484,97.23
26484,97.28
26486,97.75
26486,97.75
26486,97.77
26490,97.94
26490,97.99
26492,95.74
26492,95.74
26492,95.75
26492,95.85
26492,95.99
26492,96.30
26500,97.57
26500,97.57
26500,97.57
26500,97.57
26500,97.57
26518,97.55
26518,97.55
26518,97.55
26520,97.98
26548,97.97
26550,97.98
26550,97.98
26550,97.98
26550,97.98
26551,97.77
26567,97.54
26567,97.54
26567,97.54
26567,97.54
26567,97.54
26567,97.61
26582,97.94
26582,97.94
26582,97.94
26582,97.94
26592,97.98
26592,97.98
26592,97.98
26592,97.98
26592,97.98
26592,97.98
26603,96.03
26603,96.03
26603,96.03
26603,96.03
26603,97.09
26604,97.71
26604,97.71
26608,97.48
26608,97.96
26608,97.96
26608,97.96
26608,97.96
26610,97.29
26630,97.79
26630,97.97
26632,97.76
26632,97.76
26632,97.79
26632,97.82
26634,97.82
26647,97.86
26648,97.59
26660,97.73
26660,97.73
26660,97.73
26660,97.73
26660,97.73
26664,96.51
26664,96.69
26666,97.86
26666,97.86
26666,97.86
26666,97.86
26666,97.86
26666,97.96
26670,97.43
26670,97.43
26670,97.43
26670,97.43
26670,97.46
26685,97.64
26688,97.62
26688,97.62
26688,97.62
26688,97.62
26688,97.62
26688,97.80
26734,97.84
26746,93.68
26746,96.30
26746,96.30
26746,96.30
26746,96.30
26746,96.30
26753,97.97
26758,97.60
26758,97.60
26758,97.60
26758,97.60
26758,97.60
26758,97.89
26765,97.96
26765,97.96
26765,97.96
26765,97.96
26765,97.96
26774,97.68
26774,97.68
26774,97.68
26774,97.68
26782,97.48
26782,97.48
26782,97.48
26782,97.48
26782,97.48
26787,97.28
26787,97.28
26787,97.28
26787,97.48
26797,97.40
26797,97.40
26797,97.40
26797,97.40
26797,97.40
26797,97.49
26813,97.96
26821,97.14
26821,97.55
26821,97.65
26821,97.84
26821,97.84
26821,97.84
26822,97.79
26826,97.75
26832,97.52
26832,97.52
26835,97.77
26835,97.77
26835,97.77
26835,97.77
26835,97.77
26835,97.77
26836,97.39
26841,97.96
26842,97.68
26842,97.68
26842,97.68
26842,97.68
26859,92.76
26866,97.96
26866,97.96
26866,97.96
26947,97.69
26952,97.60
26952,97.60
26952,97.60
26952,97.60
26952,97.60
26952,97.85
26977,96.73
26977,96.73
26977,96.82
26977,96.82
26977,96.87
26977,97.22
27001,97.32
27001,97.32
27001,97.32
27001,97.32
27001,97.32
27014,96.97
27014,96.97
27014,96.97
27014,96.97
27014,96.97
27014,97.50
27015,97.23
27015,97.23
27015,97.23
27015,97.23
27015,97.23
27017,92.76
27017,92.76
27017,92.76
27017,93.07
27017,93.09
27017,94.23
27083,97.60
27100,97.33
27101,97.94
27101,97.94
27101,97.94
27101,97.94
27102,97.70
27111,97.54
27116,97.82
27121,97.33
27126,97.78
27126,97.78
27135,96.58
27135,96.58
27135,96.58
27135,96.61
27135,96.61
27151,97.74
27152,97.77
27153,97.55
27153,97.94
27153,97.94
27176,97.30
27176,97.30
27176,97.34
27176,97.34
27176,97.34
27177,97.77
27187,97.92
27187,97.92
27192,96.76
27192,96.76
27192,96.82
27192,96.86
27192,96.89
27192,97.07
27209,94.30
27209,94.30
27209,94.36
27209,94.55
27209,94.72
27209,95.25
27209,97.93
27250,97.82
27250,97.82
27255,97.74
27279,97.93
27287,96.96
27287,96.96
27287,96.96
27287,97.02
27287,97.02
27287,97.32
27295,95.54
27296,96.98
27305,97.14
27305,97.14
27305,97.14
27305,97.14
27305,97.16
27305,97.43
27313,97.70
27314,97.31
27314,97.31
27314,97.33
27314,97.38
27314,97.38
27332,97.75
27332,97.75
27332,97.75
27332,97.75
27332,97.75
27337,97.49
27346,97.68
27360,96.96
27360,96.96
27360,97.00
27360,97.00
27360,97.03
27383,97.36
27383,97.50
27399,97.39
27399,97.39
27399,97.41
27399,97.41
27428,97.91
27428,97.91
27428,97.91
27428,97.91
27428,97.91
27428,97.91
27440,97.86
27440,97.86
27440,97.86
27440,97.86
27440,97.86
27441,97.91
27441,97.91
27441,97.91
27441,97.91
27441,97.91
27441,97.91
27443,97.78
27443,97.78
27443,97.78
27443,97.78
27443,97.78
27443,97.78
27450,97.84
27465,97.84
27473,97.91
27473,97.91
27473,97.91
27473,97.91
27473,97.91
27473,97.91
27489,97.74
27489,97.74
27489,97.74
27489,97.74
27491,97.80
27500,97.63
27501,97.69
27518,96.99
27532,97.68
27556,97.65
27556,97.65
27556,97.65
27556,97.65
27556,97.81
27556,97.82
27569,97.11
27569,97.11
27569,97.13
27569,97.13
27569,97.13
27581,97.78
27613,97.68
27614,97.59
27623,96.97
27625,96.95
27625,96.95
27625,96.95
27625,96.99
27632,97.17
27632,97.17
27632,97.17
27632,97.17
27632,97.17
27660,97.90
27665,97.90
27665,97.90
27665,97.90
27665,97.90
27665,97.90
27667,97.84
27667,97.84
27667,97.84
27667,97.84
27667,97.84
27718,97.89
27720,97.74
27723,97.80
27725,97.87
27725,97.87
27725,97.87
27725,97.87
27782,97.69
27810,97.19
27810,97.19
27810,97.27
27810,97.27
27810,97.30
27826,97.51
27826,97.51
27826,97.51
27826,97.51
27826,97.51
27834,97.88
27834,97.88
27834,97.88
27834,97.88
27842,97.88
27844,97.63
27844,97.63
27848,96.73
27860,97.60
27868,97.78
27877,96.59
27877,96.59
27877,96.61
27877,96.61
27877,96.64
27877,96.90
27882,97.66
27882,97.72
27896,97.43
27897,97.70
27899,97.88
27899,97.88
27899,97.88
27899,97.88
27899,97.88
27916,97.62
27931,97.44
27931,97.44
27931,97.56
27931,97.61
27934,94.98
27939,97.01
27939,97.01
27939,97.01
27939,97.03
27939,97.07
27960,97.11
27960,97.11
27960,97.11
27960,97.11
27960,97.11
27982,97.87
27990,97.01
27990,97.01
27990,97.07
27990,97.10
27990,97.11
27991,97.87
27991,97.87
27991,97.87
27991,97.87
27995,97.87
27995,97.87
28005,96.71
28005,96.71
28005,96.72
28005,96.72
28005,96.79
28005,96.92
28038,97.87
28050,97.69
28064,96.96
28064,96.96
28064,96.98
28064,96.99
28064,97.06
28064,97.29
28078,96.29
28078,96.29
28078,96.29
28078,96.29
28078,96.64
28078,96.95
28096,96.92
28096,96.92
28096,96.92
28096,96.92
28096,97.26
28096,97.67
28099,97.86
28099,97.86
28099,97.86
28099,97.86
28099,97.86
28112,96.79
28112,97.86
28114,96.97
28114,96.97
28114,96.99
28114,96.99
28114,96.99
28114,97.16
28121,97.86
28121,97.86
28123,97.86
28128,97.86
28134,97.73
28140,97.69
28145,96.58
28145,96.58
28145,96.59
28145,96.61
28145,96.77
28157,97.55
28157,97.55
28157,97.60
28186,97.70
28205,97.71
28218,97.85
28218,97.85
28218,97.85
28218,97.85
28218,97.85
28218,97.85
28227,97.71
28234,96.98
28260,97.46
28266,97.73
28274,97.83
28274,97.83
28274,97.83
28274,97.83
28296,97.44
28296,97.44
28296,97.44
28296,97.44
28296,97.44
28297,96.00
28297,96.00
28297,96.00
28297,96.00
28297,96.00
28297,96.22
28306,97.51
28306,97.51
28306,97.51
28306,97.51
28306,97.51
28306,97.63
28331,97.55
28332,97.45
28340,96.43
28340,96.43
28340,96.43
28340,96.44
28340,96.47
28340,96.71
28341,97.84
28341,97.84
28341,97.84
28341,97.84
28341,97.84
28341,97.84
28355,97.62
28355,97.62
28376,97.75
28379,97.03
28391,96.79
28391,96.79
28391,96.79
28391,96.79
28391,96.80
28392,96.57
28392,96.57
28392,96.63
28392,96.63
28392,96.66
28392,97.02
28405,97.71
28405,97.84
28405,97.84
28405,97.84
28405,97.84
28405,97.84
28465,97.54
28465,97.56
28465,97.70
28465,97.71
28477,97.72
28488,97.41
28488,97.41
28488,97.41
28488,97.41
28488,97.41
28488,97.61
28491,97.64
28491,97.64
28491,97.64
28491,97.64
28491,97.79
28502,96.87
28502,96.87
28502,96.87
28502,96.87
28502,96.87
28502,97.07
28506,96.97
28506,96.97
28506,96.97
28506,96.97
28506,97.11
28506,97.53
28507,96.52
28507,96.52
28508,97.83
28508,97.83
28508,97.83
28508,97.83
28508,97.83
28527,97.17
28541,97.51
28541,97.51
28543,96.95
28543,96.95
28543,96.99
28543,96.99
28543,96.99
28543,97.24
28550,97.19
28550,97.19
28550,97.25
28550,97.25
28563,97.71
28566,97.82
28568,97.66
28568,97.66
28568,97.66
28568,97.66
28568,97.66
28579,97.47
28589,97.56
28591,97.41
28591,97.41
28591,97.41
28591,97.41
28591,97.41
28591,97.41
28614,96.88
28614,96.88
28614,96.93
28614,96.93
28614,96.93
28660,97.66
28667,96.87
28667,96.87
28667,96.88
28667,96.88
28667,96.93
28668,97.71
28730,97.69
28731,97.72
28731,97.72
28731,97.72
28731,97.72
28731,97.72
28731,97.72
28758,95.51
28758,95.86
28759,97.54
28765,97.64
28788,97.27
28788,97.27
28788,97.29
28788,97.29
28788,97.30
28810,97.81
28810,97.81
28810,97.81
28810,97.81
28813,96.94
28813,96.94
28813,96.94
28813,96.94
28813,96.94
28813,97.35
28838,97.40
28838,97.40
28842,97.48
28842,97.48
28842,97.51
28842,97.60
28842,97.78
28845,97.54
28847,97.57
28850,96.48
28850,96.48
28850,96.48
28850,96.54
28850,96.56
28850,96.66
28875,97.59
28879,97.80
28879,97.80
28879,97.80
28901,97.64
28901,97.64
28901,97.64
28901,97.71
28907,97.80
28907,97.80
28907,97.80
28907,97.80
28907,97.80
28907,97.80
28912,97.58
28917,97.50
28928,97.70
28928,97.70
28928,97.70
28928,97.75
28928,97.75
28938,96.57
28938,96.57
28938,96.57
28938,96.57
28938,96.63
28938,96.65
28951,97.54
28958,97.58
28981,97.80
28981,97.80
28981,97.80
28981,97.80
28981,97.80
28981,97.80
29006,97.68
29006,97.68
29006,97.68
29006,97.68
29006,97.68
29021,96.88
29021,96.88
29021,96.97
29021,96.97
29021,96.97
29023,95.29
29026,96.82
29040,97.56
29047,97.56
29047,97.56
29047,97.56
29047,97.56
29059,97.58
29059,97.58
29059,97.58
29059,97.58
29059,97.58
29059,97.58
29064,96.98
29064,96.98
29064,97.10
29064,97.14
29064,97.24
29071,97.27
29071,97.27
29071,97.27
29071,97.27
29071,97.30
29077,97.11
29084,96.60
29084,96.60
29084,96.60
29084,96.60
29084,96.60
29084,96.60
29086,96.94
29096,97.79
29096,97.79
29096,97.79
29096,97.79
29096,97.79
29096,97.79
29098,97.05
29098,97.39
29098,97.39
29098,97.39
29098,97.39
29098,97.39
29104,97.71
29104,97.71
29104,97.73
29107,96.00
29107,96.00
29107,96.00
29107,96.00
29107,96.32
29107,96.45
29107,97.49
29107,97.49
29116,97.68
29127,97.29
29127,97.29
29127,97.29
29127,97.29
29127,97.29
29127,97.31
29131,97.63
29131,97.63
29132,97.53
29143,97.26
29154,97.51
29154,97.74
29164,97.78
29164,97.78
29164,97.78
29164,97.78
29164,97.78
29164,97.78
29171,97.52
29180,97.31
29186,97.52
29189,96.93
29189,96.93
29189,96.93
29189,96.93
29189,96.93
29189,96.93
29192,96.80
29192,96.80
29192,96.80
29192,96.91
29194,97.64
29194,97.64
29194,97.64
29194,97.64
29194,97.64
29199,97.44
29199,97.44
29199,97.59
29200,97.39
29215,97.59
29217,97.52
29224,97.34
29224,97.34
29224,97.34
29224,97.34
29224,97.36
29225,97.56
29225,97.56
29225,97.56
29225,97.56
29225,97.56
29250,97.67
29251,97.78
29251,97.78
29251,97.78
29251,97.78
29251,97.78
29251,97.78
29262,95.88
29262,95.88
29262,95.91
29262,95.91
29262,95.97
29262,96.34
29283,97.69
29283,97.77
29291,97.44
29293,97.54
29293,97.54
29293,97.55
29316,97.49
29317,97.77
29322,97.77
29322,97.77
29322,97.77
29322,97.77
29322,97.77
29332,97.73
29341,97.33
29369,97.74
29370,97.77
29370,97.77
29370,97.77
29370,97.77
29370,97.77
29370,97.77
29370,97.77
29370,97.77
29370,97.77
29370,97.77
29370,97.77
29409,96.99
29409,96.99
29409,96.99
29409,96.99
29439,97.17
29448,97.49
29448,97.49
29465,96.98
29465,96.98
29465,96.98
29465,97.05
29465,97.25
29475,97.16
29481,97.42
29481,97.42
29481,97.42
29484,97.73
29490,97.76
29512,96.76
29526,97.59
29526,97.59
29526,97.59
29526,97.59
29526,97.66
29527,95.48
29532,97.70
29532,97.70
29532,97.70
29538,97.52
29538,97.52
29538,97.52
29538,97.52
29538,97.52
29538,97.52
29540,96.55
29540,96.55
29540,96.55
29540,96.55
29540,96.55
29540,96.93
29550,97.43
29550,97.43
29550,97.43
29550,97.43
29550,97.43
29552,96.77
29552,96.77
29552,96.80
29552,96.82
29552,96.89
29552,97.03
29564,97.48
29564,97.48
29603,97.47
29603,97.47
29606,97.69
29611,97.05
29611,97.05
29611,97.05
29611,97.16
29611,97.24
29624,96.03
29633,97.64
29650,97.62
29652,97.66
29666,97.45
29666,97.45
29666,97.45
29666,97.45
29666,97.52
29679,97.66
29684,96.72
29684,96.72
29684,96.72
29684,96.72
29684,96.79
29684,97.05
29689,97.54
29689,97.54
29689,97.54
29689,97.54
29689,97.54
29692,97.33
29692,97.48
29704,96.95
29721,97.32
29726,97.74
29764,97.29
29769,97.46
29769,97.46
29769,97.46
29769,97.46
29769,97.46
29769,97.47
29776,97.57
29782,97.56
29814,97.41
29825,97.50
29834,95.72
29834,95.72
29834,95.72
29834,95.84
29846,97.40
29846,97.40
29846,97.48
29846,97.57
29862,96.79
29864,97.73
29871,96.14
29881,96.65
29881,96.65
29881,96.65
29881,96.65
29881,96.66
29881,96.87
29903,97.58
29903,97.58
29925,95.37
29927,97.41
29927,97.41
29927,97.42
29932,97.28
29939,97.55
29943,97.51
29961,97.65
29965,97.44
29996,97.50
29996,97.50
29996,97.51
29996,97.52
29996,97.54
30006,96.99
30006,96.99
30006,96.99
30006,96.99
30006,96.99
30006,97.16
30011,97.72
30017,97.72
30017,97.72
30017,97.72
30017,97.72
30017,97.72
30017,97.72
30037,97.59
30040,97.39
30040,97.39
30040,97.48
30040,97.48
30040,97.48
30067,97.50
30069,97.63
30069,97.71
30069,97.71
30069,97.71
30069,97.71
30069,97.71
30069,97.71
30070,97.69
30070,97.69
30070,97.69
30070,97.69
30070,97.69
30080,97.71
30080,97.71
30080,97.71
30080,97.71
30080,97.71
30094,97.56
30101,97.61
30123,97.21
30123,97.21
30123,97.30
30124,97.71
30141,97.53
30160,89.68
30160,89.68
30160,89.68
30160,89.68
30160,89.68
30160,96.25
30163,96.68
30171,97.11
30210,97.55
30210,97.55
30210,97.55
30210,97.55
30210,97.55
30217,97.13
30217,97.13
30217,97.13
30217,97.13
30217,97.28
30217,97.46
30224,97.13
30237,97.39
30238,97.55
30258,97.34
30258,97.34
30258,97.34
30258,97.35
30258,97.42
30271,97.70
30271,97.70
30271,97.70
30271,97.70
30271,97.70
30271,97.70
30276,97.70
30276,97.70
30276,97.70
30276,97.70
30276,97.70
30276,97.70
30280,97.33
30295,96.95
30295,97.19
30296,96.77
30296,97.00
30313,95.50
30313,97.29
30330,97.42
30332,97.62
30347,97.59
30349,97.65
30366,97.48
30378,97.64
30378,97.64
30378,97.64
30382,97.15
30382,97.15
30382,97.17
30382,97.17
30382,97.17
30382,97.27
30384,97.55
30390,97.01
30429,97.22
30429,97.22
30429,97.22
30429,97.22
30429,97.22
30429,97.39
30434,97.28
30444,96.91
30444,97.20
30475,97.41
30476,97.47
30501,95.55
30501,95.58
30501,95.74
30501,96.22
30515,97.43
30519,97.40
30519,97.40
30519,97.52
30540,97.58
30552,97.68
30560,97.36
30572,97.68
30572,97.68
30572,97.68
30572,97.68
30572,97.68
30588,97.49
30588,97.49
30595,97.61
30603,97.67
30608,96.16
30612,97.16
30616,97.43
30623,96.68
30623,96.68
30623,96.69
30623,96.72
30623,96.76
30659,97.67
30659,97.67
30659,97.67
30661,97.38
30678,97.28
30678,97.28
30678,97.34
30678,97.34
30678,97.40
30678,97.45
30680,97.67
30680,97.67
30680,97.67
30680,97.67
30680,97.67
30693,97.34
30693,97.34
30693,97.34
30693,97.34
30693,97.47
30696,97.43
30696,97.51
30697,97.40
30697,97.40
30708,97.35
30714,97.66
30722,96.83
30729,97.65
30736,97.12
30752,97.52
30754,97.10
30757,97.65
30761,96.88
30782,97.48
30829,96.80
30829,97.66
30829,97.66
30829,97.66
30829,97.66
30829,97.66
30836,96.34
30836,96.34
30836,96.34
30836,96.36
30836,96.55
30836,96.88
30846,97.09
30846,97.09
30846,97.27
30846,97.27
30846,97.27
30861,97.55
30902,97.53
30920,97.52
30929,96.00
30929,96.00
30929,96.00
30929,96.00
30929,96.00
30929,96.00
30951,97.32
30951,97.32
30951,97.32
30951,97.32
30980,97.50
30983,96.79
30983,96.79
30983,96.89
30983,97.12
30983,97.39
30994,97.56
30994,97.56
30994,97.57
30994,97.57
30994,97.57
30994,97.59
31010,97.42
31019,96.87
31019,96.87
31019,96.90
31019,96.94
31019,96.96
31028,97.23
31028,97.26
31033,96.84
31033,96.84
31033,96.92
31033,96.92
31033,96.97
31033,97.19
31047,97.00
31047,97.00
31047,97.00
31047,97.00
31047,97.00
31057,97.64
31061,96.48
31061,96.48
31061,96.48
31061,96.75
31061,96.75
31069,97.25
31069,97.25
31069,97.26
31069,97.35
31069,97.35
31069,97.45
31073,96.38
31081,97.02
31085,97.64
31085,97.64
31088,96.83
31088,96.83
31088,96.83
31088,96.83
31088,96.90
31109,97.19
31111,97.28
31115,97.48
31128,97.50
31128,97.50
31128,97.63
31147,96.38
31147,96.38
31147,96.38
31147,96.42
31147,96.47
31147,96.70
31152,96.70
31152,96.70
31152,96.73
31152,96.74
31171,97.37
31173,97.36
31193,97.43
31197,95.76
31197,96.41
31203,97.63
31203,97.63
31203,97.63
31203,97.63
31203,97.63
31203,97.63
31211,97.63
31241,97.62
31241,97.62
31241,97.62
31241,97.62
31241,97.62
31241,97.62
31275,96.85
31275,96.85
31275,96.87
31275,96.87
31275,96.89
31276,97.16
31276,97.41
31276,97.41
31276,97.41
31276,97.41
31276,97.41
31292,97.31
31299,97.08
31299,97.08
31299,97.08
31299,97.09
31299,97.11
31299,97.32
31307,97.47
31320,96.13
31320,96.13
31320,96.13
31320,96.13
31320,96.67
31320,96.78
31352,97.40
31355,97.32
31355,97.32
31355,97.32
31355,97.40
31363,96.89
31363,96.89
31363,96.89
31363,96.89
31363,96.89
31370,96.75
31393,97.27
31393,97.27
31451,97.61
31451,97.61
31451,97.61
31451,97.61
31451,97.61
31451,97.61
31462,97.33
31462,97.33
31467,97.60
31467,97.60
31487,96.03
31487,97.57
31487,97.61
31487,97.61
31487,97.61
31487,97.61
31488,97.27
31488,97.27
31488,97.32
31488,97.32
31499,97.09
31507,97.26
31507,97.26
31513,96.44
31513,96.44
31513,96.46
31513,96.48
31513,96.55
31530,97.07
31532,97.28
31532,97.28
31532,97.28
31532,97.42
31541,97.28
31541,97.28
31544,97.37
31544,97.44
31587,97.51
31587,97.51
31609,97.38
31609,97.38
31609,97.38
31609,97.38
31609,97.38
31618,97.16
31618,97.16
31618,97.16
31618,97.16
31618,97.16
31625,97.43
31635,87.82
31635,87.82
31635,87.82
31635,87.82
31635,88.09
31635,91.14
31666,97.27
31666,97.27
31705,97.26
31709,96.87
31709,96.87
31709,96.87
31709,96.87
31715,97.14
31715,97.14
31724,97.49
31728,97.57
31763,97.58
31774,96.83
31774,96.83
31774,96.83
31774,96.92
31774,96.92
31774,97.04
31800,96.89
31818,97.15
31818,97.15
31818,97.17
31818,97.17
31818,97.19
31829,96.60
31836,97.35
31836,97.35
31836,97.35
31837,97.58
31837,97.58
31837,97.58
31837,97.58
31837,97.58
31839,96.75
31839,96.75
31839,96.79
31839,96.81
31839,96.88
31846,96.68
31846,96.68
31846,96.76
31846,96.77
31846,96.80
31846,97.03
31893,97.27
31893,97.27
31913,97.57
31921,97.27
31921,97.27
31921,97.27
31921,97.27
31925,97.03
31925,97.03
31925,97.03
31925,97.03
31925,97.16
31925,97.41
31940,97.32
31940,97.32
31957,97.51
31958,97.01
31958,97.01
31958,97.01
31958,97.01
31958,97.01
31980,97.56
31995,97.56
31995,97.56
32004,97.38
32009,96.89
32009,96.89
32009,96.89
32009,96.89
32009,96.89
32011,96.99
32015,96.43
32015,96.43
32015,96.48
32015,96.65
32015,96.66
32015,96.92
32018,97.57
32040,96.14
32040,96.14
32040,96.14
32040,96.14
32040,96.30
32045,97.56
32045,97.56
32062,96.04
32062,96.04
32062,96.04
32062,96.04
32062,96.07
32062,96.27
32066,97.56
32085,97.51
32101,97.25
32101,97.25
32101,97.25
32101,97.25
32101,97.25
32102,97.38
32108,97.03
32153,97.07
32153,97.07
32153,97.09
32153,97.10
32153,97.11
32161,96.85
32161,96.85
32161,96.94
32161,97.06
32161,97.24
32168,97.37
32168,97.37
32175,97.27
32175,97.27
32182,97.55
32211,97.42
32211,97.42
32227,97.55
32227,97.55
32227,97.55
32227,97.55
32227,97.55
32234,97.29
32234,97.29
32234,97.34
32234,97.34
32234,97.35
32251,96.58
32256,96.55
32277,97.55
32279,97.33
32336,97.17
32336,97.17
32336,97.17
32336,97.17
32336,97.17
32336,97.17
32346,97.37
32351,97.52
32376,97.09
32376,97.09
32376,97.14
32376,97.14
32376,97.18
32376,97.20
32378,97.25
32378,97.25
32378,97.25
32378,97.25
32378,97.25
32381,97.32
32393,97.41
32401,96.91
32404,97.50
32417,95.07
32417,95.07
32417,95.07
32417,95.07
32417,95.07
32417,95.07
32424,97.37
32424,97.37
32424,97.37
32424,97.37
32424,97.37
32449,97.08
32449,97.08
32449,97.08
32449,97.08
32449,97.21
32453,96.48
32453,96.48
32453,96.48
32453,96.48
32453,96.48
32453,96.71
32472,95.50
32472,95.50
32472,95.51
32472,95.56
32472,95.66
32493,97.08
32514,96.96
32592,96.43
32592,96.43
32592,96.43
32592,96.43
32592,96.47
32605,97.52
32605,97.52
32605,97.52
32605,97.52
32605,97.52
32644,96.47
32644,96.47
32644,96.47
32644,96.47
32644,96.47
32668,96.98
32668,96.98
32668,97.00
32668,97.00
32668,97.14
32670,97.51
32670,97.51
32670,97.51
32670,97.51
32680,97.10
32709,97.18
32709,97.18
32709,97.18
32709,97.18
32709,97.46
32721,97.23
32721,97.23
32748,97.51
32749,96.65
32749,97.44
32758,96.07
32758,96.50
32758,97.09
32758,97.09
32758,97.09
32758,97.09
32766,97.03
32766,97.03
32766,97.03
32766,97.03
32766,97.03
32766,97.11
32772,97.36
32795,96.28
32795,96.28
32795,96.28
32795,96.28
32795,96.33
32795,96.61
32812,96.86
32815,96.72
32828,95.90
32832,97.31
32832,97.31
32842,97.22
32846,97.41
32850,97.34
32874,96.69
32874,96.72
32874,97.50
32874,97.50
32882,97.44
32882,97.44
32893,97.33
32902,97.42
32934,97.30
32934,97.30
32937,95.85
32937,95.85
32937,95.95
32937,96.02
32937,96.27
32960,97.36
32960,97.36
32968,96.93
32968,96.93
32968,96.93
32968,96.93
32968,97.00
32968,97.04
32996,97.24
32996,97.24
33012,97.40
33012,97.40
33022,95.24
33022,95.24
33022,95.47
33022,95.47
33022,95.47
33022,95.97
33032,97.03
33032,97.03
33032,97.03
33032,97.03
33032,97.04
33040,97.03
33040,97.03
33040,97.03
33040,97.03
33040,97.03
33040,97.08
33056,96.55
33056,96.55
33056,96.55
33056,96.55
33056,96.55
33056,96.55
33107,96.83
33107,96.83
33107,96.83
33107,96.83
33107,96.88
33112,97.40
33117,97.21
33124,97.36
33133,97.24
33133,97.24
33138,97.31
33142,97.19
33142,97.19
33145,96.94
33145,96.94
33145,96.95
33145,96.95
33145,96.98
33161,96.77
33161,96.77
33161,96.78
33161,96.78
33161,96.90
33161,97.01
33162,97.26
33162,97.26
33162,97.26
33162,97.26
33162,97.29
33164,97.04
33172,97.48
33172,97.48
33172,97.48
33172,97.48
33172,97.48
33172,97.48
33178,97.31
33178,97.48
33178,97.48
33215,97.31
33215,97.31
33215,97.31
33215,97.31
33215,97.31
33247,97.37
33255,96.94
33265,97.38
33267,92.04
33267,92.04
33267,92.04
33267,92.04
33267,92.04
33283,96.04
33283,96.04
33283,96.12
33283,96.12
33283,96.23
33283,96.43
33291,95.36
33291,95.36
33291,95.36
33291,95.36
33291,95.48
33291,96.03
33300,96.55
33300,96.55
33300,96.55
33300,96.55
33300,96.63
33316,94.98
33316,94.98
33316,95.02
33316,95.07
33316,95.15
33316,95.67
33321,97.02
33329,96.56
33331,96.81
33355,97.46
33358,96.78
33358,96.78
33358,96.78
33358,96.78
33358,96.82
33358,97.01
33359,97.24
33359,97.24
33367,96.39
33381,97.45
33425,96.56
33441,97.01
33441,97.01
33441,97.02
33441,97.02
33441,97.04
33445,97.11
33445,97.11
33450,97.40
33450,97.40
33450,97.40
33450,97.40
33450,97.40
33460,97.15
33460,97.15
33460,97.15
33460,97.15
33460,97.15
33467,97.16
33467,97.16
33470,95.45
33549,97.45
33556,96.81
33556,96.81
33556,96.82
33556,96.97
33556,97.22
33572,96.47
33572,96.47
33572,96.57
33572,96.73
33572,97.14
33576,97.03
33576,97.03
33576,97.03
33576,97.03
33576,97.03
33576,97.03
33588,96.08
33593,97.45
33610,96.07
33610,96.07
33610,96.07
33610,96.07
33610,96.07
33610,96.22
33615,97.44
33615,97.44
33615,97.44
33615,97.44
33615,97.44
33620,96.63
33620,96.67
33620,96.79
33623,97.37
33654,97.32
33670,97.44
33670,97.44
33670,97.44
33671,97.44
33702,97.23
33702,97.23
33716,97.44
33716,97.44
33716,97.44
33716,97.44
33716,97.44
33716,97.44
33724,93.87
33724,93.87
33724,93.87
33724,93.87
33724,93.98
33724,94.86
33733,97.32
33767,96.52
33767,96.52
33767,96.52
33767,96.52
33767,96.55
33767,96.83
33774,96.78
33774,96.82
33780,95.08
33780,95.08
33780,95.30
33780,95.30
33780,95.49
33807,95.70
33807,97.43
33807,97.43
33807,97.43
33807,97.43
33807,97.43
33808,96.74
33808,97.43
33808,97.43
33808,97.43
33808,97.43
33808,97.43
33832,95.00
33832,95.00
33832,95.07
33832,95.07
33832,95.19
33832,95.41
33832,97.42
33837,97.35
33848,96.74
33868,96.12
33868,96.12
33868,96.18
33868,96.23
33868,96.32
33883,96.15
33888,97.38
33893,97.26
33904,96.96
33960,97.11
33960,97.11
33960,97.11
33960,97.11
33960,97.11
33994,97.41
33994,97.41
33994,97.41
33994,97.41
33994,97.41
33994,97.41
34004,96.65
34004,96.65
34004,96.65
34004,96.65
34004,96.65
34004,96.77
34049,96.90
34049,96.90
34049,96.90
34049,96.90
34049,96.90
34053,97.09
34076,97.41
34076,97.41
34076,97.41
34076,97.41
34076,97.41
34078,96.96
34078,96.96
34078,96.96
34078,96.96
34078,96.96
34100,97.27
34100,97.27
34100,97.27
34100,97.27
34100,97.27
34110,97.32
34110,97.32
34110,97.32
34110,97.32
34110,97.33
34133,96.99
34133,96.99
34133,96.99
34133,97.05
34134,97.39
34169,96.90
34169,96.90
34169,96.90
34169,96.90
34169,96.91
34171,97.40
34171,97.40
34171,97.40
34171,97.40
34171,97.40
34171,97.40
34189,95.81
34189,96.71
34189,96.71
34189,96.71
34189,96.71
34189,96.71
34227,97.14
34227,97.14
34227,97.14
34227,97.14
34227,97.14
34243,96.48
34243,96.48
34243,96.48
34243,96.48
34243,96.48
34243,96.70
34253,97.26
34303,96.05
34306,97.11
34335,96.66
34335,96.66
34335,96.66
34335,96.66
34335,96.72
34344,96.13
34344,96.13
34344,96.13
34344,96.13
34344,96.19
34348,97.08
34348,97.08
34348,97.08
34348,97.08
34351,97.19
34351,97.19
34351,97.19
34353,97.05
34353,97.05
34353,97.05
34353,97.05
34353,97.05
34354,97.28
34359,97.19
34359,97.19
34370,97.11
34370,97.11
34370,97.15
34387,97.25
34420,97.38
34430,97.38
34430,97.38
34430,97.38
34430,97.38
34430,97.38
34430,97.38
34441,97.38
34446,96.16
34446,96.16
34446,96.16
34446,96.16
34446,96.16
34454,96.71
34477,97.38
34477,97.38
34477,97.38
34477,97.38
34477,97.38
34477,97.38
34482,95.43
34493,96.91
34504,97.12
34514,97.38
34514,97.38
34535,96.41
34535,96.41
34535,96.41
34535,96.41
34535,96.49
34535,96.72
34548,96.34
34548,96.34
34548,96.35
34548,96.40
34548,96.46
34548,96.63
34564,97.19
34564,97.19
34574,97.37
34574,97.37
34574,97.37
34589,97.18
34624,97.23
34628,97.36
34653,97.30
34653,97.30
34653,97.30
34656,97.01
34656,97.01
34656,97.11
34656,97.11
34656,97.11
34656,97.13
34669,97.23
34669,97.23
34673,97.15
34679,97.24
34688,97.11
34709,97.09
34709,97.09
34709,97.09
34709,97.09
34709,97.09
34723,96.05
34729,97.32
34729,97.32
34754,96.15
34764,97.32
34764,97.32
34764,97.32
34764,97.32
34764,97.32
34777,96.91
34777,96.91
34777,96.91
34777,96.91
34777,96.91
34781,96.62
34781,96.62
34781,96.62
34781,96.62
34781,96.62
34818,97.35
34818,97.35
34818,97.35
34818,97.35
34841,97.35
34891,97.35
34891,97.35
34891,97.35
34891,97.35
34891,97.35
34891,97.35
34895,97.35
34895,97.35
34895,97.35
34910,97.35
34910,97.35
34910,97.35
34910,97.35
34910,97.35
34917,97.18
34917,97.18
34917,97.18
34917,97.18
34937,97.21
34937,97.21
34937,97.21
34937,97.21
34937,97.21
34949,96.81
34949,97.02
34956,96.50
34956,97.14
34965,95.65
34965,95.65
34965,95.69
34965,95.70
34972,97.34
35008,97.08
35011,97.22
35016,96.98
35016,96.98
35047,97.20
35060,97.33
35060,97.33
35060,97.33
35060,97.33
35060,97.33
35063,97.33
35063,97.33
35063,97.33
35071,95.82
35099,97.30
35120,97.20
35124,97.33
35124,97.33
35124,97.33
35124,97.33
35124,97.33
35124,97.33
35129,97.13
35129,97.13
35129,97.13
35129,97.13
35129,97.13
35157,96.58
35166,96.52
35166,96.52
35166,96.84
35166,97.05
35166,97.09
35170,96.98
35170,96.98
35170,96.98
35170,96.98
35170,96.98
35180,96.99
35180,97.07
35183,96.84
35183,96.84
35183,96.86
35183,96.86
35192,97.32
35198,95.06
35198,95.06
35198,95.07
35198,95.07
35198,95.09
35198,95.43
35204,96.29
35204,96.29
35204,96.36
35210,97.06
35226,95.31
35231,96.51
35231,96.51
35231,96.55
35231,96.55
35231,96.69
35261,97.24
35261,97.24
35261,97.24
35261,97.24
35269,96.93
35284,96.00
35289,97.27
35295,97.03
35295,97.03
35295,97.03
35295,97.03
35295,97.03
35296,96.75
35296,96.75
35296,96.78
35296,96.78
35296,96.78
35296,97.20
35299,96.98
35306,97.23
35333,97.08
35333,97.08
35333,97.15
35333,97.15
35333,97.17
35358,97.20
35358,97.20
35396,96.47
35398,96.36
35437,96.85
35437,96.85
35437,96.86
35437,96.86
35437,96.93
35438,97.19
35465,96.74
35469,97.30
35480,96.63
35480,96.63
35480,96.64
35480,96.67
35483,97.30
35483,97.30
35483,97.30
35483,97.30
35483,97.30
35532,97.09
35532,97.09
35535,96.95
35572,96.32
35572,96.32
35572,96.32
35572,96.32
35572,96.32
35572,96.32
35574,96.02
35594,94.96
35594,94.96
35594,94.96
35594,94.96
35594,95.33
35594,95.44
35621,94.72
35621,94.72
35621,95.02
35621,95.15
35621,95.67
35621,96.28
35721,96.48
35721,96.48
35721,96.48
35721,96.69
35721,96.98
35726,97.14
35727,96.95
35731,96.89
35731,96.89
35731,96.89
35731,96.89
35751,97.10
35751,97.10
35770,96.70
35770,96.70
35770,96.70
35770,96.70
35770,96.84
35770,96.97
35774,94.39
35774,94.39
35774,94.39
35774,94.39
35774,94.39
35774,96.60
35783,94.60
35783,94.67
35783,94.83
35821,97.08
35828,97.19
35843,97.24
35847,97.17
35900,96.74
35900,96.74
35900,96.74
35900,96.74
35900,96.83
35918,96.98
35918,96.98
35940,94.92
35952,97.27
35952,97.27
35952,97.27
35952,97.27
35952,97.27
35952,97.27
35957,96.26
35957,96.26
35957,96.28
35957,96.70
35980,95.54
35980,95.54
35980,95.54
35980,95.61
35980,95.82
35989,96.82
35989,96.82
35989,96.84
35989,96.84
35989,96.95
35989,97.21
35990,96.53
35990,96.53
35990,96.53
35990,96.53
35990,96.54
35990,96.83
36006,96.83
36006,96.83
36006,96.91
36006,96.93
36006,96.94
36013,97.26
36013,97.26
36020,97.26
36020,97.26
36031,97.26
36031,97.26
36037,96.15
36037,96.15
36037,96.16
36037,96.17
36037,96.22
36037,96.38
36046,96.77
36046,96.77
36046,96.77
36046,96.77
36046,96.83
36055,96.97
36055,96.97
36055,96.97
36055,96.97
36055,96.97
36067,97.26
36067,97.26
36067,97.26
36067,97.26
36067,97.26
36068,96.66
36068,96.66
36068,96.66
36068,96.66
36068,96.66
36068,96.88
36128,97.17
36128,97.17
36128,97.17
36128,97.17
36128,97.17
36128,97.17
36142,96.52
36142,96.53
36148,96.19
36177,96.66
36177,96.66
36177,96.69
36177,96.73
36177,96.88
36191,97.25
36198,96.16
36198,96.16
36198,96.20
36198,96.21
36198,96.29
36205,97.25
36222,96.12
36222,96.12
36222,96.18
36222,96.18
36222,96.18
36240,96.92
36240,96.92
36240,96.92
36240,96.92
36240,96.92
36240,97.09
36253,96.64
36253,96.64
36253,96.65
36253,96.65
36253,96.73
36267,97.24
36267,97.24
36267,97.24
36267,97.24
36267,97.24
36267,97.24
36283,96.98
36283,96.98
36283,96.98
36283,96.98
36283,96.99
36323,96.95
36323,96.95
36323,96.95
36323,96.95
36323,96.95
36324,97.15
36329,96.77
36329,96.77
36329,96.83
36329,96.86
36329,97.09
36330,96.70
36337,96.14
36357,96.77
36357,96.77
36357,96.77
36357,96.77
36361,96.36
36363,96.29
36373,96.23
36373,96.23
36373,96.43
36403,96.61
36462,97.05
36462,97.05
36462,97.05
36464,97.23
36464,97.23
36466,96.79
36470,97.20
36470,97.20
36470,97.20
36470,97.20
36470,97.20
36470,97.20
36479,96.99
36485,96.85
36515,97.13
36536,97.16
36547,96.42
36550,96.17
36550,96.17
36550,96.17
36550,96.17
36550,96.21
36550,96.32
36550,96.38
36566,96.88
36566,96.88
36566,96.91
36566,96.91
36566,96.91
36568,96.87
36574,97.07
36574,97.07
36574,97.07
36574,97.07
36574,97.07
36574,97.07
36579,95.02
36579,95.02
36579,95.19
36579,95.19
36579,95.21
36580,97.07
36580,97.07
36611,96.39
36611,96.39
36611,96.39
36611,96.39
36611,96.39
36613,97.22
36625,95.60
36630,96.94
36643,95.68
36660,96.57
36660,96.57
36660,96.57
36660,96.57
36660,96.57
36660,96.87
36709,95.15
36722,95.91
36722,95.91
36722,95.99
36722,96.04
36722,96.13
36732,96.87
36767,97.09
36767,97.09
36774,96.36
36774,96.36
36779,96.40
36779,96.40
36779,96.40
36779,96.40
36779,96.40
36779,96.40
36792,96.73
36798,96.82
36801,96.34
36801,96.34
36816,96.89
36816,96.91
36816,96.91
36818,96.65
36822,96.96
36847,97.20
36847,97.20
36849,97.11
36849,97.11
36849,97.11
36849,97.11
36849,97.11
36885,96.76
36885,96.76
36885,96.76
36885,96.76
36885,96.76
36897,96.13
36927,97.05
36927,97.05
36956,96.06
36956,96.08
36956,96.20
36956,96.45
36966,97.19
36973,96.73
36975,96.60
36984,96.44
36985,96.87
36985,96.87
37000,96.57
37022,97.07
37022,97.07
37039,95.25
37039,95.25
37039,95.27
37039,95.34
37039,95.47
37052,97.14
37052,97.14
37052,97.14
37052,97.14
37052,97.14
37052,97.14
37089,96.29
37089,96.29
37089,96.35
37089,96.38
37089,96.46
37089,96.67
37114,96.95
37114,96.95
37114,96.95
37114,96.95
37114,96.95
37114,97.11
37122,97.18
37128,96.82
37139,96.74
37139,96.74
37139,96.74
37139,96.74
37139,96.74
37158,95.79
37178,96.20
37178,96.20
37178,96.20
37178,96.28
37178,96.57
37197,97.17
37197,97.17
37197,97.17
37197,97.17
37197,97.17
37203,97.05
37203,97.05
37210,96.88
37236,96.76
37246,96.47
37246,96.72
37252,96.84
37252,96.84
37252,96.84
37252,96.84
37252,96.84
37262,96.64
37324,96.54
37340,97.02
37340,97.02
37359,96.62
37359,96.62
37359,96.62
37359,96.62
37359,96.62
37359,96.98
37359,97.16
37359,97.16
37366,97.11
37378,96.35
37378,96.35
37378,96.35
37378,96.35
37378,96.35
37437,97.15
37437,97.15
37437,97.15
37437,97.15
37437,97.15
37437,97.15
37481,97.10
37481,97.10
37501,94.89
37506,96.24
37506,96.24
37506,96.32
37506,96.32
37506,96.37
37513,96.34
37513,96.34
37513,96.38
37513,96.38
37534,96.17
37534,96.17
37534,96.17
37534,96.43
37534,96.48
37534,96.80
37538,96.78
37549,96.49
37549,96.49
37560,95.29
37563,97.08
37567,97.12
37567,97.12
37567,97.12
37567,97.12
37582,96.99
37582,96.99
37587,96.54
37587,96.54
37587,96.56
37587,96.57
37587,96.67
37639,96.19
37639,96.19
37639,96.20
37639,96.20
37639,96.37
37651,97.03
37651,97.03
37651,97.03
37651,97.03
37651,97.03
37651,97.07
37667,94.75
37667,97.14
37667,97.14
37667,97.14
37667,97.14
37667,97.14
37684,97.13
37684,97.13
37684,97.13
37684,97.13
37690,96.40
37690,96.40
37690,96.45
37690,96.45
37690,96.45
37704,96.54
37704,96.54
37704,96.60
37704,96.60
37704,96.60
37705,95.92
37705,95.92
37705,95.93
37705,95.97
37705,96.08
37705,96.47
37725,96.64
37727,96.26
37727,96.26
37739,96.10
37764,97.13
37764,97.13
37764,97.13
37764,97.13
37764,97.13
37764,97.13
37778,97.09
37797,97.13
37797,97.13
37797,97.13
37797,97.13
37797,97.13
37797,97.13
37806,95.62
37806,95.62
37806,95.62
37806,95.62
37806,95.62
37808,97.11
37842,97.00
37842,97.12
37847,96.27
37875,97.12
37875,97.12
37875,97.12
37875,97.12
37875,97.12
37875,97.12
37880,96.78
37880,96.78
37880,96.84
37880,96.84
37880,96.89
37901,96.56
37901,96.56
37901,96.56
37901,96.56
37901,96.56
37907,97.12
37914,96.83
37914,97.12
37917,96.51
37924,96.44
37924,96.44
37924,96.44
37924,96.44
37936,96.40
37936,96.40
37936,96.40
37936,96.40
37936,96.40
37946,96.67
37946,96.67
37992,96.79
37992,96.79
37992,96.79
37992,96.79
37992,96.79
37997,97.11
38000,96.15
38000,96.15
38000,96.24
38000,96.24
38000,96.24
38000,96.70
38092,96.71
38115,96.06
38115,96.06
38204,95.75
38204,95.75
38204,95.75
38204,95.75
38217,96.88
38217,96.88
38242,96.11
38252,95.98
38255,96.50
38255,96.50
38255,96.50
38255,96.50
38255,96.50
38255,96.57
38260,96.11
38260,96.11
38260,96.12
38260,96.13
38260,96.24
38260,96.41
38269,95.99
38269,95.99
38269,95.99
38269,95.99
38269,95.99
38269,95.99
38271,96.32
38271,96.41
38271,96.48
38271,96.79
38285,96.81
38285,96.81
38285,96.81
38285,96.81
38289,95.56
38289,95.56
38289,95.63
38289,95.77
38289,96.14
38289,96.46
38300,97.09
38333,97.08
38339,96.45
38339,96.45
38339,96.45
38339,96.51
38339,96.55
38360,96.87
38360,96.87
38367,97.08
38367,97.08
38367,97.08
38367,97.08
38427,95.66
38455,97.04
38473,96.91
38499,96.24
38499,96.24
38499,96.24
38499,96.24
38499,96.34
38507,97.07
38507,97.07
38507,97.07
38507,97.07
38507,97.07
38507,97.07
38522,96.59
38522,96.59
38522,96.62
38522,96.62
38522,96.64
38549,96.10
38549,96.10
38549,96.10
38549,96.22
38549,96.25
38579,97.00
38579,97.00
38579,97.00
38579,97.00
38579,97.00
38591,96.98
38591,96.98
38606,97.06
38627,87.02
38645,96.66
38645,96.66
38645,96.66
38645,96.69
38683,96.96
38683,96.96
38695,97.05
38695,97.05
38706,96.81
38706,96.81
38706,96.81
38706,96.81
38706,96.93
38708,97.06
38715,94.89
38764,96.71
38765,96.77
38765,96.77
38765,96.91
38765,96.91
38765,96.91
38769,96.85
38787,96.43
38789,97.05
38789,97.05
38789,97.05
38789,97.05
38789,97.05
38789,97.05
38812,96.85
38814,97.05
38814,97.05
38814,97.05
38814,97.05
38822,97.05
38826,96.58
38826,96.59
38828,96.99
38828,96.99
38828,96.99
38828,96.99
38828,96.99
38892,95.14
38892,95.14
38892,95.14
38892,95.18
38892,95.39
38892,95.68
38963,94.34
38963,94.34
38963,94.34
38963,94.34
38963,94.34
38967,96.26
38970,96.75
38970,96.75
38970,96.83
38970,96.83
38970,96.84
38972,96.89
38997,96.88
39029,97.03
39029,97.03
39029,97.03
39029,97.03
39040,97.03
39040,97.03
39040,97.03
39040,97.03
39040,97.03
39057,96.32
39057,96.32
39057,96.32
39057,96.41
39057,96.85
39063,96.81
39069,96.99
39074,94.91
39117,96.14
39170,96.71
39170,96.71
39170,96.73
39170,96.74
39170,96.79
39192,95.69
39200,95.75
39213,97.02
39213,97.02
39213,97.02
39213,97.02
39213,97.02
39213,97.02
39225,95.66
39272,95.46
39275,95.82
39275,95.82
39275,95.85
39275,95.88
39275,95.98
39275,96.09
39284,96.19
39328,96.00
39328,96.00
39328,96.05
39328,96.06
39328,96.14
39328,96.30
39345,95.61
39349,96.82
39362,96.69
39371,96.65
39371,96.65
39371,96.65
39371,96.65
39371,96.79
39371,96.95
39409,96.65
39409,96.65
39409,96.66
39409,96.66
39409,96.69
39412,97.00
39412,97.00
39412,97.00
39412,97.00
39412,97.00
39426,96.97
39426,96.97
39426,96.97
39426,96.97
39426,96.97
39426,96.97
39427,96.65
39437,96.19
39471,96.41
39506,97.00
39526,96.73
39528,96.91
39528,96.91
39544,94.45
39552,95.95
39552,95.95
39552,95.95
39552,95.95
39552,95.95
39555,96.84
39555,96.84
39555,96.84
39555,96.84
39555,96.84
39568,96.51
39568,96.51
39568,96.54
39577,96.99
39590,96.49
39590,96.49
39590,96.49
39590,96.51
39590,96.59
39602,96.88
39639,96.74
39691,96.63
39723,96.19
39767,96.81
39861,96.51
39861,96.51
39861,96.52
39861,96.52
39861,96.68
39881,96.12
39881,96.12
39881,96.24
39881,96.41
39881,96.45
39884,96.34
39884,96.88
39884,96.88
39884,96.88
39884,96.88
39901,96.97
39901,96.97
39901,96.97
39901,96.97
39901,96.97
39901,96.97
39941,96.40
39941,96.40
39941,96.40
39941,96.40
39941,96.41
39962,96.64
39962,96.64
39962,96.64
39962,96.64
39962,96.67
39997,95.96
39999,96.31
39999,96.32
40042,96.29
40042,96.29
40050,96.18
40050,96.18
40050,96.18
40050,96.18
40050,96.18
40050,96.28
40055,95.98
40073,95.81
40074,96.95
40081,96.51
40082,96.34
40082,96.34
40082,96.34
40082,96.34
40082,96.34
40101,96.85
40101,96.85
40101,96.85
40101,96.85
40101,96.85
40116,95.82
40145,96.70
40146,96.95
40148,95.75
40148,95.75
40148,95.80
40148,95.80
40148,95.87
40154,96.93
40154,96.93
40154,96.93
40154,96.93
40154,96.93
40162,96.49
40179,96.94
40179,96.94
40179,96.94
40202,96.94
40202,96.94
40202,96.94
40202,96.94
40202,96.94
40232,96.93
40244,96.65
40254,96.59
40254,96.59
40254,96.63
40254,96.63
40262,96.62
40262,96.62
40262,96.62
40262,96.62
40262,96.79
40279,96.94
40279,96.94
40292,96.69
40356,96.81
40363,95.79
40363,95.79
40363,95.92
40363,96.04
40363,96.04
40363,96.35
40373,96.81
40373,96.81
40373,96.81
40373,96.81
40373,96.81
40377,96.39
40377,96.39
40377,96.39
40377,96.39
40377,96.52
40377,96.72
40413,96.34
40413,96.34
40413,96.36
40413,96.36
40434,96.62
40465,96.77
40485,96.92
40506,96.92
40513,96.65
40513,96.65
40513,96.65
40516,95.91
40516,95.91
40516,95.96
40516,95.99
40516,96.10
40523,96.92
40523,96.92
40523,96.92
40523,96.92
40523,96.92
40571,95.83
40571,95.83
40571,95.86
40571,95.89
40571,95.92
40588,96.91
40616,94.10
40616,94.10
40616,94.10
40616,94.10
40616,94.17
40634,96.16
40634,96.16
40634,96.35
40634,96.35
40634,96.45
40634,96.90
40634,96.91
40634,96.91
40634,96.91
40634,96.91
40634,96.91
40662,96.62
40662,96.62
40662,96.62
40662,96.62
40691,96.64
40712,96.50
40747,94.25
40777,96.90
40777,96.90
40777,96.90
40777,96.90
40777,96.90
40777,96.90
40835,96.74
40851,96.28
40851,96.28
40851,96.28
40851,96.53
40859,96.44
40859,96.44
40859,96.44
40859,96.44
40859,96.44
40859,96.85
40872,96.89
40872,96.89
40872,96.89
40875,96.52
40875,96.89
40875,96.89
40875,96.89
40875,96.89
40875,96.89
40883,96.39
40883,96.39
40883,96.39
40883,96.39
40883,96.39
40889,96.29
40895,96.21
40912,96.09
40912,96.09
40912,96.23
40912,96.28
40912,96.28
40912,96.60
40980,96.29
40980,96.29
40980,96.29
41020,96.65
41030,96.42
41030,96.42
41030,96.42
41030,96.42
41030,96.42
41040,96.69
41040,96.69
41040,96.69
41040,96.69
41040,96.72
41048,96.74
41048,96.74
41048,96.78
41048,96.78
41048,96.78
41053,96.73
41063,96.84
41101,96.15
41101,96.15
41101,96.24
41101,96.27
41101,96.31
41103,96.58
41109,96.43
41120,96.25
41120,96.25
41120,96.25
41134,96.87
41134,96.87
41134,96.87
41134,96.87
41134,96.87
41152,93.83
41216,95.87
41216,95.87
41216,95.89
41216,95.91
41216,96.00
41232,96.76
41234,96.51
41238,96.86
41238,96.86
41238,96.86
41238,96.86
41238,96.86
41279,96.49
41294,96.35
41294,96.35
41294,96.44
41294,96.46
41294,96.58
41334,95.49
41343,96.40
41350,96.66
41350,96.66
41350,96.68
41350,96.69
41365,96.63
41365,96.63
41365,96.66
41365,96.66
41403,96.58
41414,96.84
41419,96.74
41427,96.22
41427,96.22
41427,96.24
41427,96.27
41427,96.29
41428,96.43
41428,96.43
41428,96.43
41428,96.43
41428,96.58
41441,96.76
41441,96.84
41441,96.85
41512,95.62
41512,95.62
41512,95.63
41512,95.63
41541,96.82
41541,96.82
41541,96.82
41541,96.82
41554,96.10
41554,96.10
41554,96.13
41554,96.14
41554,96.23
41558,96.25
41558,96.25
41558,96.26
41558,96.27
41558,96.38
41582,95.83
41582,95.83
41582,95.83
41582,95.83
41582,96.12
41592,96.28
41599,96.51
41599,96.53
41599,96.58
41618,96.74
41618,96.78
41636,96.63
41636,96.63
41636,96.63
41636,96.63
41636,96.63
41691,96.72
41707,96.38
41707,96.38
41707,96.38
41707,96.38
41707,96.47
41707,96.47
41708,96.48
41708,96.50
41708,96.57
41743,96.42
41748,96.70
41751,93.91
41751,93.91
41751,93.91
41751,93.91
41751,94.25
41751,94.52
41765,96.53
41765,96.53
41765,96.55
41765,96.55
41765,96.55
41813,96.82
41813,96.82
41813,96.82
41813,96.82
41813,96.82
41813,96.82
41817,96.41
41817,96.41
41817,96.47
41817,96.47
41817,96.52
41825,96.62
41830,96.82
41830,96.82
41830,96.82
41830,96.82
41842,95.37
41864,96.39
41864,96.39
41864,96.48
41864,96.48
41864,96.48
41867,96.81
41887,96.81
41887,96.81
41887,96.81
41887,96.81
41887,96.81
41900,96.66
41929,95.77
41929,95.77
41929,95.86
41929,95.86
41929,95.96
41968,96.56
41968,96.56
41968,96.56
41968,96.56
41968,96.63
41970,96.38
42007,96.24
42007,96.24
42007,96.24
42007,96.24
42007,96.24
42007,96.24
42031,96.65
42058,96.40
42064,96.64
42064,96.64
42070,96.12
42070,96.12
42070,96.22
42070,96.22
42070,96.22
42070,96.22
42076,96.05
42076,96.05
42076,96.07
42076,96.07
42076,96.19
42130,96.23
42130,96.23
42130,96.27
42130,96.27
42130,96.31
42131,96.33
42131,96.33
42131,96.33
42131,96.33
42131,96.33
42131,96.33
42148,95.02
42148,95.02
42148,95.02
42148,95.02
42148,95.13
42148,95.23
42156,96.54
42156,96.54
42156,96.54
42156,96.54
42156,96.54
42156,96.79
42200,96.02
42200,96.02
42201,87.02
42201,87.02
42201,87.02
42201,87.02
42201,87.02
42203,96.79
42260,96.61
42260,96.61
42260,96.61
42260,96.61
42260,96.61
42279,96.70
42279,96.70
42279,96.70
42279,96.70
42279,96.70
42279,96.70
42302,96.78
42302,96.78
42302,96.78
42302,96.78
42302,96.78
42307,96.54
42311,95.24
42311,95.24
42311,95.25
42311,95.30
42311,95.41
42311,95.78
42389,95.71
42395,96.78
42408,96.29
42408,96.29
42408,96.29
42408,96.29
42408,96.29
42448,95.61
42463,96.02
42463,96.02
42463,96.06
42463,96.12
42463,96.28
42466,96.62
42491,96.07
42491,96.07
42491,96.15
42491,96.19
42491,96.39
42519,94.06
42519,94.06
42519,94.06
42519,94.06
42519,94.06
42519,94.06
42527,96.51
42545,96.61
42545,96.61
42545,96.76
42559,96.68
42559,96.68
42559,96.68
42559,96.68
42561,96.74
42561,96.76
42561,96.76
42561,96.76
42561,96.76
42565,94.59
42565,94.59
42565,94.64
42565,94.69
42565,95.13
42565,95.42
42568,96.42
42568,96.42
42580,95.85
42580,95.85
42580,95.85
42580,95.86
42580,96.08
42580,96.22
42632,96.76
42632,96.76
42632,96.76
42632,96.76
42632,96.76
42632,96.76
42667,96.29
42668,96.21
42668,96.21
42668,96.21
42668,96.26
42668,96.26
42692,96.75
42692,96.75
42692,96.75
42703,95.71
42703,95.71
42703,95.71
42703,95.71
42703,95.91
42703,96.41
42716,96.55
42722,96.04
42752,96.24
42752,96.24
42752,96.24
42752,96.24
42752,96.28
42752,96.55
42784,95.97
42788,96.75
42788,96.75
42788,96.75
42788,96.75
42788,96.75
42788,96.75
42790,94.06
42814,95.55
42814,95.55
42814,95.64
42814,95.65
42814,95.79
42902,95.78
42927,96.16
42927,96.16
42927,96.19
42927,96.19
42927,96.42
42934,96.45
42934,96.45
42934,96.45
42934,96.48
42934,96.48
42935,96.21
42935,96.21
42935,96.21
42935,96.21
42935,96.21
42935,96.43
42989,96.73
42989,96.73
42989,96.73
42989,96.73
42989,96.73
43009,95.27
43009,95.68
43012,95.52
43012,95.52
43012,95.57
43012,95.58
43012,95.68
43033,94.85
43033,94.85
43033,94.87
43033,94.91
43033,95.14
43043,95.22
43043,95.22
43043,95.22
43043,95.22
43043,95.22
43087,96.42
43087,96.42
43087,96.42
43087,96.42
43087,96.70
43088,96.37
43088,96.37
43088,96.41
43088,96.41
43088,96.45
43107,96.28
43107,96.28
43107,96.30
43107,96.30
43107,96.33
43108,96.37
43136,96.30
43136,96.33
43144,96.32
43158,96.10
43158,96.10
43158,96.10
43158,96.10
43158,96.15
43208,94.95
43208,95.15
43208,95.49
43261,96.71
43261,96.71
43261,96.71
43261,96.71
43266,96.60
43266,96.60
43266,96.60
43266,96.60
43266,96.60
43266,96.60
43297,96.71
43297,96.71
43297,96.71
43297,96.71
43297,96.71
43297,96.71
43307,96.71
43316,94.96
43316,95.14
43335,95.56
43335,95.56
43335,95.56
43335,95.56
43335,95.67
43338,96.32
43338,96.32
43338,96.32
43338,96.32
43338,96.37
43340,96.64
43359,94.16
43359,94.16
43359,94.20
43359,94.23
43359,94.66
43361,96.43
43365,95.16
43365,95.16
43365,95.19
43365,95.26
43365,95.38
43376,96.48
43380,96.16
43384,95.65
43384,95.65
43384,95.68
43384,95.74
43384,95.87
43397,96.10
43397,96.10
43397,96.13
43397,96.13
43397,96.29
43408,96.70
43440,96.67
43456,96.28
43456,96.28
43456,96.28
43456,96.28
43456,96.33
43520,95.19
43537,96.32
43548,96.69
43548,96.69
43548,96.69
43548,96.69
43562,96.35
43566,95.44
43566,95.44
43566,95.61
43566,95.69
43566,95.81
43569,96.44
43683,95.20
43683,95.20
43683,95.20
43683,95.20
43683,95.20
43683,96.62
43687,96.13
43748,96.49
43824,95.56
43840,94.47
43840,94.47
43840,94.65
43840,94.84
43840,95.01
43840,95.35
43841,96.29
43846,95.43
43846,95.43
43846,95.53
43846,95.57
43846,95.71
43865,96.08
43878,96.66
43878,96.66
43878,96.66
43878,96.66
43878,96.66
43878,96.66
43892,95.35
43892,95.35
43892,95.38
43892,95.46
43892,95.56
43943,96.17
43943,96.17
43943,96.17
43943,96.23
43943,96.26
43946,96.28
43947,96.66
43954,93.99
43956,95.96
43969,96.65
43969,96.65
43969,96.65
43969,96.65
43969,96.65
43978,96.37
43978,96.37
43978,96.37
43978,96.37
43998,96.63
44009,96.15
44011,96.02
44011,96.02
44011,96.02
44011,96.02
44011,96.04
44011,96.58
44014,96.30
44052,96.65
44052,96.65
44052,96.65
44052,96.65
44061,96.27
44067,96.49
44146,95.03
44146,95.04
44146,95.18
44158,96.47
44196,96.64
44204,94.46
44204,94.46
44222,96.07
44222,96.07
44222,96.07
44222,96.08
44222,96.08
44241,96.64
44257,96.46
44257,96.46
44257,96.46
44257,96.46
44257,96.46
44257,96.47
44318,96.63
44338,95.81
44377,94.99
44379,96.22
44379,96.63
44380,96.38
44380,96.38
44388,95.92
44388,95.92
44388,95.92
44388,95.92
44388,96.04
44398,95.98
44403,94.72
44403,94.72
44403,94.79
44403,94.85
44403,95.07
44403,95.45
44409,96.13
44409,96.13
44409,96.13
44409,96.13
44409,96.13
44414,95.38
44414,95.38
44414,95.39
44414,95.41
44414,95.53
44414,95.91
44420,96.07
44420,96.07
44420,96.07
44420,96.07
44420,96.07
44428,95.87
44428,95.87
44428,95.87
44428,95.91
44428,96.10
44478,93.39
44478,94.85
44478,94.85
44478,94.85
44478,94.85
44478,94.85
44483,96.62
44502,96.62
44502,96.62
44502,96.62
44502,96.62
44502,96.62
44571,96.23
44571,96.23
44580,96.61
44580,96.61
44580,96.61
44580,96.61
44580,96.61
44580,96.61
44582,96.27
44582,96.27
44582,96.27
44582,96.30
44586,95.87
44586,95.87
44586,95.92
44586,95.92
44586,96.02
44607,96.37
44750,95.99
44750,95.99
44750,95.99
44750,96.04
44750,96.17
44766,96.60
44778,95.65
44778,95.65
44778,95.65
44778,95.65
44778,95.79
44785,95.28
44785,95.28
44785,95.34
44785,95.38
44785,95.55
44785,95.88
44816,96.04
44832,93.05
44882,95.56
44882,95.56
44882,95.57
44882,95.63
44882,95.75
44918,96.58
44918,96.58
44934,96.10
44934,96.58
44940,95.75
44940,95.75
44940,95.77
44940,95.77
44940,95.79
44962,96.46
44962,96.46
44962,96.46
44962,96.46
44971,95.70
44975,96.58
44975,96.58
44975,96.58
44975,96.58
44975,96.58
44975,96.58
44988,95.37
44988,95.37
44999,96.58
44999,96.58
44999,96.58
44999,96.58
44999,96.58
44999,96.58
45002,95.04
45002,95.04
45002,95.04
45002,95.06
45002,95.24
45017,95.55
45017,95.55
45018,96.41
45042,96.42
45063,96.16
45109,96.06
45109,96.06
45109,96.06
45109,96.07
45109,96.13
45141,96.44
45141,96.44
45170,95.69
45173,96.56
45173,96.56
45173,96.56
45174,96.25
45301,95.64
45324,96.55
45338,96.14
45338,96.14
45338,96.14
45338,96.22
45354,95.29
45354,95.29
45354,95.41
45354,95.41
45354,95.44
45366,96.48
45366,96.48
45366,96.52
45366,96.52
45366,96.54
45411,95.94
45411,95.94
45411,95.99
45411,96.13
45411,96.41
45437,96.39
45495,96.08
45500,89.86
45500,89.86
45500,90.17
45500,90.17
45500,90.17
45500,91.97
45519,96.54
45561,96.16
45561,96.34
45578,96.53
45578,96.53
45578,96.53
45578,96.53
45578,96.53
45578,96.53
45598,96.35
45649,95.40
45649,95.40
45649,95.40
45649,95.40
45649,95.40
45649,95.40
45652,94.26
45652,94.26
45652,94.26
45652,94.40
45652,94.61
45652,95.30
45685,95.06
45695,95.68
45695,95.80
45700,95.59
45700,95.59
45700,95.59
45700,95.59
45700,95.93
45708,96.52
45711,95.98
45716,96.15
45779,95.27
45791,95.53
45810,96.06
45810,96.06
45810,96.06
45810,96.06
45810,96.06
45825,96.52
45825,96.52
45825,96.52
45825,96.52
45825,96.52
45836,96.34
45836,96.34
45840,96.51
45840,96.51
45840,96.51
45840,96.51
45840,96.51
45840,96.51
45853,96.48
45853,96.48
45853,96.48
45853,96.48
45869,95.92
45869,95.92
45869,95.98
45869,96.05
45886,95.79
45916,95.59
45916,95.59
45916,95.59
45916,95.59
45916,95.63
45920,96.39
45920,96.39
45920,96.39
45923,94.94
45923,94.94
45926,95.85
45940,95.95
46122,95.65
46122,95.80
46166,96.32
46166,96.32
46166,96.32
46166,96.32
46166,96.32
46216,95.83
46217,95.72
46217,95.72
46217,95.72
46217,95.74
46217,95.95
46231,96.48
46242,95.87
46269,93.57
46269,93.57
46269,93.57
46269,93.59
46269,93.81
46283,96.32
46283,96.32
46283,96.32
46283,96.32
46283,96.32
46322,96.33
46322,96.33
46360,96.47
46360,96.47
46372,96.25
46372,96.25
46380,96.36
46420,96.20
46438,96.47
46456,95.31
46464,96.47
46464,96.47
46464,96.47
46464,96.47
46464,96.47
46481,94.45
46481,94.45
46481,94.50
46481,94.64
46481,94.89
46481,95.36
46576,96.39
46607,95.77
46638,96.45
46661,96.39
46697,96.31
46697,96.31
46697,96.31
46697,96.31
46697,96.31
46722,95.66
46722,95.66
46722,95.66
46722,95.66
46722,95.66
46728,93.07
46817,96.44
46821,96.41
46841,96.41
46841,96.41
46841,96.41
46841,96.41
46841,96.41
46883,96.05
46883,96.05
46883,96.05
46883,96.05
46883,96.05
46889,95.35
46889,95.35
46889,95.39
46889,95.42
46889,95.42
46905,96.43
46916,96.43
46948,95.78
46958,95.60
46958,96.16
46971,96.15
47005,94.80
47005,94.80
47005,94.84
47005,94.85
47009,96.08
47026,95.13
47026,95.14
47026,95.26
47029,96.01
47041,96.06
47041,96.06
47041,96.06
47041,96.12
47041,96.12
47106,96.18
47115,96.07
47115,96.07
47115,96.42
47115,96.42
47115,96.42
47131,96.08
47131,96.42
47131,96.42
47131,96.42
47131,96.42
47131,96.42
47149,95.70
47149,95.70
47149,95.81
47149,95.82
47159,95.60
47161,96.19
47193,96.08
47237,96.41
47237,96.41
47237,96.41
47242,94.56
47242,94.56
47242,94.64
47242,94.64
47242,94.73
47242,95.13
47256,95.04
47256,95.04
47299,95.14
47332,96.24
47354,96.40
47354,96.40
47354,96.40
47430,96.39
47430,96.39
47430,96.39
47430,96.39
47548,95.93
47556,95.69
47556,95.69
47556,95.69
47556,95.69
47556,95.69
47577,95.61
47577,95.61
47577,95.61
47577,95.61
47577,95.66
47586,95.83
47593,96.02
47617,95.47
47627,96.19
47627,96.19
47627,96.21
47627,96.23
47628,95.02
47628,95.10
47628,95.22
47719,96.13
47720,96.08
47840,93.29
47840,93.29
47840,93.29
47840,93.42
47840,94.59
47848,95.62
47848,95.62
47848,95.62
47848,95.62
47848,95.62
47848,95.62
47881,96.02
47899,94.99
47899,94.99
47899,95.00
47899,95.03
47899,95.08
47899,95.57
47903,96.08
47908,96.13
47908,96.13
47908,96.13
47908,96.13
47908,96.13
47931,96.17
47940,96.12
47940,96.16
47940,96.16
47940,96.29
47951,95.28
47951,95.28
47951,95.28
47951,95.51
47958,96.22
47987,94.86
47997,95.40
47997,95.40
47997,95.41
47997,95.41
47997,95.50
48057,96.04
48057,96.04
48057,96.09
48057,96.09
48057,96.15
48061,94.85
48088,87.32
48091,96.04
48096,96.34
48096,96.34
48096,96.34
48096,96.34
48097,96.00
48097,96.32
48116,96.22
48116,96.22
48116,96.22
48116,96.22
48120,96.21
48120,96.30
48120,96.30
48120,96.30
48120,96.30
48120,96.30
48183,94.91
48193,94.75
48193,94.75
48193,94.75
48193,94.78
48193,95.00
48193,95.41
48197,95.58
48197,96.33
48197,96.33
48197,96.33
48197,96.33
48197,96.33
48199,95.61
48199,95.61
48199,95.63
48211,96.33
48211,96.33
48211,96.33
48211,96.33
48211,96.33
48211,96.33
48217,96.23
48217,96.23
48221,95.76
48228,96.33
48228,96.33
48242,95.80
48242,95.80
48242,95.82
48242,95.82
48260,96.22
48271,96.14
48298,95.27
48312,94.12
48328,95.85
48338,96.22
48371,96.21
48378,96.05
48378,96.05
48378,96.05
48378,96.05
48390,96.21
48400,91.55
48443,95.06
48450,95.79
48450,95.79
48450,95.79
48450,95.80
48450,95.82
48511,96.31
48511,96.31
48511,96.31
48511,96.31
48511,96.31
48514,96.24
48521,95.37
48600,95.61
48600,95.61
48600,95.65
48600,95.81
48600,95.94
48615,94.93
48615,94.93
48615,94.93
48615,94.93
48615,94.93
48719,96.15
48719,96.15
48719,96.15
48719,96.24
48728,95.84
48737,95.02
48752,96.07
48752,96.07
48752,96.07
48752,96.07
48752,96.13
48819,94.64
48832,95.63
48860,95.96
48900,96.15
48921,95.90
48955,93.09
48955,93.09
48955,93.24
48955,93.38
48955,93.63
48955,94.20
48994,96.02
49010,95.34
49048,94.74
49116,95.92
49137,96.26
49146,94.89
49167,95.96
49184,96.26
49187,94.90
49187,94.90
49199,95.17
49199,95.17
49199,95.19
49199,95.21
49199,95.39
49219,95.80
49219,95.80
49219,95.96
49219,95.96
49343,96.25
49346,96.25
49400,95.92
49400,96.00
49400,96.04
49400,96.04
49456,95.69
49456,95.69
49456,95.69
49456,95.69
49456,95.69
49456,95.95
49464,95.30
49464,95.30
49464,95.30
49464,95.66
49464,95.88
49476,96.24
49476,96.24
49476,96.24
49476,96.24
49476,96.24
49477,95.96
49477,95.96
49478,96.08
49518,94.84
49533,95.01
49533,95.01
49533,95.06
49533,95.32
49533,95.47
49533,95.99
49536,95.37
49648,95.75
49648,96.04
49648,96.04
49648,96.04
49648,96.04
49649,94.63
49649,94.63
49649,94.63
49649,94.63
49649,94.63
49649,95.38
49654,94.90
49673,96.22
49673,96.22
49673,96.22
49673,96.22
49673,96.22
49673,96.22
49692,96.14
49819,94.41
49819,94.41
49819,94.44
49819,94.63
49819,94.76
49849,95.10
49900,95.47
49910,96.20
49910,96.20
49910,96.20
49910,96.20
49947,96.03
49947,96.03
49947,96.05
49947,96.05
49980,91.49
49980,91.49
49980,91.49
49980,91.55
49980,91.88
49980,93.09
49981,94.64
49994,95.82
49994,95.82
49994,95.96
49994,96.20
49994,96.20
50047,95.98
50055,95.64
50055,95.64
50055,95.64
50055,95.67
50055,95.75
50074,95.75
50074,95.75
50074,95.75
50074,95.80
50074,95.80
50074,95.84
50112,96.04
50112,96.04
50112,96.04
50112,96.04
50133,96.19
50133,96.19
50133,96.19
50133,96.19
50133,96.19
50133,96.19
50178,96.14
50197,95.03
50197,95.03
50197,95.04
50197,95.12
50210,96.18
50210,96.18
50210,96.18
50253,96.18
50282,93.33
50282,93.33
50282,93.46
50282,93.78
50282,94.15
50282,94.64
50288,95.39
50288,95.39
50288,95.45
50322,95.43
50322,95.43
50322,95.45
50322,95.45
50322,95.63
50341,95.56
50341,95.56
50341,95.73
50357,96.17
50357,96.17
50357,96.17
50357,96.17
50357,96.17
50433,95.95
50433,95.95
50433,95.96
50433,95.96
50433,96.14
50450,95.96
50493,95.94
50493,95.94
50493,95.94
50493,95.94
50493,96.06
50522,96.16
50526,96.02
50526,96.02
50526,96.02
50526,96.02
50526,96.02
50537,96.16
50537,96.16
50537,96.16
50544,91.56
50544,91.56
50544,92.01
50544,92.48
50544,93.05
50549,96.16
50549,96.16
50549,96.16
50549,96.16
50549,96.16
50549,96.16
50625,95.95
50625,95.95
50625,95.96
50625,96.00
50654,95.52
50654,95.52
50654,95.52
50654,95.52
50695,95.77
50717,95.87
50717,95.87
50753,96.05
50761,96.14
50761,96.14
50761,96.14
50761,96.14
50761,96.14
50764,93.92
50764,93.92
50764,94.05
50764,94.19
50766,96.14
50766,96.14
50766,96.14
50766,96.14
50766,96.14
50766,96.14
50863,95.72
50880,95.60
50891,96.13
50919,95.33
50922,96.13
50922,96.13
50922,96.13
50922,96.13
50922,96.13
51022,95.96
51022,95.96
51022,95.96
51022,95.97
51022,95.98
51032,95.94
51058,95.83
51071,93.97
51071,93.97
51071,93.97
51071,93.97
51071,93.97
51088,94.84
51088,94.84
51088,94.84
51088,94.84
51088,95.09
51111,96.11
51111,96.11
51111,96.11
51111,96.11
51111,96.11
51117,93.57
51117,94.21
51132,94.83
51132,94.83
51132,94.93
51132,95.09
51161,95.89
51161,95.89
51164,95.24
51164,95.24
51164,95.24
51164,95.24
51164,95.24
51164,95.24
51226,96.10
51226,96.10
51226,96.10
51226,96.10
51226,96.10
51226,96.10
51246,96.10
51261,96.09
51317,95.42
51317,95.42
51317,95.42
51317,95.42
51317,95.67
51339,94.78
51339,95.31
51368,96.01
51368,96.09
51368,96.09
51373,95.56
51373,95.56
51373,95.56
51373,95.65
51373,95.86
51378,95.76
51413,95.95
51413,95.95
51413,95.95
51413,96.08
51421,94.70
51433,96.09
51447,95.66
51447,95.66
51447,95.70
51447,95.73
51447,95.74
51495,92.13
51495,92.13
51495,92.13
51495,92.13
51495,92.32
51495,93.33
51500,94.01
51515,93.61
51533,93.70
51534,96.08
51534,96.08
51534,96.08
51534,96.08
51534,96.08
51534,96.08
51543,96.01
51543,96.01
51543,96.01
51543,96.01
51550,93.67
51554,95.36
51554,95.36
51554,95.38
51554,95.48
51554,95.61
51609,96.08
51609,96.08
51609,96.08
51609,96.08
51609,96.08
51609,96.08
51638,95.88
51653,95.55
51653,95.55
51653,95.55
51653,95.55
51653,95.83
51658,93.86
51658,93.86
51658,93.99
51658,94.09
51658,94.48
51667,95.28
51698,94.89
51717,95.85
51738,96.01
51738,96.01
51738,96.01
51743,87.82
51745,95.99
51765,96.06
51765,96.06
51765,96.06
51765,96.06
51785,94.94
51785,95.67
51785,95.67
51785,95.84
51785,95.91
51811,94.36
51830,94.44
51838,96.06
51860,95.36
51860,95.72
51860,95.72
51860,95.72
51860,95.72
51860,95.93
51861,96.06
51861,96.06
51861,96.06
51861,96.06
51861,96.06
51875,95.22
51883,95.42
51883,95.96
51891,96.05
51891,96.05
51891,96.05
51891,96.05
51940,95.76
51942,95.69
51942,95.69
51942,95.69
51942,95.69
51942,95.77
51952,95.91
51952,95.91
51952,95.91
51952,95.91
51952,95.91
51979,96.05
52014,95.31
52051,96.03
52051,96.03
52051,96.03
52108,94.71
52108,95.69
52129,94.78
52158,95.08
52158,96.03
52199,96.03
52199,96.03
52251,95.18
52251,95.18
52251,95.22
52251,95.22
52260,95.81
52260,95.81
52279,94.29
52279,94.29
52279,94.29
52279,94.29
52279,94.29
52280,93.85
52280,93.85
52280,93.93
52280,94.00
52280,94.31
52306,95.38
52306,95.38
52306,95.44
52308,96.02
52345,95.81
52345,95.81
52345,95.81
52345,95.81
52345,95.81
52353,94.98
52372,96.02
52372,96.02
52372,96.02
52372,96.02
52372,96.02
52372,96.02
52394,95.20
52394,95.20
52394,95.35
52394,95.36
52397,94.69
52397,94.69
52397,94.76
52397,94.79
52397,94.98
52416,94.72
52416,94.72
52416,94.74
52416,94.82
52416,95.12
52471,95.00
52471,95.47
52498,95.77
52498,96.01
52498,96.01
52498,96.01
52498,96.01
52507,95.67
52507,95.90
52507,95.90
52507,95.95
52507,95.95
52531,95.78
52562,95.35
52616,96.00
52621,95.57
52621,95.57
52621,95.57
52621,95.57
52626,95.48
52626,95.48
52626,95.48
52626,95.52
52730,91.83
52730,91.83
52730,91.83
52730,91.84
52730,92.03
52730,92.99
52734,94.90
52734,94.90
52734,94.90
52734,94.90
52768,95.62
52768,95.62
52768,95.62
52768,95.62
52785,94.41
52785,94.41
52785,94.41
52785,94.41
52785,94.49
52847,92.83
52847,92.83
52847,92.83
52847,92.83
52847,92.83
52847,93.31
52894,94.52
52894,94.52
52894,94.52
52894,94.52
52894,94.59
52894,95.73
52980,95.97
52980,95.97
52980,95.97
52980,95.97
52980,95.97
52980,95.97
52981,95.90
52981,95.90
52981,95.90
52981,95.90
52981,95.90
53033,94.89
53033,94.89
53040,95.97
53040,95.97
53040,95.97
53040,95.97
53040,95.97
53040,95.97
53076,95.80
53080,95.37
53084,95.92
53113,95.96
53135,95.96
53135,95.96
53135,95.96
53135,95.96
53138,94.15
53138,94.44
53164,95.81
53164,95.81
53164,95.82
53164,95.86
53176,95.55
53176,95.55
53176,95.55
53176,95.61
53180,95.12
53180,95.48
53182,93.02
53182,93.36
53182,94.10
53203,95.81
53203,95.81
53203,95.81
53203,95.81
53234,95.11
53234,95.11
53234,95.23
53234,95.23
53234,95.37
53258,95.60
53258,95.60
53258,95.82
53284,95.24
53284,95.24
53284,95.24
53284,95.24
53284,95.24
53284,95.28
53296,95.82
53296,95.82
53315,95.88
53329,95.74
53403,95.94
53403,95.94
53403,95.94
53403,95.94
53403,95.94
53452,95.87
53616,94.89
53648,94.99
53648,94.99
53648,94.99
53648,94.99
53648,94.99
53663,95.21
53663,95.21
53663,95.21
53663,95.21
53663,95.26
53709,95.92
53709,95.92
53709,95.92
53709,95.92
53709,95.92
53715,95.88
53715,95.88
53715,95.88
53715,95.88
53735,94.98
53749,95.07
53750,95.35
53799,95.65
53803,95.91
53828,94.80
53879,95.56
53923,95.61
53923,95.61
53923,95.61
53923,95.61
53923,95.61
53927,95.90
53980,95.83
53980,95.83
53980,95.83
54000,94.70
54000,94.74
54000,94.79
54025,95.89
54049,95.89
54067,95.78
54067,95.78
54067,95.78
54067,95.78
54067,95.78
54088,95.61
54088,95.61
54088,95.61
54088,95.61
54088,95.67
54136,94.84
54136,94.84
54136,94.93
54146,92.56
54146,92.56
54146,92.56
54146,92.56
54146,92.56
54147,95.52
54243,95.51
54243,95.51
54243,95.53
54243,95.53
54254,95.42
54254,95.42
54254,95.49
54254,95.49
54254,95.50
54289,95.69
54289,95.69
54289,95.69
54329,95.87
54329,95.87
54329,95.87
54329,95.87
54329,95.87
54339,95.87
54339,95.87
54339,95.87
54339,95.87
54386,95.86
54402,95.08
54402,95.08
54402,95.08
54402,95.08
54402,95.09
54402,95.53
54412,95.55
54419,95.86
54476,95.64
54476,95.64
54476,95.66
54476,95.77
54558,95.85
54567,95.81
54573,94.89
54573,95.40
54573,95.40
54573,95.40
54573,95.40
54573,95.40
54594,95.78
54594,95.78
54594,95.78
54594,95.78
54614,95.85
54616,95.82
54616,95.82
54616,95.82
54618,95.85
54618,95.85
54618,95.85
54618,95.85
54618,95.85
54626,92.36
54626,92.36
54626,92.61
54626,92.82
54626,93.36
54633,95.00
54736,95.46
54736,95.46
54736,95.46
54736,95.46
54736,95.46
54796,95.68
54809,95.15
54809,95.15
54809,95.15
54809,95.15
54809,95.15
54826,95.54
54826,95.82
54826,95.82
54848,95.83
54849,94.75
54849,94.75
54849,94.76
54849,94.79
54849,95.05
54906,95.82
54941,95.77
54941,95.77
54961,93.12
54961,93.48
54961,94.11
55001,94.61
55001,94.61
55001,94.61
55001,94.74
55035,95.44
55035,95.75
55036,95.36
55063,93.61
55063,93.61
55063,93.72
55063,93.90
55063,94.22
55063,94.85
55082,95.67
55082,95.67
55082,95.67
55110,94.47
55115,91.00
55115,91.00
55115,91.19
55115,91.48
55115,91.95
55115,92.96
55116,95.35
55159,95.26
55159,95.81
55159,95.81
55159,95.81
55163,89.15
55163,89.15
55163,89.15
55163,89.15
55163,90.13
55182,95.57
55182,95.57
55182,95.63
55182,95.63
55182,95.73
55212,95.61
55212,95.61
55212,95.62
55212,95.64
55216,95.15
55216,95.15
55216,95.15
55216,95.42
55286,95.80
55286,95.80
55286,95.80
55286,95.80
55286,95.80
55287,95.68
55416,93.69
55505,94.73
55541,95.03
55566,95.42
55572,95.20
55597,95.09
55597,95.09
55597,95.17
55597,95.25
55619,93.84
55619,93.84
55619,93.99
55629,95.77
55629,95.77
55651,95.62
55653,95.77
55653,95.77
55653,95.77
55653,95.77
55653,95.77
55653,95.77
55677,95.58
55677,95.58
55677,95.58
55677,95.58
55677,95.58
55687,94.89
55687,94.89
55794,95.53
55805,94.00
55871,95.75
55871,95.75
55871,95.75
55871,95.75
55873,95.75
55891,95.38
55922,94.28
55960,95.20
55960,95.20
55960,95.20
55960,95.74
55960,95.74
55977,95.59
56004,94.37
56004,94.47
56017,95.63
56064,93.42
56064,93.42
56064,93.42
56064,93.42
56169,95.73
56169,95.73
56169,95.73
56169,95.73
56169,95.73
56169,95.73
56170,95.44
56170,95.54
56170,95.54
56173,94.87
56173,94.87
56173,94.97
56173,94.97
56173,94.97
56173,95.03
56202,94.90
56247,95.72
56264,94.18
56300,92.97
56301,95.72
56301,95.72
56301,95.72
56301,95.72
56301,95.72
56301,95.72
56318,94.95
56396,95.71
56396,95.71
56396,95.71
56396,95.71
56396,95.71
56396,95.71
56476,95.71
56509,95.14
56525,94.83
56525,94.89
56525,95.70
56533,94.58
56533,94.81
56533,94.81
56533,94.93
56533,94.93
56533,95.14
56536,95.70
56594,94.10
56646,95.40
56657,95.07
56701,95.52
56736,95.62
56736,95.62
56736,95.62
56736,95.62
56736,95.62
56736,95.62
56763,93.59
56763,93.59
56763,93.74
56763,93.97
56763,94.21
56782,95.68
56788,95.64
56788,95.64
56788,95.64
56788,95.64
56788,95.64
56839,95.44
56839,95.44
56839,95.44
56839,95.44
56839,95.44
56887,94.21
56887,94.21
56887,94.32
56887,94.41
56887,94.66
57002,95.56
57002,95.56
57002,95.62
57002,95.67
57002,95.67
57003,94.80
57003,94.95
57010,92.01
57010,92.01
57010,92.16
57010,92.17
57010,92.51
57010,93.11
57126,95.66
57130,95.66
57209,92.86
57209,92.86
57209,92.86
57209,93.20
57209,93.55
57213,95.65
57217,94.82
57217,94.94
57217,95.35
57217,95.48
57308,94.30
57308,94.30
57308,94.33
57334,94.73
57357,95.38
57391,95.53
57391,95.53
57489,94.92
57489,94.92
57489,95.07
57489,95.11
57489,95.28
57602,93.62
57602,95.19
57602,95.19
57602,95.29
57602,95.46
57628,95.62
57628,95.62
57628,95.62
57628,95.62
57628,95.62
57680,95.61
57680,95.61
57680,95.61
57685,95.56
57717,94.30
57717,94.30
57717,94.40
57717,94.52
57717,94.75
57736,94.81
57736,94.81
57741,93.55
57741,93.55
57741,93.55
57741,93.55
57741,93.55
57741,95.36
57741,95.36
57741,95.36
57741,95.37
57928,95.34
57966,95.59
58026,95.23
58026,95.23
58026,95.35
58026,95.35
58026,95.49
58033,94.69
58076,95.41
58076,95.41
58076,95.43
58076,95.43
58085,93.60
58085,93.60
58085,93.60
58085,93.60
58085,93.60
58085,94.28
58122,95.25
58122,95.25
58122,95.25
58122,95.25
58197,94.40
58218,95.02
58218,95.02
58218,95.04
58218,95.05
58233,95.57
58233,95.57
58313,94.99
58328,95.56
58328,95.56
58328,95.56
58328,95.56
58328,95.56
58341,94.41
58341,94.41
58341,94.41
58341,94.50
58341,94.55
58343,94.68
58347,90.92
58351,95.48
58351,95.48
58376,94.54
58376,94.54
58376,94.61
58376,94.71
58376,95.03
58383,95.32
58402,95.40
58402,95.40
58402,95.40
58402,95.40
58402,95.40
58413,95.56
58512,95.55
58539,94.81
58539,94.81
58539,94.88
58539,95.08
58607,94.97
58621,95.29
58621,95.29
58710,95.24
58710,95.24
58710,95.24
58710,95.26
58726,95.53
58787,95.07
58832,95.20
58839,95.35
58839,95.35
58839,95.37
58844,95.40
58844,95.40
58844,95.40
58953,95.21
58953,95.21
58953,95.29
58953,95.29
58953,95.43
59005,95.51
59050,86.40
59058,94.74
59131,94.72
59131,94.72
59131,94.83
59131,94.83
59131,95.24
59172,94.54
59172,94.54
59172,94.54
59172,94.54
59172,94.54
59330,95.40
59349,94.36
59349,94.36
59349,94.39
59349,94.39
59349,94.66
59395,95.48
59395,95.48
59395,95.48
59395,95.48
59458,95.11
59458,95.11
59458,95.11
59458,95.47
59556,93.96
59556,93.96
59556,94.20
59556,94.32
59616,94.26
59616,94.26
59616,94.40
59616,94.40
59616,94.71
59690,93.50
59690,93.50
59690,93.55
59690,93.56
59690,93.69
59690,94.33
59703,95.06
59703,95.06
59711,94.56
59826,95.40
59899,94.98
59913,95.44
59935,95.03
59949,95.44
59949,95.44
59949,95.44
59949,95.44
59949,95.44
59949,95.44
60038,94.74
60038,94.74
60038,94.74
60038,94.89
60038,95.11
60048,95.10
60050,95.43
60060,94.61
60076,95.25
60076,95.25
60076,95.25
60076,95.25
60099,94.13
60116,94.91
60116,94.91
60156,94.72
60156,94.72
60156,94.80
60156,94.80
60156,94.87
60182,95.04
60182,95.04
60182,95.04
60182,95.04
60182,95.36
60182,95.42
60216,94.31
60216,94.31
60216,94.31
60216,94.41
60216,94.49
60326,94.09
60326,94.09
60326,94.25
60326,94.31
60327,95.17
60327,95.17
60375,91.88
60375,91.88
60375,92.19
60375,92.62
60375,93.30
60375,94.51
60389,95.41
60389,95.41
60389,95.41
60389,95.41
60453,95.21
60500,95.11
60500,95.11
60500,95.11
60500,95.11
60538,95.40
60607,94.85
60630,94.79
60630,94.91
60630,95.11
60664,93.73
60669,94.05
60682,95.39
60682,95.39
60738,77.93
60738,77.93
60738,77.93
60738,77.93
60738,80.33
60738,88.05
60755,94.47
60755,94.47
60755,94.61
60755,94.72
60765,93.39
60765,93.39
60765,93.48
60765,93.54
60765,93.82
60765,94.44
60785,92.65
60785,92.65
60785,92.65
60785,92.65
60785,92.65
60785,95.32
60804,93.79
60865,95.37
60893,93.86
60893,93.86
60893,94.00
60893,94.13
60904,95.35
60972,94.66
60972,94.66
61100,95.35
61245,95.34
61273,94.65
61387,93.89
61387,93.89
61387,93.95
61387,93.99
61387,94.18
61439,95.33
61487,95.32
61487,95.32
61487,95.32
61487,95.32
61487,95.32
61491,93.16
61491,93.16
61491,93.28
61491,93.52
61491,93.84
61497,94.30
61502,95.32
61502,95.32
61502,95.32
61502,95.32
61502,95.32
61529,93.25
61529,94.15
61565,93.28
61565,93.28
61565,93.33
61565,93.63
61565,93.95
61640,95.31
61765,95.30
61765,95.30
61765,95.30
61765,95.30
61765,95.30
61840,94.17
61840,94.17
61840,94.25
61840,94.34
61840,94.60
61846,95.30
61846,95.30
61846,95.30
61846,95.30
61846,95.30
61846,95.30
61849,95.14
61873,94.83
61890,94.65
61951,94.97
61951,94.97
61962,95.03
62005,93.50
62031,95.13
62031,95.13
62105,94.40
62207,93.80
62207,93.80
62207,94.10
62207,94.19
62207,94.54
62228,91.63
62292,95.01
62304,94.61
62380,94.31
62380,94.31
62380,94.37
62404,95.11
62437,93.80
62464,95.06
62623,94.16
62623,94.60
62642,95.24
62642,95.24
62642,95.24
62647,95.24
62647,95.24
62647,95.24
62647,95.24
62649,93.84
62649,93.96
62654,94.53
62661,94.51
62661,94.51
62661,94.51
62661,94.51
62661,94.78
62720,94.38
62755,85.11
62755,85.11
62755,85.11
62755,85.11
62755,85.11
62760,93.33
62760,93.33
62760,93.36
62760,93.36
62760,93.56
62838,95.22
62846,95.22
62865,90.18
62865,90.18
62865,90.18
62865,90.18
62865,90.18
62865,90.18
62889,95.22
62925,94.84
62925,94.84
62925,94.84
62925,94.84
62925,94.88
62962,95.21
62995,95.15
62995,95.15
63002,65.00
63002,65.00
63002,65.00
63002,65.00
63002,65.00
63002,81.63
63019,94.44
63019,94.44
63019,94.75
63019,94.75
63019,94.75
63031,94.86
63031,94.86
63031,94.89
63031,94.89
63114,94.62
63124,95.20
63143,95.12
63143,95.12
63143,95.12
63143,95.12
63143,95.12
63198,93.76
63198,93.76
63198,93.90
63198,93.96
63198,94.26
63252,94.01
63267,94.17
63373,95.07
63373,95.07
63413,94.76
63413,94.76
63413,94.76
63413,94.76
63468,94.44
63468,94.44
63468,94.44
63468,94.44
63468,94.51
63480,95.17
63480,95.17
63480,95.17
63480,95.17
63480,95.17
63585,94.39
63591,95.16
63591,95.16
63591,95.16
63591,95.16
63591,95.16
63591,95.16
63607,93.42
63756,94.97
63804,95.15
63804,95.15
63827,94.95
63833,95.05
63833,95.05
63849,95.00
63867,93.33
63867,93.33
63867,93.81
63867,93.89
63867,94.15
63898,94.28
63898,94.28
63898,94.28
63898,94.28
63930,92.81
63930,92.81
63930,93.08
63956,92.73
63956,92.73
63956,92.89
63956,93.21
63956,93.53
63960,94.19
63960,94.19
63960,94.31
63960,94.35
63960,94.57
63990,92.19
63990,92.19
63990,92.19
63990,92.19
63990,92.22
64054,89.23
64077,94.27
64077,94.27
64077,94.27
64077,94.27
64077,94.27
64116,93.89
64215,94.33
64215,94.33
64215,94.33
64215,94.56
64215,94.56
64218,95.12
64221,95.12
64228,94.21
64228,94.21
64228,94.29
64228,94.48
64228,94.77
64295,93.87
64295,93.87
64295,93.98
64295,94.10
64296,94.84
64296,94.84
64296,94.84
64296,94.84
64296,95.05
64296,95.11
64296,95.11
64423,94.92
64423,94.92
64423,94.92
64426,93.75
64426,93.75
64426,94.45
64426,94.45
64426,94.45
64426,95.07
64464,95.10
64464,95.10
64465,95.10
64465,95.10
64475,93.28
64475,93.28
64475,93.40
64475,93.71
64475,94.06
64476,94.01
64476,94.01
64476,94.05
64476,94.25
64659,94.91
64659,94.91
64820,93.55
64824,94.85
64858,94.16
64896,94.44
64954,94.00
64954,94.00
64954,94.15
64954,94.20
64968,90.80
64968,90.80
64968,91.05
64968,91.64
64968,91.91
64992,95.06
65033,94.78
65033,94.89
65033,94.89
65033,94.89
65033,94.89
65041,94.74
65041,95.05
65041,95.05
65100,94.04
65100,94.04
65149,95.05
65149,95.05
65149,95.05
65203,95.04
65203,95.04
65374,94.73
65403,94.07
65403,94.07
65403,94.07
65403,94.07
65403,94.07
65412,93.38
65412,93.38
65412,93.74
65412,93.83
65412,94.03
65504,94.48
65506,95.02
65506,95.02
65506,95.02
65506,95.02
65506,95.02
65506,95.02
65508,92.44
65601,94.86
65659,95.01
65684,94.56
65684,94.56
65684,94.59
65684,94.69
65715,92.67
65715,92.67
65715,92.91
65715,93.18
65715,93.44
65722,94.61
65727,93.37
65727,94.06
65727,94.06
65727,94.20
65727,94.20
65727,94.41
65876,94.31
66013,93.09
66013,93.09
66013,93.09
66013,93.09
66013,94.05
66013,94.42
66029,92.58
66029,92.58
66029,92.58
66029,92.58
66029,92.65
66063,92.35
66063,92.35
66063,92.35
66063,92.61
66063,92.61
66089,94.86
66097,94.97
66097,94.97
66097,94.97
66097,94.97
66097,94.97
66152,94.58
66152,94.58
66152,94.92
66207,94.97
66207,94.97
66207,94.97
66207,94.97
66254,93.31
66313,92.74
66329,94.85
66329,94.85
66329,94.85
66356,74.90
66356,74.90
66356,75.25
66356,75.89
66356,77.74
66356,80.60
66372,94.53
66626,94.12
66644,94.93
66644,94.93
66670,93.21
66693,93.56
66693,93.56
66693,93.56
66693,93.87
66693,93.88
66798,94.20
66813,94.06
66834,93.02
66841,94.12
66841,94.92
66862,92.79
66862,92.79
66862,92.79
66862,92.79
66862,92.79
66862,92.92
66888,91.21
66909,94.32
66909,94.32
66909,94.40
67101,94.11
67120,92.15
67120,92.44
67137,94.89
67177,93.83
67177,93.83
67177,93.86
67177,93.90
67177,94.41
67184,94.89
67184,94.89
67184,94.89
67184,94.89
67185,93.93
67291,93.97
67340,94.88
67340,94.88
67429,94.27
67498,94.87
67498,94.87
67544,93.45
67544,93.45
67544,93.55
67544,93.74
67544,94.01
67554,94.86
67620,94.24
67620,94.24
67620,94.46
67620,94.56
67620,94.66
67628,94.78
67628,94.78
67628,94.78
67629,94.86
67629,94.86
67629,94.86
67629,94.86
67629,94.86
67629,94.86
67636,94.84
67722,94.37
67724,94.78
67845,94.84
67845,94.84
67845,94.84
67845,94.84
67845,94.84
67848,94.22
67850,93.05
67850,93.05
67850,93.19
67850,93.19
67875,94.82
67875,94.82
67894,94.39
67897,93.94
67901,94.84
67978,94.40
68008,94.67
68008,94.67
68051,93.74
68051,93.74
68143,94.66
68145,94.82
68145,94.82
68145,94.82
68145,94.82
68145,94.82
68145,94.82
68146,93.42
68146,93.42
68146,93.55
68146,93.71
68146,93.95
68166,94.53
68166,94.53
68166,94.53
68166,94.53
68175,93.78
68175,93.78
68175,93.92
68175,93.98
68175,94.22
68243,94.81
68243,94.81
68243,94.81
68243,94.81
68243,94.81
68243,94.81
68248,93.82
68351,94.64
68351,94.64
68401,93.43
68453,94.74
68453,94.74
68455,92.88
68527,94.76
68568,94.10
68568,94.13
68595,91.48
68595,91.48
68595,91.61
68595,91.77
68595,92.22
68595,93.05
68627,94.37
68627,94.37
68627,94.37
68627,94.37
68627,94.42
68670,90.92
68692,94.70
68841,94.76
68890,94.76
68890,94.76
68890,94.76
68890,94.76
69071,94.75
69114,93.79
69114,94.74
69114,94.74
69172,92.97
69176,94.48
69176,94.48
69176,94.48
69176,94.48
69176,94.48
69187,93.00
69187,93.00
69187,93.00
69187,93.00
69187,93.00
69313,94.73
69322,94.61
69472,93.93
69472,94.04
69617,93.51
69669,92.31
69669,92.31
69669,92.62
69669,92.84
69669,93.29
69745,94.69
69849,92.03
69849,92.03
69849,92.33
69849,92.33
69849,92.33
69849,92.63
70051,94.29
70086,94.67
70086,94.67
70086,94.67
70086,94.67
70086,94.67
70096,92.67
70096,92.67
70096,92.76
70096,92.93
70096,93.14
70189,91.31
70189,91.31
70189,91.53
70189,91.69
70230,94.24
70269,94.66
70269,94.66
70269,94.66
70269,94.66
70406,94.23
70406,94.23
70406,94.23
70406,94.23
70503,94.64
70503,94.64
70503,94.64
70503,94.64
70503,94.64
70503,94.64
70628,94.63
70628,94.63
70628,94.63
70628,94.63
70635,94.63
70674,94.16
70677,94.40
70702,92.62
70702,92.62
70702,92.85
70702,93.17
70702,93.49
70716,94.35
70716,94.35
70716,94.35
70716,94.35
70716,94.52
70871,94.58
70884,92.87
70916,94.57
70916,94.57
70916,94.57
70996,93.27
70996,93.27
70996,93.27
70996,93.27
70996,93.35
71196,94.14
71230,92.57
71230,92.57
71230,92.57
71230,92.57
71230,92.57
71333,94.51
71333,94.51
71485,94.45
71547,91.47
71547,91.47
71547,91.47
71547,91.49
71547,91.66
71547,91.85
71608,93.92
71608,93.92
71608,94.04
71608,94.04
71608,94.04
71652,89.07
71652,89.07
71652,89.07
71652,89.07
71652,89.07
71680,94.55
71687,94.01
71772,92.76
71772,93.13
71772,93.49
71807,91.91
71807,91.91
71807,91.93
71807,92.07
71842,93.02
71858,94.54
71858,94.54
71858,94.54
71886,93.67
71886,93.67
71886,93.67
71886,93.92
71932,94.23
71932,94.23
71932,94.23
71980,94.16
71980,94.16
71980,94.16
71980,94.16
72183,94.51
72218,94.05
72281,92.96
72281,92.96
72281,93.19
72281,93.49
72281,93.99
72284,94.50
72284,94.50
72306,92.84
72319,94.07
72404,92.48
72404,92.93
72455,93.90
72455,93.90
72455,93.90
72487,93.33
72487,93.33
72487,93.43
72487,93.74
72493,93.97
72493,93.97
72493,93.97
72493,93.97
72513,93.27
72513,93.94
72513,94.49
72513,94.49
72513,94.49
72513,94.49
72549,94.48
72549,94.48
72549,94.48
72549,94.48
72549,94.48
72655,94.08
72925,92.44
72925,93.32
73028,93.32
73042,93.21
73070,94.44
73141,93.09
73141,93.09
73141,93.22
73149,94.36
73219,93.88
73219,94.43
73219,94.43
73219,94.43
73219,94.43
73219,94.43
73295,92.51
73295,92.51
73432,93.47
73441,94.42
73441,94.42
73441,94.42
73441,94.42
73441,94.42
73441,94.42
73576,94.40
73678,93.96
73683,93.91
73683,93.91
73683,93.91
73683,93.91
73683,94.26
73686,94.40
73686,94.40
73753,94.19
73753,94.19
73753,94.23
73753,94.28
73772,93.41
73772,93.81
73801,93.48
73801,93.48
73801,93.48
73801,93.57
73801,93.76
73823,92.60
73823,92.97
73823,93.33
73828,94.39
73828,94.39
73828,94.39
73828,94.39
73830,82.37
73830,82.37
73830,82.37
73830,82.37
73830,82.37
73830,83.55
73862,93.86
73862,93.86
73862,93.86
73862,93.86
73862,93.86
73915,94.11
73915,94.11
73915,94.11
74007,93.30
74007,93.30
74007,93.42
74007,93.68
74011,94.16
74075,93.82
74075,93.82
74075,93.82
74075,93.82
74075,93.82
74075,93.82
74114,93.74
74114,93.74
74114,93.85
74114,93.97
74228,90.37
74228,90.37
74228,90.37
74228,90.37
74228,90.37
74228,91.02
74272,91.43
74272,91.43
74272,91.43
74272,91.45
74272,91.49
74272,92.39
74347,93.16
74347,93.16
74552,92.82
74552,92.82
74552,93.08
74552,93.30
74552,93.67
74596,92.58
74596,92.58
74596,92.74
74596,93.04
74596,93.45
74722,94.32
74810,92.59
74852,93.52
74858,93.54
74885,93.60
75189,94.22
75269,92.93
75269,92.93
75269,93.20
75283,92.87
75283,92.87
75321,91.05
75372,92.85
75372,92.85
75372,92.85
75372,92.85
75372,92.85
75372,92.85
75395,93.98
75395,93.98
75395,94.03
75417,90.93
75417,90.93
75417,90.93
75417,90.93
75417,90.93
75417,91.15
75467,94.03
75521,94.26
75532,94.26
75728,93.45
75728,93.45
75812,92.56
75812,92.56
75812,92.85
75957,90.78
75957,90.78
75957,90.78
75957,90.78
75957,92.18
76360,94.19
76360,94.19
76360,94.19
76360,94.19
76360,94.19
76393,91.85
76393,91.85
76393,92.94
76393,92.94
76393,92.94
76412,94.19
76472,91.38
76472,91.38
76472,91.60
76472,92.03
76666,92.99
76666,93.19
76748,93.65
76776,94.05
76776,94.05
76776,94.05
76776,94.05
76809,93.20
76809,93.41
76814,93.69
76814,93.69
76814,93.69
76814,93.97
76824,93.73
76834,93.02
76834,93.02
76834,93.09
76834,93.31
77022,93.08
77022,93.08
77022,93.08
77022,93.08
77022,93.78
77284,94.12
77284,94.12
77284,94.12
77284,94.12
77284,94.12
77367,93.34
77367,93.34
77367,93.34
77367,93.62
77367,93.98
77452,94.11
77452,94.11
77452,94.11
77466,92.94
77466,92.94
77466,92.94
77466,92.94
77466,92.94
77556,92.72
77556,92.72
77556,92.72
77556,92.72
77556,93.08
77556,93.59
77686,93.55
78020,93.23
78020,93.23
78020,93.27
78020,93.31
78066,91.49
78066,91.49
78066,91.49
78066,91.49
78066,91.70
78142,94.06
78142,94.06
78142,94.06
78142,94.06
78142,94.06
78216,92.52
78297,94.05
78297,94.05
78297,94.05
78297,94.05
78297,94.05
78297,94.05
78338,93.44
78367,93.23
78367,93.23
78367,93.23
78367,93.33
78453,94.03
78453,94.03
78524,94.03
78524,94.03
78524,94.03
78526,94.03
78652,92.09
78983,89.89
78983,89.89
78983,89.89
78983,89.89
78983,89.89
78983,91.42
78983,91.42
78983,91.42
78983,91.42
78983,91.50
78983,92.54
79277,93.89
79279,93.45
79381,93.96
79517,91.33
79517,91.33
79517,91.89
79517,92.30
79517,92.73
79517,92.97
79544,93.13
79581,93.95
79671,92.26
79671,92.26
79671,92.26
79671,92.26
79671,93.45
79678,92.42
79678,92.75
79678,93.94
79678,93.94
79733,93.69
80052,93.91
80052,93.91
80268,92.92
80297,93.89
80319,93.27
80319,93.27
80319,93.31
80319,93.31
80319,93.33
80557,91.85
80557,91.85
80625,93.87
80686,92.74
80692,93.54
81044,92.62
81044,92.62
81044,92.67
81225,93.36
81421,93.81
81421,93.81
81421,93.81
81421,93.81
81578,93.80
81596,88.88
81596,88.88
81596,88.88
81596,88.88
81596,88.88
81596,92.66
81915,93.77
81915,93.77
81915,93.77
81915,93.77
81915,93.77
81915,93.77
82015,93.42
82037,93.37
82037,93.46
82037,93.48
82103,89.52
82103,89.52
82103,89.52
82103,89.52
82103,89.52
82103,90.05
82134,90.91
82417,92.66
82417,92.66
82417,93.10
82417,93.45
82916,92.85
83158,93.09
83160,91.44
83160,91.44
83160,91.81
83160,92.23
83160,92.71
83244,93.38
83562,91.56
83562,91.56
83562,91.81
83562,92.23
83562,92.58
83660,88.79
83660,88.79
83660,88.79
83660,88.79
83660,88.79
83660,89.60
83695,92.15
83695,92.15
83695,92.50
83695,92.75
84099,92.62
84163,92.94
84163,92.94
84163,93.40
84163,93.40
84163,93.40
84221,91.21
84221,91.21
84221,91.26
84221,91.26
84221,91.54
84300,92.08
84318,92.91
84318,92.91
84318,92.91
84318,92.91
84318,92.91
84521,89.89
84521,89.89
84521,89.89
84521,89.89
84521,89.89
84521,91.24
84534,91.48
84534,91.48
84534,91.48
84534,91.48
84534,91.48
84534,91.48
84551,91.97
84640,93.31
84705,92.79
84776,57.31
84818,92.78
84931,93.54
84933,93.14
84933,93.14
84933,93.24
84979,93.54
84979,93.54
84979,93.54
84979,93.54
85931,92.70
86092,92.89
86134,92.19
86134,92.19
86203,93.40
86212,93.02
86212,93.02
86335,92.04
86399,93.00
86536,93.42
86536,93.42
86536,93.42
86536,93.42
86536,93.42
86562,92.38
86562,92.38
86844,92.59
86872,91.37
86872,91.37
86872,91.78
86872,92.24
86891,93.39
86891,93.39
86891,93.39
86891,93.39
86891,93.39
86994,91.89
86994,91.89
86994,91.89
86994,91.89
86994,91.89
87103,92.63
87103,92.63
87103,92.63
87103,92.63
87103,92.63
87103,92.66
87163,93.37
87168,92.87
87184,93.33
87184,93.33
87309,91.76
87309,91.76
87309,92.06
87372,92.43
87372,92.43
87372,92.66
87471,92.55
87530,91.49
87530,91.49
87530,91.49
87530,91.49
87530,91.49
87530,91.49
87713,93.33
87713,93.33
88021,92.81
88174,91.65
88399,92.69
88399,92.69
88399,93.12
88399,93.27
88472,93.27
88472,93.27
88472,93.27
88525,92.66
88644,93.26
88752,88.64
88752,88.64
88752,88.64
88752,88.64
88752,90.33
88944,92.80
89023,93.23
89041,93.23
89043,92.98
89120,93.22
89162,91.70
89162,92.14
89284,92.65
89306,93.21
89306,93.21
89371,92.75
90003,92.92
90195,91.79
90195,91.79
90195,91.79
90195,91.79
90195,91.96
90444,89.81
90444,89.81
90444,89.81
90444,90.12
90515,87.36
90515,87.36
90515,88.99
90522,91.68
90522,91.68
90522,91.68
90785,92.18
90785,92.18
90785,92.54
90846,92.45
91331,90.53
91331,90.53
91331,91.02
91331,91.10
91331,92.14
91369,92.22
91369,92.22
91369,92.22
91369,92.31
91549,92.49
91549,92.63
91757,93.02
92012,93.00
92012,93.00
92324,90.07
92338,92.21
92338,92.21
92338,92.21
92338,92.97
92531,92.81
92546,79.87
92865,89.84
92865,89.84
92865,90.80
92865,91.28
92865,91.29
92865,91.77
93020,92.60
93075,91.46
93075,91.46
93075,91.89
93075,92.40
93208,92.91
93257,91.35
93257,91.35
93257,91.84
93257,92.29
93655,92.88
93774,92.43
93924,92.03
94058,92.19
94364,92.05
94509,92.59
94509,92.59
94565,89.26
94607,88.75
94607,88.75
94607,88.78
94607,88.78
94607,88.78
94608,92.23
94632,92.80
94632,92.80
94632,92.80
94632,92.80
94632,92.80
94632,92.80
94637,91.73
94637,91.73
94637,91.73
94637,91.73
94637,91.80
94650,92.80
94771,91.04
94771,91.04
94815,92.79
94825,91.29
94825,91.29
94825,91.29
94870,92.79
94870,92.79
94870,92.79
94870,92.79
94870,92.79
94870,92.79
94898,91.26
94898,91.26
94898,91.26
94898,91.26
94898,91.68
95436,92.74
95436,92.74
95436,92.74
95436,92.74
95772,91.51
95772,92.38
96295,89.45
96295,89.45
96295,90.14
96295,90.48
96295,91.19
96295,92.27
96514,92.66
96679,91.36
96679,91.36
96679,91.82
96679,92.52
96743,92.64
96743,92.64
96743,92.64
96743,92.64
96743,92.64
96743,92.64
97390,92.59
97390,92.59
97390,92.59
97390,92.59
97390,92.59
97390,92.59
97460,91.33
97460,91.33
97460,91.33
97460,91.33
97460,91.33
97598,83.87
97598,83.87
97598,89.34
97605,92.58
97643,92.16
97706,92.33
97830,92.56
97830,92.56
97830,92.56
97830,92.56
97830,92.56
97830,92.56
98021,92.28
98021,92.28
99169,90.45
99169,90.45
99169,90.45
99169,90.45
99169,90.45
99169,90.59
99322,88.11
99987,92.40
99987,92.40
99987,92.40
99987,92.40
99987,92.40
99987,92.40
100658,91.38
100879,91.90
100879,91.90
100879,91.90
100879,91.90
100879,91.90
101156,91.62
101156,92.31
101156,92.31
101156,92.31
101156,92.31
101156,92.31
101255,89.93
101498,80.55
101498,80.55
101498,80.55
101498,80.55
101498,81.72
101498,86.96
101554,91.64
101554,91.64
101554,91.64
101554,92.12
101554,92.27
101650,91.77
101650,91.77
102058,82.94
102058,82.94
102058,82.94
102058,84.02
102058,86.02
102330,91.92
102406,91.71
102563,91.02
102563,91.02
102563,91.60
102834,83.21
102834,83.21
102834,83.21
102834,83.21
102834,83.21
102834,86.23
103178,91.19
103178,91.19
103178,91.43
103178,91.43
103178,91.43
103178,91.43
103286,88.72
103286,88.72
103286,88.72
103286,88.72
103286,89.51
104360,92.06
104360,92.06
104429,91.28
104608,92.04
104724,91.57
105810,90.58
105813,91.34
105813,91.34
105813,91.34
105813,91.34
105813,91.34
105813,91.37
106297,91.16
106297,91.16
106297,91.16
106297,91.16
106297,91.16
107156,81.30
107156,81.30
107156,81.30
107156,81.30
107156,81.30
107156,81.30
107720,91.49
107979,89.98
108276,91.28
108276,91.28
108276,91.28
108706,91.09
109918,91.33
110037,90.68
110037,90.68
110037,90.72
110037,90.82
110055,91.63
110055,91.63
110055,91.63
110055,91.63
110055,91.63
110300,91.61
111199,91.25
111199,91.25
111199,91.25
111199,91.25
111217,87.47
111217,87.47
111217,87.47
111217,87.47
111217,87.47
111217,87.47
111878,91.41
111903,90.82
111903,90.82
112133,91.24
112133,91.24
112390,73.34
112870,91.42
113370,91.38
114889,89.41
114889,89.41
114889,89.41
114889,89.41
114889,89.41
114889,91.12
115035,91.15
115117,91.25
115147,91.24
115234,88.78
115356,89.57
115356,89.57
115356,90.15
115356,90.53
115483,91.22
116333,89.16
116333,89.16
116333,89.16
116333,89.16
116333,89.16
116663,91.13
116663,91.13
116663,91.13
116663,91.13
116971,83.35
116985,91.10
117619,86.30
117619,86.30
117619,86.30
117619,86.30
117619,86.30
118078,91.02
118131,90.28
118131,90.28
118131,90.28
118131,90.28
118131,90.28
118131,90.32
118383,91.00
118383,91.00
118383,91.00
118383,91.00
118383,91.00
118540,90.83
118648,87.11
118849,90.96
119414,90.92
119414,90.92
119414,90.92
119414,90.92
119414,90.92
119572,87.50
119748,90.74
119748,90.74
119997,90.87
120041,86.08
120041,86.08
120041,86.08
120041,86.08
120041,86.08
120086,85.07
120244,90.62
120410,90.84
120593,89.87
120593,89.87
120593,90.09
120593,90.27
120782,90.01
121199,90.78
121199,90.78
121430,90.77
121430,90.77
121430,90.77
121430,90.77
121430,90.77
121430,90.77
121491,90.76
121491,90.76
121491,90.76
122105,88.79
122105,90.71
122105,90.71
122105,90.71
122105,90.71
122105,90.71
122396,85.07
122396,85.07
122396,85.07
122396,85.07
122396,85.07
122396,85.75
122723,90.67
122723,90.67
122723,90.67
122723,90.67
122723,90.67
122723,90.67
122730,89.20
123179,87.13
123179,87.13
123179,87.13
123179,87.13
123381,85.48
123381,85.48
123381,85.48
123381,85.48
123381,88.45
124854,90.51
125357,83.50
125558,88.64
125558,88.64
125558,88.64
125558,88.64
125558,89.45
125600,83.29
125600,83.29
125600,84.43
125600,85.99
125600,87.89
127385,82.63
127385,82.63
127385,82.63
127385,82.63
127385,82.63
128240,90.25
128240,90.25
128954,90.19
128954,90.19
128954,90.19
128954,90.19
128954,90.19
128954,90.19
129322,89.86
129629,90.14
129629,90.14
129629,90.14
129629,90.14
129629,90.14
129629,90.14
130922,74.58
130922,74.58
130922,75.19
130922,76.33
130922,76.52
132276,72.16
132276,72.16
132276,72.16
132276,72.16
132276,72.16
132276,72.16
132548,73.77
132548,73.77
132548,73.77
132548,73.77
132548,78.72
132548,88.62
133978,78.86
133978,78.86
133978,78.86
133978,78.86
133978,78.86
133978,82.24
134564,87.26
134693,89.74
134891,88.83
134891,88.83
134891,88.83
134891,88.83
134891,88.83
135864,84.66
136427,89.63
136427,89.63
136427,89.63
136427,89.63
136427,89.63
136427,89.63
137833,87.76
138099,89.50
138584,89.46
138584,89.46
138584,89.46
138584,89.46
138584,89.46
139173,80.07
139173,80.07
139173,82.88
139173,83.08
141497,89.11
141529,86.96
141529,86.96
141529,86.96
141529,86.96
141529,86.96
141592,86.17
141592,86.17
141592,86.17
141592,86.17
141592,86.17
141711,89.22
141711,89.22
141711,89.22
141711,89.22
141711,89.22
141711,89.22
142810,81.74
142810,81.74
142810,81.74
142810,81.74
142810,81.74
142870,84.44
142870,84.44
142870,84.44
142870,84.44
142870,84.67
143194,89.03
143194,89.03
143194,89.07
143879,75.20
143879,75.20
143879,75.20
143879,75.20
143879,75.20
143879,76.22
145028,88.97
145028,88.97
145028,88.97
145028,88.97
145028,88.97
145028,88.97
146012,88.90
146012,88.90
146012,88.90
146012,88.90
146012,88.90
146012,88.90
146028,87.00
146028,87.00
146028,87.57
146028,87.68
146176,88.88
146642,88.85
147447,83.23
147447,86.10
147561,88.78
149402,85.54
149402,85.54
149439,87.67
149439,87.67
149439,87.67
149439,87.67
149439,87.67
150373,88.53
150507,86.88
150507,86.88
150507,87.07
150507,87.14
150507,88.27
152441,74.58
152449,83.38
152525,85.23
152525,85.23
152525,87.05
152525,87.05
152525,87.05
152525,87.05
152706,88.39
152706,88.39
153087,85.29
154217,87.93
154217,87.93
154217,87.93
154217,87.93
155221,80.52
156557,86.57
156592,81.11
156592,81.11
156592,81.11
156592,81.11
156592,82.87
156592,84.67
156599,88.09
156599,88.09
156599,88.09
156599,88.09
156599,88.09
156599,88.09
157181,80.95
157803,88.00
158789,66.71
159264,83.25
159882,84.10
159882,84.10
159882,84.10
159882,84.10
160004,73.77
160004,86.86
160004,86.86
160004,86.86
160004,86.86
160250,62.74
161520,81.43
161520,81.43
161520,81.43
161520,81.71
161520,82.73
161629,87.71
161629,87.71
161705,87.51
161753,84.13
161753,84.13
161753,84.13
161753,84.13
161753,84.13
161753,84.13
164509,69.22
164509,69.22
164509,72.19
164509,75.58
164509,79.89
164509,84.43
167424,86.56
167424,86.56
167588,87.10
167588,87.10
167588,87.10
167588,87.10
167627,85.13
168183,87.21
168183,87.21
168183,87.21
168183,87.21
168183,87.21
168183,87.21
169235,87.05
169235,87.05
169800,85.24
169800,85.24
169800,86.82
169800,86.82
169800,86.82
169800,86.82
171740,78.82
171740,78.82
171740,78.82
171740,78.82
171740,78.82
171740,79.00
173405,73.40
173561,86.73
173561,86.73
173561,86.73
173561,86.73
173561,86.73
173561,86.73
175444,80.57
175444,80.57
175444,80.57
178350,86.44
178350,86.44
178350,86.44
178350,86.44
180088,86.30
180088,86.30
180088,86.30
181877,85.25
182602,86.11
182602,86.11
182602,86.11
182602,86.11
182602,86.11
182602,86.11
188584,85.66
188584,85.66
190210,80.75
190211,85.53
191905,78.04
191905,78.04
191905,78.04
191905,78.04
191905,78.04
191905,81.62
193935,83.73
193935,83.73
193935,83.73
193935,83.73
193935,83.73
194084,83.79
196864,81.95
199827,84.80
199827,84.80
199827,84.80
199827,84.80
199827,84.80
199827,84.80
208237,84.16
208237,84.16
208237,84.16
208237,84.16
208475,67.99
208475,67.99
208475,72.88
208475,75.57
208475,78.96
209522,80.03
217304,72.25
217304,72.25
217304,72.25
217304,72.25
217304,72.25
217304,81.27
219301,82.49
220764,80.52
220991,83.19
220991,83.19
220991,83.19
220991,83.19
220991,83.19
220991,83.19
221330,80.91
225128,81.09
225911,82.82
225911,82.82
225911,82.82
229423,82.55
229804,78.79
229804,78.79
229804,80.63
229804,80.63
229804,80.63
230726,77.20
234181,78.05
235122,80.51
235122,80.51
237210,73.77
237585,81.93
238430,81.87
238430,81.87
238430,81.87
238430,81.87
238430,81.87
238430,81.87
238562,81.86
238562,81.86
238562,81.86
238562,81.86
238562,81.86
238562,81.86
242523,76.33
242523,76.33
242523,76.33
242523,76.50
242523,77.50
243236,80.03
243236,80.03
243236,80.03
243236,80.03
243236,80.03
243236,80.16
243612,78.55
243612,78.55
243612,78.75
243612,78.75
243612,78.79
247266,81.20
247266,81.20
247266,81.20
247266,81.20
247266,81.20
247266,81.20
248615,80.19
248615,80.19
250437,70.63
250437,70.63
250437,70.63
250437,70.78
250663,77.69
250663,77.69
250663,77.69
250663,77.69
250663,78.01
251947,60.86
251947,60.86
251947,60.86
251947,60.86
251947,60.86
251947,65.13
256379,80.50
256557,66.95
256557,66.95
256557,68.42
256557,71.26
256557,76.15
256698,72.25
257454,77.89
258813,79.94
259481,80.27
259481,80.27
259481,80.27
259481,80.27
259481,80.27
259481,80.27
260824,76.43
260824,76.43
262448,60.36
262448,60.36
262448,60.38
262448,66.53
262448,70.16
263775,75.83
266955,75.99
266955,75.99
266955,75.99
266955,75.99
266955,75.99
266955,76.67
271407,57.14
271407,57.14
271407,57.14
271407,57.72
271407,62.46
280561,78.66
287849,78.11
287849,78.11
287849,78.11
287849,78.11
287849,78.11
287849,78.11
295129,52.36
295129,52.36
295129,52.36
295129,52.36
295129,54.46
295129,61.62
295354,74.81
295441,77.53
295441,77.53
295441,77.53
295441,77.53
295441,77.53
295441,77.53
298345,77.31
298345,77.31
298345,77.31
298345,77.31
298345,77.31
298345,77.31
299776,69.88
303584,76.91
303584,76.91
303584,76.91
303584,76.91
303584,76.91
303584,76.91
306018,68.27
306845,76.67
306845,76.67
306845,76.67
306845,76.67
306845,76.67
309288,36.06
311482,76.31
311482,76.31
311482,76.31
311482,76.31
311482,76.31
318381,75.79
318381,75.79
318381,75.79
318381,75.79
318381,75.79
323476,52.42
323476,52.42
323476,52.42
323476,52.42
323476,52.42
323476,69.74
325461,68.41
325461,68.41
325461,68.41
325461,68.41
325461,68.41
328138,75.05
328138,75.05
328138,75.05
328138,75.05
328138,75.05
334003,74.60
334003,74.60
334003,74.60
334003,74.60
334003,74.60
334003,74.60
338000,74.30
338000,74.30
338000,74.30
338000,74.30
338000,74.30
338000,74.30
340899,74.08
340899,74.08
340899,74.08
340899,74.08
340899,74.08
340899,74.08
364422,68.20
372690,71.66
372690,71.66
372690,71.66
372690,71.66
372690,71.66
372690,71.66
374943,71.49
378246,62.54
378246,62.54
378246,62.54
378246,62.54
378246,62.54
378246,62.54
381812,52.37
381812,52.37
381812,52.37
381812,52.37
381812,59.30
381812,60.92
385218,52.12
385218,52.12
385218,52.12
385218,52.12
385218,52.12
386331,70.62
390856,70.28
395170,68.21
395170,68.21
395170,68.21
396093,63.75
396093,63.75
396093,63.75
396093,63.75
399034,69.65
400777,58.27
400777,58.27
400777,58.27
400777,58.27
400777,58.27
407730,68.99
410418,68.79
421204,67.97
421326,67.96
421326,67.96
432452,67.11
432452,67.11
432452,67.11
432452,67.11
432452,67.11
443508,64.98
461540,64.90
461540,64.90
461540,64.90
476722,58.74
485704,51.01
512090,61.06
512090,61.06
512090,61.06
512090,61.06
512090,61.06
512090,61.06
519643,60.48
526791,59.94
526791,59.94
526791,59.94
526791,59.94
526791,59.94
526791,59.94
542586,58.74
542586,58.74
542586,58.74
542586,58.74
546208,42.91
591955,54.98
591955,54.98
591955,54.98
591955,54.98
591955,54.98
619954,52.85
619954,52.85
619954,52.85
619954,52.85
619954,52.85
619954,52.85
625673,51.91
639117,10.51
639117,45.33
639117,45.33
639117,45.33
639117,45.33
640722,50.37
652566,43.84
652566,43.84
652566,43.84
652566,43.84
657703,49.98
657703,49.98
657703,49.98
657703,49.98
667009,44.93
724185,41.88
724185,41.88
726400,44.76
764291,41.88
764291,41.88
764291,41.88
800138,39.15
840727,0.00
840727,0.00
840727,0.00
840727,0.00
840727,0.00
888104,15.91
888104,15.91
888104,15.91
888104,15.91
888104,15.91
888104,28.69
888223,7.09
1002085,23.79
1002085,23.79
1002085,23.79
1002085,23.79
1002085,23.79
1019344,22.48
1210797,7.92
1274910,3.05